13.3,348.4
13.08,353.1
11.34,354.2
13.42,353.1
10.91,341.8
13.45,349.9
13.67,351.4
12.79,346.1
12.71,348.0
10.36,354.8
8.07,359.8
8.23,356.0
7.22,357.5
7.05,359.1
6.97,0.3
6.74,356.3
6.38,354.5
5.96,354.9
6.28,352.4
8.23,356.7
8.92,357.8
9.14,0.8
8.84,2.4
8.71,6.7
9.42,8.4
9.4,9.4
9.28,10.2
8.79,13.3
8.16,12.3
7.29,4.8
7.95,4.0
8.12,359.8
9.07,0.0
6.13,7.8
4.94,16.7
3.83,16.7
3.7,4.1
3.79,353.3
3.9,351.8
3.34,346.7
3.51,337.4
3.76,336.5
3.25,351.2
3.99,344.9
2.28,331.6
1.79,319.3
1.08,304.0
0.9,258.4
1.08,216.4
3.01,215.0
5.22,205.4
5.89,204.0
7.11,199.8
8.18,201.1
9.08,202.3
9.92,205.8
10.05,202.8
9.4,200.6
7.89,195.5
7.38,197.3
8.01,197.9
9.34,196.9
10.58,195.6
10.9,193.0
11.37,195.1
11.04,189.5
13.02,188.4
14.99,192.6
15.81,198.3
16.55,203.6
16.52,206.9
16.24,210.4
15.3,212.8
15.49,215.3
16.32,220.6
15.34,224.1
14.34,230.9
13.86,244.6
14.35,251.9
11.98,263.0
11.51,293.2
8.3,323.0
7.4,337.4
6.9,341.5
6.69,348.1
7.52,358.5
7.27,359.8
7.35,1.1
7.72,1.4
7.4,2.3
7.63,0.0
9.08,4.2
7.89,7.8
7.73,11.0
6.66,12.1
6.46,7.9
6.14,2.9
5.35,5.9
4.67,4.9
3.54,0.9
3.18,358.5
2.08,357.5
2.09,343.2
1.14,335.6
1.04,282.5
1.75,233.8
2.79,229.5
2.42,233.8
2.94,231.7
3.61,238.8
3.83,241.0
3.93,239.4
3.75,225.7
4.29,207.4
4.8,206.2
6.09,201.3
8.59,210.4
8.61,207.8
9.32,207.0
10.51,202.2
11.84,203.7
12.29,205.6
12.21,205.7
12.95,211.4
13.1,218.1
12.85,221.2
12.9,221.3
12.55,221.2
13.51,223.7
11.8,223.5
9.32,219.9
8.96,216.1
8.73,211.7
8.6,205.1
9.21,204.7
10.04,206.8
9.11,204.0
9.91,199.7
10.03,188.7
11.53,193.8
12.7,198.7
13.01,206.7
13.49,208.1
13.58,231.1
10.43,275.6
10.85,297.8
12.2,311.2
11.02,313.2
11.27,315.8
10.88,317.6
12.12,322.1
11.67,319.7
11.23,322.6
8.13,326.0
7.87,332.3
6.64,328.2
6.44,329.6
6.54,327.4
5.49,330.0
5.4,338.3
4.88,342.0
4.44,340.4
5.18,337.7
4.56,2.3
4.52,4.5
5.32,46.6
2.78,75.6
1.87,64.0
1.27,35.2
1.42,43.9
1.13,31.2
1.56,25.4
1.35,16.1
1.56,20.4
1.96,9.5
2.56,352.9
3.86,356.4
4.34,350.2
2.9,358.8
4.4,354.6
4.81,1.9
4.22,17.5
4.51,34.4
5.24,31.3
6.71,29.8
7.08,23.6
7.37,19.4
8.49,19.6
7.77,15.0
9.17,6.2
7.93,14.0
5.79,37.1
8.45,5.3
9.4,2.2
6.78,355.0
8.32,15.2
8.01,17.7
7.13,5.4
8.85,19.2
9.86,12.7
8.5,8.7
10.62,354.4
8.19,358.1
10.57,7.0
8.0,7.9
7.85,7.2
7.65,0.0
7.88,11.0
8.35,8.5
6.06,349.1
7.25,7.9
5.88,7.6
5.33,15.8
6.53,7.3
5.55,13.3
5.9,320.8
6.77,321.8
8.77,328.2
7.6,316.2
7.94,328.3
8.26,330.9
8.01,326.9
7.89,316.5
8.43,320.0
9.71,322.3
10.56,322.2
8.93,321.4
8.49,319.1
9.21,318.4
10.06,318.0
10.73,315.1
10.34,313.2
10.87,313.7
11.28,316.1
10.14,309.5
9.95,304.6
10.15,315.3
9.14,317.3
8.13,308.7
8.26,300.4
8.03,301.9
8.38,292.2
8.07,285.1
7.17,279.3
7.55,271.6
8.79,265.9
9.51,266.4
10.47,258.7
11.7,257.7
10.52,263.6
7.93,252.2
7.73,242.4
5.78,241.7
5.64,239.3
5.36,247.4
7.15,274.8
10.24,302.1
9.89,317.7
12.1,329.5
13.71,347.4
16.07,345.7
11.84,352.9
14.73,355.4
13.1,355.9
13.16,359.0
13.06,353.0
10.79,349.3
10.92,341.2
12.33,337.3
10.23,338.4
10.83,335.6
9.71,344.5
7.91,330.3
11.81,332.2
10.8,336.5
9.79,328.2
10.3,315.0
11.06,314.3
10.51,310.2
10.62,307.0
10.81,307.9
9.07,309.6
8.57,311.4
8.45,310.4
8.16,311.5
7.19,301.4
8.07,290.0
7.98,295.1
8.2,280.6
9.12,281.8
8.9,284.8
8.02,291.8
8.09,296.4
8.2,300.5
7.75,303.4
7.76,301.6
7.59,296.3
6.07,283.3
4.66,277.5
4.69,272.9
5.11,270.6
5.34,269.0
5.96,262.2
5.96,249.3
6.86,240.8
6.28,232.0
9.32,235.4
9.62,227.9
10.33,227.6
10.66,230.0
11.12,231.4
10.97,233.0
11.35,238.1
11.94,239.6
12.71,240.6
13.56,244.9
13.9,247.4
13.58,252.0
13.4,251.8
13.08,249.3
12.46,249.8
9.75,251.4
7.77,247.8
6.49,243.4
5.95,242.9
5.48,244.3
4.93,243.1
4.42,243.5
3.74,236.9
3.03,224.9
4.03,212.5
7.2,217.5
8.93,223.6
8.98,212.0
11.13,222.2
12.14,222.7
12.11,222.8
12.62,225.3
12.86,226.3
13.5,225.9
13.53,225.2
13.07,223.1
12.04,219.0
11.29,215.7
10.68,211.2
11.59,219.1
10.37,215.1
7.87,202.0
8.92,199.4
9.9,199.1
10.67,187.3
11.76,193.9
12.85,194.7
13.82,196.2
15.22,191.8
16.93,194.2
15.49,195.3
16.47,200.8
16.55,202.1
15.87,202.3
15.8,204.7
16.4,206.2
17.32,206.9
16.73,209.5
15.81,208.8
14.32,209.3
14.11,207.6
15.6,208.9
14.96,213.6
15.08,207.5
14.48,209.1
15.91,211.5
14.37,210.4
13.09,205.5
12.28,203.0
11.8,204.7
11.39,207.3
10.38,199.8
10.61,193.2
9.6,188.8
9.84,194.8
10.54,201.0
10.6,202.0
12.3,213.3
13.78,224.0
14.31,233.8
13.48,235.1
11.22,242.3
11.68,263.2
11.48,284.9
9.5,299.0
10.24,316.9
12.2,317.9
14.94,357.3
10.03,1.5
11.0,357.6
10.51,358.4
9.61,1.3
9.51,1.9
8.8,4.0
8.58,3.6
8.36,4.0
8.59,8.1
8.72,3.7
8.81,9.2
8.42,12.2
8.76,21.4
8.25,29.1
8.52,41.9
8.11,48.8
8.0,57.8
7.49,65.7
6.9,74.2
5.29,90.0
3.65,119.0
3.99,147.0
2.49,146.6
3.3,188.7
3.1,188.5
3.13,191.6
3.1,210.0
3.23,218.5
3.81,209.6
4.99,204.7
4.03,201.0
4.84,187.4
5.87,169.7
8.21,178.6
9.6,180.2
10.81,180.4
12.83,186.5
12.55,192.8
11.48,206.9
12.61,221.6
14.52,227.7
14.69,232.5
15.1,235.4
14.58,238.2
15.37,238.2
15.02,245.2
14.22,245.0
12.0,253.7
9.39,248.8
8.32,250.7
7.63,264.3
6.84,270.8
6.34,271.4
4.84,270.5
3.8,270.9
3.07,293.1
1.72,17.3
1.72,66.2
2.2,87.3
2.67,97.2
2.83,113.1
3.77,147.1
4.8,182.8
7.58,186.7
8.45,192.3
10.71,214.6
13.7,224.7
15.24,224.9
16.31,233.7
15.72,232.3
15.6,232.3
14.05,232.0
13.94,231.2
11.31,230.2
10.92,227.3
10.63,221.9
9.96,224.3
9.08,226.1
8.56,220.8
10.33,213.2
9.77,229.6
8.92,236.3
10.26,261.4
10.4,337.7
10.64,5.5
11.55,359.4
10.84,353.7
10.92,351.8
10.9,350.6
10.88,352.1
10.78,355.7
10.49,359.1
7.61,3.3
9.72,0.3
7.36,1.1
7.27,354.7
6.16,355.7
6.16,340.9
5.22,347.2
4.66,345.9
3.41,342.3
2.64,351.0
1.61,357.4
0.76,61.7
2.14,102.0
3.71,124.8
5.12,143.8
6.9,155.7
8.42,160.6
9.25,170.5
11.11,178.7
13.08,186.3
14.21,188.4
15.11,192.5
16.16,195.1
15.36,197.3
15.43,202.1
16.83,211.9
16.23,212.5
15.79,216.1
12.43,221.8
12.8,227.6
11.7,227.6
12.71,250.2
14.68,254.5
14.32,255.0
13.1,267.2
10.77,262.1
11.88,267.0
12.28,264.1
12.43,272.2
12.09,278.1
12.98,296.3
11.02,315.3
10.56,336.8
8.95,344.9
9.25,346.8
9.32,353.2
8.2,9.2
6.88,23.3
6.24,28.3
4.36,29.2
3.69,21.3
3.24,11.0
2.2,17.4
2.19,32.8
1.59,61.5
1.82,94.1
2.54,108.8
2.28,114.8
3.65,124.0
4.12,131.5
6.33,126.5
7.08,139.8
7.47,138.6
7.21,141.6
8.51,145.2
9.27,145.0
9.55,149.3
9.15,149.1
9.55,147.0
10.16,146.8
10.37,150.6
9.76,145.4
9.33,141.6
9.48,140.3
8.86,142.2
7.58,138.6
5.83,132.8
5.76,123.5
7.45,126.7
6.87,128.8
7.34,112.1
7.16,120.2
7.0,102.1
7.62,96.5
8.48,97.0
8.06,94.9
7.86,97.0
8.11,95.4
8.33,97.8
8.56,102.8
8.23,104.2
7.51,91.7
6.28,78.2
7.13,74.4
8.25,71.2
7.91,70.1
8.56,46.6
7.58,327.9
11.56,1.3
12.04,12.6
8.05,26.4
8.41,351.0
9.5,347.3
10.31,349.4
10.75,353.2
10.59,351.7
9.94,354.5
9.83,355.4
9.8,351.9
8.96,345.3
8.6,344.9
8.19,340.8
7.97,336.8
8.36,339.4
7.06,334.1
8.09,328.2
9.21,318.3
10.85,318.6
10.33,320.5
9.63,321.4
8.37,320.4
7.97,302.9
9.64,305.5
7.26,311.8
7.98,311.8
8.23,315.9
9.53,322.6
9.81,325.6
9.29,329.2
8.27,326.3
7.56,326.7
7.06,325.7
8.53,328.0
8.96,334.1
8.15,343.1
6.01,346.8
3.73,331.0
2.9,321.4
2.21,336.1
2.06,238.5
3.21,209.8
5.01,193.1
6.24,188.6
7.94,184.2
9.36,180.4
11.16,182.5
12.25,184.7
11.17,184.1
9.96,188.5
11.26,191.9
12.65,199.4
12.63,203.0
12.65,206.5
10.52,211.4
9.5,216.6
7.51,230.1
6.83,254.2
8.84,332.7
12.68,341.9
14.58,345.8
14.26,0.8
12.56,4.2
10.24,4.0
13.37,7.7
11.35,8.5
10.33,9.2
11.11,10.1
10.21,10.1
9.86,12.7
9.17,17.4
8.45,18.0
7.74,20.4
7.16,18.2
6.57,15.1
6.3,13.2
5.55,12.3
5.05,12.2
5.11,14.7
4.47,14.4
4.03,12.7
4.7,12.0
3.31,13.8
2.64,13.2
2.17,12.8
1.65,23.0
0.63,224.9
0.93,260.6
0.58,291.1
0.07,312.3
0.88,198.9
1.5,193.0
2.66,195.7
3.64,198.2
4.86,193.6
4.96,198.6
5.49,197.2
4.2,201.6
4.63,204.3
5.06,201.8
5.59,201.1
6.3,202.2
6.35,202.9
6.38,202.4
6.33,195.7
8.0,197.4
8.07,195.5
10.55,189.1
11.16,193.6
11.74,193.6
12.55,196.6
13.01,204.6
13.42,211.0
13.0,216.1
13.16,218.0
13.44,220.1
13.24,217.9
12.7,216.5
12.54,214.5
12.32,214.1
10.37,215.2
7.91,207.7
8.68,203.1
8.93,201.7
10.05,200.3
10.29,199.4
10.74,200.3
10.68,191.6
9.43,186.8
11.65,188.8
11.01,189.6
10.13,191.4
11.54,190.5
11.01,192.3
11.12,192.1
12.57,193.6
12.16,196.1
13.63,192.6
14.28,197.1
15.46,199.9
13.92,209.7
14.91,205.7
12.86,211.1
14.88,213.1
14.01,213.4
14.49,214.6
13.27,216.9
11.72,216.6
10.6,219.0
10.25,220.4
7.64,227.4
6.15,232.6
4.42,220.9
5.02,205.5
6.58,213.1
7.77,205.2
9.03,209.9
9.47,207.1
10.53,216.1
10.2,215.5
8.36,220.9
9.23,224.8
7.53,228.5
7.32,219.5
5.76,224.4
8.02,220.0
8.99,218.1
8.93,221.1
6.4,245.7
5.92,247.9
5.03,255.9
4.4,256.6
4.96,278.4
5.42,291.7
5.63,307.6
4.8,320.2
4.48,326.9
4.3,351.7
4.0,10.3
5.67,19.4
5.89,9.0
5.94,16.4
5.9,26.8
5.42,42.5
4.05,50.0
4.09,44.9
3.85,44.3
3.39,54.8
3.98,61.6
4.42,85.1
5.1,103.6
5.43,109.0
4.68,108.2
5.21,121.5
4.45,111.8
3.97,121.1
4.22,124.3
4.22,128.6
5.81,116.1
6.06,129.0
7.33,130.8
9.03,126.6
9.92,133.5
9.5,133.5
10.06,138.1
10.0,149.8
10.73,145.8
11.81,156.3
11.52,164.0
11.12,168.7
12.39,170.2
12.59,176.3
10.88,176.2
10.14,173.7
12.25,176.3
9.12,176.4
8.93,172.3
10.08,181.4
8.9,180.1
9.97,186.1
9.28,189.0
9.04,185.2
8.86,190.3
8.41,187.6
7.47,196.4
6.49,188.1
6.07,174.6
5.16,182.3
14.7,343.9
10.46,335.6
10.92,338.6
10.51,338.0
11.04,340.2
11.64,338.1
11.23,337.9
9.77,340.7
9.28,335.6
10.16,337.3
9.11,339.1
10.55,335.9
10.55,335.4
10.4,338.8
9.46,342.4
8.81,342.9
8.72,343.2
8.44,343.6
9.03,347.3
8.64,349.3
9.39,351.8
8.74,347.7
9.24,353.3
9.92,355.0
8.75,357.6
9.71,3.4
10.87,1.2
11.11,4.4
10.76,3.1
10.66,2.1
10.62,355.7
10.46,4.5
10.88,4.3
10.83,1.6
9.31,356.2
8.9,357.5
7.78,352.1
8.93,357.8
8.7,359.9
8.31,359.9
8.03,359.8
7.82,358.3
7.82,358.6
7.6,0.7
7.05,359.6
7.54,357.4
6.98,4.7
6.21,6.9
6.29,13.8
6.45,16.3
6.64,18.4
7.03,24.3
6.83,32.0
6.68,40.7
6.08,46.3
4.76,45.3
4.01,32.2
3.4,23.3
3.25,18.2
2.99,10.8
2.35,4.5
1.8,30.7
2.02,37.4
1.86,30.9
1.85,27.4
1.9,16.1
2.08,7.9
1.49,29.7
1.67,44.9
2.46,50.3
2.54,56.0
1.69,80.8
1.78,120.1
2.4,131.6
3.54,138.7
3.12,157.2
2.92,162.8
3.11,154.7
2.47,159.6
2.56,152.1
2.82,156.0
2.82,170.4
2.63,162.1
1.99,145.8
1.5,131.1
1.18,139.8
1.43,145.2
1.13,97.0
1.45,56.8
2.52,40.1
2.78,31.3
3.31,38.2
3.93,38.7
4.41,48.4
4.34,49.1
3.58,75.0
2.08,48.7
4.62,355.4
7.35,353.0
10.7,358.2
9.87,353.2
9.86,352.6
9.53,351.2
8.75,350.9
7.71,350.6
7.1,346.8
6.62,341.5
6.41,339.1
5.71,344.0
5.03,344.4
5.11,348.4
4.69,351.5
3.95,355.1
3.26,0.9
2.47,0.8
1.74,18.2
1.36,36.0
1.79,68.0
1.69,84.9
2.5,99.0
2.99,102.2
3.11,112.3
3.14,130.3
3.87,139.9
4.77,142.4
5.12,141.8
5.01,139.8
5.39,140.5
4.8,146.3
5.59,159.3
6.14,160.4
5.91,163.3
4.42,161.2
4.92,161.0
5.08,170.4
5.36,175.0
5.63,173.2
5.99,174.5
7.34,188.0
6.24,180.7
6.4,172.3
6.8,170.4
7.02,162.9
7.1,169.8
6.76,167.9
8.37,181.1
9.41,187.5
11.94,185.4
8.19,207.3
7.77,231.5
7.91,237.2
9.31,257.7
9.53,322.8
10.51,324.8
9.97,331.5
10.21,326.8
9.16,328.3
8.27,328.2
8.91,332.5
8.11,331.7
8.45,337.8
8.41,342.3
9.32,344.9
9.0,349.9
8.34,359.2
8.2,4.8
8.03,13.0
10.07,11.0
9.15,13.9
9.17,15.9
8.49,19.5
9.16,23.3
8.31,28.2
9.2,34.4
10.23,37.1
10.6,32.5
8.32,40.1
7.32,28.8
8.89,25.6
7.54,17.3
9.01,28.7
7.82,21.4
8.62,25.5
8.13,24.4
8.05,23.4
7.31,27.5
7.18,27.8
7.08,33.6
7.08,38.4
6.95,47.3
6.99,56.1
7.16,53.9
7.75,64.9
7.62,57.7
7.02,59.5
6.26,62.2
5.89,62.1
5.44,63.4
5.24,65.2
4.89,71.0
4.51,77.9
4.49,82.0
4.5,91.5
4.34,95.4
5.36,102.9
5.67,112.2
5.78,114.9
5.93,118.5
5.82,125.0
5.94,131.7
5.87,144.3
6.73,151.3
8.2,156.9
4.4,125.7
6.96,152.2
6.38,149.8
5.25,147.8
5.71,159.5
6.36,154.1
5.3,130.2
7.16,150.4
6.69,155.5
5.34,181.3
9.36,149.8
9.37,163.3
9.56,170.8
7.48,171.5
7.04,176.9
3.74,172.2
6.06,182.3
9.46,194.8
5.54,207.3
5.88,218.5
6.39,222.5
6.5,232.9
6.72,237.8
6.7,230.2
9.52,225.8
10.35,230.2
10.7,231.5
11.01,243.4
11.89,260.7
11.18,257.4
9.58,243.8
9.63,245.5
9.53,231.7
10.47,235.1
2.53,287.1
2.52,301.1
6.41,251.3
6.53,270.4
6.97,259.2
5.92,247.9
3.14,249.0
2.72,233.3
2.25,178.2
3.17,180.6
4.4,160.3
5.24,141.4
6.36,114.9
6.96,119.5
8.37,119.1
8.85,133.8
9.41,148.0
9.23,159.0
10.61,175.6
11.44,187.9
10.76,202.8
8.51,181.1
9.7,185.7
9.93,191.1
9.44,194.5
9.5,200.5
8.75,208.7
5.67,228.7
4.3,216.6
6.3,219.9
6.34,236.0
7.68,259.3
7.61,265.1
8.23,255.6
8.85,257.0
9.52,262.0
10.38,262.0
8.07,274.3
9.55,288.3
10.31,286.0
9.31,294.9
11.09,287.5
10.75,289.3
13.45,316.2
11.7,332.9
10.84,329.3
9.96,331.0
9.6,332.4
9.06,337.6
9.63,348.4
9.12,343.9
8.07,343.1
8.32,345.9
7.12,2.5
7.01,357.7
6.52,3.1
6.95,6.8
3.91,5.4
4.69,4.1
4.62,21.7
5.56,23.9
4.76,37.8
3.03,48.7
3.18,38.2
5.42,43.5
4.02,52.4
3.87,68.6
4.04,61.3
4.29,64.4
4.07,83.8
2.98,79.5
3.41,101.4
4.82,88.1
2.1,98.7
3.55,85.8
4.15,102.5
4.35,116.1
4.3,99.9
3.78,109.8
2.49,67.0
2.54,50.4
2.7,41.3
3.3,63.8
2.34,35.1
2.81,62.5
3.39,65.6
2.61,70.0
3.19,86.4
4.31,91.4
4.09,83.6
3.64,87.6
3.4,71.3
4.69,63.4
5.84,64.0
5.27,44.9
6.9,53.1
5.27,323.5
5.5,31.5
7.81,30.1
8.05,56.6
8.85,41.5
6.64,51.3
5.65,26.5
6.66,25.0
8.06,18.4
6.34,11.8
5.89,1.5
7.89,356.7
7.8,350.5
6.64,1.0
6.82,346.1
9.09,356.6
6.47,352.6
7.15,342.9
9.09,342.5
8.89,346.8
7.74,347.2
7.34,343.4
6.62,339.4
6.59,333.8
6.15,332.1
5.28,330.0
5.29,327.3
4.37,310.1
3.17,296.2
3.07,295.7
2.95,291.9
3.0,292.3
2.99,307.8
2.05,326.2
0.9,344.7
1.43,87.3
3.17,121.2
4.51,141.5
6.37,160.4
7.44,156.1
7.72,161.1
8.31,159.0
8.77,154.4
10.61,164.4
10.62,163.0
10.34,160.2
10.6,165.9
10.34,164.7
6.64,156.0
9.51,169.3
9.53,173.0
12.8,187.1
14.57,191.1
14.14,186.8
15.25,194.7
14.43,199.3
13.64,203.0
11.39,209.3
10.48,215.9
8.92,217.7
9.04,242.9
8.49,255.2
8.8,250.1
8.55,289.8
11.99,310.5
10.4,313.6
12.01,314.4
10.69,309.4
10.76,310.2
10.39,309.9
8.82,315.5
6.8,318.4
3.63,334.9
0.81,262.0
1.75,219.7
2.88,213.5
3.69,212.5
4.09,217.8
3.15,209.9
4.12,206.4
5.71,207.7
7.01,205.5
7.13,203.9
7.32,200.2
8.93,205.5
8.01,203.8
11.08,196.6
12.34,195.0
11.46,193.6
12.1,200.7
13.12,208.2
15.19,215.3
14.63,220.8
15.26,225.0
15.18,227.1
15.51,229.6
14.72,240.2
13.87,247.9
13.6,248.3
13.65,250.5
14.21,251.7
12.76,261.2
12.57,268.1
12.02,270.7
10.52,271.6
10.22,272.2
9.6,274.4
9.93,272.6
8.63,271.4
7.62,265.2
7.77,264.1
8.78,262.6
10.12,255.8
11.7,240.2
13.69,245.7
13.81,242.2
15.92,239.8
17.06,246.2
16.89,252.9
16.88,255.3
17.32,255.5
18.56,259.1
18.41,261.3
17.25,269.8
18.18,274.2
17.88,282.6
13.9,288.6
12.27,289.5
12.34,288.3
10.26,292.6
9.5,294.7
9.15,304.1
8.65,324.6
10.01,348.4
10.76,2.6
11.76,12.9
11.38,12.0
11.87,8.0
13.03,5.6
11.5,7.0
12.41,7.7
12.97,5.8
12.12,3.8
13.35,5.3
12.1,4.6
12.13,359.8
9.32,359.4
10.01,4.9
10.66,7.8
8.3,5.7
8.07,11.2
7.95,9.6
7.53,0.8
7.0,358.4
6.77,4.9
7.59,3.4
6.9,7.8
7.05,8.8
5.91,16.0
4.94,28.1
4.2,31.3
2.89,46.7
1.56,63.9
0.33,104.1
0.48,225.1
1.78,193.6
2.93,195.2
4.31,199.5
4.86,201.8
5.85,199.6
6.85,204.9
7.81,204.1
8.66,204.8
7.09,207.6
6.21,208.0
7.22,204.0
7.24,197.5
7.27,192.6
7.77,183.9
8.27,184.1
8.48,182.8
10.0,182.1
9.55,176.2
9.85,171.9
10.6,170.5
11.19,173.3
12.28,178.9
12.65,189.8
12.78,194.6
12.88,195.9
12.79,197.4
12.47,199.5
12.38,199.0
11.67,196.1
11.51,197.5
11.56,197.9
11.98,202.2
10.45,197.4
10.35,195.4
9.66,192.4
9.21,190.1
9.56,188.9
9.38,187.7
9.15,185.8
9.36,182.5
7.94,176.7
9.75,169.3
10.15,166.1
11.75,173.6
11.44,176.4
11.46,181.1
11.09,181.4
9.21,181.7
5.41,160.3
6.98,167.1
6.3,164.1
4.4,139.7
4.37,160.0
3.33,151.8
3.25,106.3
4.1,122.8
3.83,107.7
3.83,118.9
3.68,119.4
5.18,112.2
6.01,109.0
5.42,111.0
5.83,113.2
4.61,101.1
5.41,107.6
6.74,111.7
7.19,112.1
7.65,104.5
7.89,114.8
8.45,135.1
7.32,140.9
8.33,146.9
9.72,153.1
10.3,154.4
9.14,153.5
9.11,150.6
9.31,153.5
9.09,151.0
9.0,157.0
8.93,160.0
9.1,163.9
11.16,172.2
11.61,175.9
11.02,176.4
11.7,178.8
13.19,189.7
13.07,186.8
12.53,186.7
13.27,193.7
13.11,184.0
11.61,184.2
13.76,190.8
14.81,200.4
13.79,205.8
13.89,215.6
9.27,218.4
9.75,215.3
11.08,209.9
12.02,210.5
11.73,210.7
12.14,211.8
11.81,214.8
11.91,215.0
11.39,216.0
10.04,220.0
9.57,220.8
9.74,218.5
8.89,218.1
8.34,212.9
8.37,220.7
8.94,220.6
8.82,207.9
7.03,216.7
6.52,191.8
10.85,177.4
10.89,177.2
11.0,192.3
11.54,197.0
13.65,211.5
14.13,222.3
14.48,237.7
14.05,230.8
13.45,230.7
13.1,246.2
12.79,266.6
11.11,273.2
11.39,290.2
12.26,310.4
10.13,315.4
9.5,329.9
6.97,335.6
6.62,340.5
6.29,343.5
5.67,344.9
5.44,351.7
5.13,351.2
4.88,0.4
6.33,18.7
8.2,17.8
9.39,19.2
9.6,22.9
10.31,29.3
10.42,30.0
11.04,27.7
10.34,23.5
10.13,20.9
9.8,22.3
9.84,30.9
8.99,34.4
7.51,40.5
7.18,33.6
3.82,9.5
2.31,330.2
6.27,337.3
4.79,334.7
4.59,330.3
4.58,325.4
5.35,312.1
7.11,315.7
7.08,313.1
8.94,316.6
7.65,318.1
8.68,308.4
7.02,321.9
6.21,333.8
5.42,310.2
5.13,289.9
6.58,285.1
7.04,273.9
7.37,258.6
8.71,244.8
9.29,242.8
9.17,243.4
10.45,239.6
10.85,238.3
9.74,241.1
8.3,242.6
7.29,238.3
7.16,236.0
7.7,237.8
7.44,238.1
7.45,243.5
6.51,245.3
5.51,256.5
5.29,268.4
2.5,267.4
3.14,299.8
3.35,312.9
2.72,319.6
1.08,2.1
1.95,45.1
2.62,59.6
6.21,195.8
7.25,223.1
9.53,234.5
9.4,241.5
9.44,230.3
9.44,233.7
9.0,232.1
8.84,227.1
6.93,218.5
5.92,212.0
5.99,202.3
6.17,190.3
6.99,177.9
9.25,170.4
9.89,171.5
10.17,172.4
11.18,173.6
9.7,172.5
11.09,171.3
11.36,172.5
12.66,179.2
13.88,182.1
14.56,185.2
15.41,186.5
15.61,187.6
16.01,191.2
17.28,192.4
16.53,193.0
15.39,192.4
15.38,194.6
13.05,193.5
13.41,191.6
11.73,188.4
14.53,192.1
15.46,187.4
14.99,188.7
15.79,184.9
16.06,187.2
16.67,180.5
15.61,177.0
15.23,171.8
14.13,172.1
14.14,170.3
15.68,171.9
16.17,173.6
17.9,177.2
15.55,180.3
15.39,178.9
15.18,179.6
15.55,183.0
15.74,185.2
14.31,184.5
17.66,186.3
17.85,185.9
19.48,189.3
19.32,188.6
17.04,187.6
17.25,186.8
16.76,184.3
14.61,184.3
14.47,183.7
15.25,180.7
14.49,186.3
14.18,180.4
14.03,170.9
12.72,170.3
12.63,168.4
13.31,174.3
11.89,167.7
12.35,168.3
13.59,176.3
10.46,173.3
10.15,176.7
10.33,172.4
9.1,179.7
9.27,176.7
8.23,176.6
3.88,137.0
5.54,148.3
7.14,175.7
5.59,174.0
3.77,166.5
3.34,172.5
3.73,184.1
14.12,352.5
14.0,352.2
15.11,358.5
13.98,0.1
13.58,3.1
13.83,2.0
13.57,0.1
13.18,2.3
12.5,3.5
12.17,2.9
12.1,2.8
12.6,5.9
11.38,9.8
10.6,9.3
9.61,16.5
10.58,18.6
10.41,25.1
10.21,31.0
10.68,35.2
10.38,38.6
9.04,38.1
10.11,40.3
9.2,48.9
8.33,39.2
8.97,51.4
8.91,50.8
9.03,51.8
8.43,59.3
6.75,65.7
6.35,71.3
7.38,84.8
2.52,59.8
6.04,92.6
8.02,84.0
7.16,81.3
3.83,115.6
3.77,77.0
2.33,28.2
3.29,76.5
3.13,71.3
2.79,63.8
3.53,63.1
4.82,85.9
6.45,97.2
7.44,89.4
7.7,95.6
3.28,88.0
4.15,93.8
6.14,92.5
4.54,86.6
3.84,59.7
5.38,69.5
4.03,78.2
2.55,94.6
3.34,102.8
4.03,116.0
3.27,99.5
2.53,114.9
2.86,98.0
1.34,81.0
1.48,86.2
0.86,76.8
0.54,109.9
0.68,295.9
1.95,295.1
2.48,302.7
3.26,295.5
3.34,147.5
4.18,278.7
4.06,272.8
3.81,261.5
3.65,234.2
5.0,219.3
5.86,216.2
6.83,208.6
8.06,211.2
8.78,215.2
8.67,207.8
9.17,188.2
10.78,187.1
12.8,196.1
13.41,196.1
13.53,199.9
13.59,198.0
13.46,197.5
13.89,209.3
13.89,221.5
15.14,227.2
15.02,228.0
14.67,230.2
14.7,230.9
14.0,232.4
14.22,232.8
11.76,231.7
10.49,233.0
9.29,232.7
8.53,238.5
7.43,238.0
7.23,238.7
7.14,232.3
6.55,220.9
8.77,223.2
6.91,215.6
5.99,208.1
6.72,174.3
10.73,190.1
12.84,199.7
13.56,204.7
14.31,213.3
14.14,215.0
13.4,218.9
13.18,219.2
12.45,215.3
10.48,211.7
6.67,201.2
5.82,202.7
7.34,201.5
6.8,207.2
6.44,202.4
6.18,196.7
6.01,183.8
7.22,181.9
8.45,171.9
9.18,176.2
9.81,183.6
9.24,173.5
9.78,170.4
9.98,168.6
9.27,163.7
9.39,168.1
9.33,173.8
10.36,176.9
10.86,178.7
11.82,184.2
11.92,184.6
11.83,193.9
11.0,191.5
11.42,193.1
11.57,192.6
8.42,185.4
7.15,182.5
7.1,180.3
8.96,189.9
8.71,180.7
8.7,187.8
9.34,180.6
10.47,173.2
9.76,177.2
11.43,181.2
9.99,174.0
9.7,169.2
10.39,176.2
9.8,172.0
10.35,175.6
11.31,178.3
10.82,179.5
10.8,182.9
11.45,186.8
11.13,188.5
10.37,190.1
10.38,191.2
10.4,192.8
9.91,192.3
10.71,193.7
10.61,195.2
10.08,191.2
9.69,194.5
9.03,194.7
8.61,195.6
8.26,192.6
7.91,189.6
7.7,190.5
7.31,183.5
8.0,172.2
8.3,178.8
9.37,174.1
11.14,180.8
11.24,185.0
10.68,188.9
11.08,190.5
10.87,192.6
11.05,196.1
10.81,196.2
9.9,192.1
9.88,185.4
9.61,186.6
10.56,190.1
10.08,195.2
8.84,189.7
8.84,182.5
9.67,182.7
9.73,187.9
8.66,192.7
9.84,195.0
9.2,187.9
10.83,191.4
14.32,166.7
12.96,179.5
18.76,169.8
23.41,166.4
5.69,286.4
6.18,210.0
6.66,210.2
4.3,161.4
6.21,164.4
10.35,176.0
12.14,173.6
10.98,174.4
9.26,214.1
6.72,199.4
10.54,191.9
9.27,167.4
10.16,163.8
10.48,175.7
7.29,175.9
11.19,179.8
9.63,168.8
8.91,182.0
7.22,186.3
8.75,174.2
10.4,192.8
8.23,175.1
6.51,163.9
9.07,173.5
9.14,163.5
11.07,171.5
11.7,166.5
9.69,174.1
8.6,174.2
10.05,184.5
9.49,185.6
10.39,183.5
9.05,180.8
9.25,183.8
9.99,167.0
10.13,171.4
12.1,172.4
16.15,179.7
11.94,178.4
13.1,179.3
13.42,174.1
15.01,185.3
13.8,185.3
14.12,179.7
14.89,175.0
13.31,166.9
12.63,163.7
14.67,169.6
15.32,168.7
14.89,169.5
14.48,174.0
15.01,173.7
14.61,172.8
11.59,176.4
12.83,178.2
11.54,169.1
12.16,174.3
12.53,175.1
13.91,183.3
13.96,177.8
13.95,181.8
12.47,183.1
13.01,180.3
11.49,190.0
15.69,187.2
12.8,178.9
14.11,168.6
12.61,179.4
15.94,248.7
8.87,276.6
6.05,154.5
5.97,49.6
6.98,301.7
4.68,351.7
3.61,330.4
4.38,6.2
2.36,316.5
3.51,20.4
1.7,12.6
2.82,340.8
5.84,25.3
4.08,19.9
4.08,350.0
3.69,4.2
2.04,39.9
1.0,52.8
0.86,233.5
3.44,231.2
4.46,236.1
5.24,231.1
5.76,221.5
6.18,223.3
7.72,223.1
7.71,231.3
7.4,231.4
4.54,189.0
5.9,184.5
6.17,197.1
7.04,199.6
6.68,213.3
5.53,213.0
6.49,202.0
8.1,218.3
8.26,222.0
8.44,226.7
8.6,232.6
8.02,236.1
6.48,228.7
4.27,242.9
3.66,264.9
3.35,265.8
4.19,264.9
5.64,250.5
7.68,255.9
6.1,252.8
6.38,248.4
6.12,242.7
4.26,243.1
4.09,291.3
4.92,226.6
6.04,233.8
6.22,228.3
5.66,215.1
6.61,220.3
4.84,266.8
5.38,309.9
4.98,294.9
4.53,270.2
5.78,227.6
6.38,225.2
7.06,220.1
7.26,209.4
8.58,206.0
8.7,206.6
8.74,223.9
10.02,253.8
10.04,251.6
8.66,247.4
10.58,256.8
9.38,293.1
10.25,321.6
10.32,345.9
8.73,354.8
8.01,3.0
5.85,21.8
6.86,23.6
4.64,23.3
2.2,38.4
0.55,66.4
0.9,5.2
0.64,206.9
1.68,353.5
0.67,199.2
1.19,246.1
1.53,187.9
1.14,243.4
0.96,228.0
0.27,132.0
0.79,170.3
1.17,169.5
1.13,209.5
1.82,167.0
1.69,152.5
2.23,165.8
2.58,184.7
3.62,145.3
4.99,138.9
5.28,143.7
4.34,141.7
6.69,157.3
4.85,168.3
4.86,178.8
5.29,175.7
5.12,179.5
4.87,180.2
5.53,182.3
5.63,181.4
5.84,180.4
5.82,178.6
3.98,168.5
3.27,163.7
3.78,172.7
3.14,180.0
2.26,182.5
1.69,171.9
1.71,157.2
1.95,163.9
2.35,156.5
2.87,143.3
3.98,142.3
4.56,135.3
6.67,126.2
8.9,134.6
9.86,151.2
8.7,168.2
8.76,177.7
9.56,188.6
9.45,190.9
8.97,197.1
8.1,200.2
7.67,202.5
7.29,202.6
6.6,202.4
5.16,192.8
2.42,177.6
3.35,163.5
3.93,152.1
3.86,146.2
3.97,147.7
3.92,144.8
3.89,137.3
4.18,140.4
4.1,136.3
4.8,119.9
5.78,125.5
8.45,126.6
8.22,130.3
8.61,148.0
8.61,151.1
9.44,156.4
8.86,161.4
8.73,165.5
8.44,169.5
8.49,177.2
8.07,179.8
8.11,182.4
7.61,184.2
6.22,192.9
4.25,188.7
5.73,182.4
6.13,173.5
6.37,168.4
6.63,166.3
7.08,160.5
7.03,159.4
7.95,155.8
8.53,150.8
8.45,153.8
8.41,145.7
10.52,155.2
10.16,162.7
9.72,173.1
9.86,180.2
10.01,184.3
11.53,184.9
10.44,189.4
10.64,194.0
10.6,189.0
11.34,182.2
10.98,181.1
10.91,177.1
9.86,177.6
8.63,181.4
8.47,181.8
8.9,181.8
8.39,183.1
8.17,179.8
8.56,184.0
8.24,182.4
8.02,174.9
8.08,176.0
8.3,179.0
9.23,167.2
10.85,166.9
11.89,171.3
12.14,175.8
12.5,182.0
12.38,185.3
12.1,188.9
12.52,196.0
12.17,200.9
10.44,202.6
10.25,200.4
9.24,199.3
8.47,195.8
6.43,192.7
6.42,190.6
6.22,189.3
6.05,184.3
5.48,186.8
5.76,177.7
5.79,178.8
5.38,169.5
5.74,167.3
6.1,151.6
6.83,155.3
8.22,155.9
8.16,157.3
9.9,165.2
8.99,169.7
9.25,173.8
8.86,191.5
9.46,199.3
9.06,201.7
8.39,203.4
7.84,198.0
7.35,203.6
7.45,203.7
7.2,200.0
5.08,215.2
4.14,216.7
3.83,224.3
3.9,206.4
3.68,201.6
2.99,180.0
4.43,170.7
3.89,172.1
4.47,156.1
4.91,152.8
6.36,145.1
8.36,148.1
9.96,147.0
10.06,152.5
10.06,155.5
9.76,161.3
9.94,168.4
8.76,162.1
9.25,166.8
8.18,185.0
7.69,185.4
10.04,195.9
10.6,201.1
9.08,198.0
4.72,196.7
3.61,204.2
4.85,196.9
5.01,170.1
6.46,179.5
5.76,173.6
6.18,173.6
5.78,176.1
7.38,171.3
6.74,182.8
7.33,184.1
9.75,166.4
10.12,154.1
11.73,170.0
11.75,179.2
11.95,188.1
11.95,197.0
12.89,203.1
12.83,211.7
12.54,215.3
13.15,227.4
12.15,236.1
11.02,230.6
12.14,244.7
9.9,253.8
5.51,266.2
2.02,276.7
1.53,228.5
2.54,234.9
2.21,216.7
1.81,204.9
2.36,177.2
2.76,175.2
3.94,160.4
4.05,138.5
6.79,142.2
11.99,151.8
11.37,159.3
12.12,173.7
13.22,181.4
13.02,187.9
12.23,196.0
13.34,203.8
13.33,207.5
13.99,219.7
14.42,220.3
13.26,221.4
13.47,225.0
12.1,223.3
9.85,219.4
9.64,210.4
9.12,205.8
9.8,202.8
10.02,199.4
10.62,195.8
11.0,194.7
10.35,196.3
10.69,191.5
11.87,179.7
12.51,172.4
13.46,171.7
14.32,173.8
14.24,175.3
13.54,183.0
14.13,183.8
14.38,184.6
14.2,187.3
13.48,186.1
12.39,186.9
13.12,180.4
12.66,180.4
11.19,179.3
10.03,182.4
10.61,189.4
8.73,185.8
8.05,176.7
7.2,177.7
7.87,163.0
8.67,167.4
8.13,168.9
8.99,167.3
12.39,327.7
11.12,345.9
12.73,338.2
8.46,232.3
13.26,178.9
9.38,164.1
5.75,124.4
7.48,147.0
7.19,120.2
6.04,131.6
6.05,145.2
6.91,145.6
8.42,170.8
11.09,85.6
7.19,120.7
2.73,98.4
15.26,177.8
5.94,168.2
7.4,195.2
7.47,242.3
6.61,224.8
6.0,253.8
3.92,284.4
4.34,291.5
1.74,325.1
0.55,338.3
1.93,172.2
1.96,177.5
1.99,182.5
5.75,185.3
4.86,197.8
5.19,213.4
5.34,238.7
4.88,250.7
8.42,264.6
9.76,298.4
10.82,310.5
10.63,310.2
10.3,311.0
8.45,311.5
6.98,312.1
6.71,310.5
4.64,302.4
4.17,296.2
3.72,284.7
3.7,281.6
4.4,252.8
4.48,255.0
2.89,248.9
0.77,80.9
1.11,85.7
1.96,348.3
2.52,77.5
2.03,83.1
2.68,127.8
2.0,354.0
2.27,358.9
3.91,18.2
5.38,33.4
4.42,29.0
4.88,2.0
4.79,355.1
5.73,345.7
5.87,331.0
5.48,331.9
4.88,338.8
4.9,341.7
4.02,345.3
3.27,349.0
3.03,348.2
2.46,340.3
3.23,341.8
2.46,356.2
2.64,6.6
4.72,50.8
6.13,58.6
6.56,54.1
7.12,59.0
7.52,62.6
7.69,58.7
7.5,72.8
6.94,82.5
6.52,103.8
5.75,95.7
6.38,100.7
6.78,98.8
7.04,106.3
4.81,112.3
5.52,110.2
6.64,107.0
5.78,116.9
5.56,118.4
5.77,115.1
5.83,119.6
6.05,125.2
6.38,128.5
6.57,136.8
7.04,128.5
9.91,125.0
10.69,126.8
10.91,131.3
10.93,136.9
10.86,145.2
11.32,150.8
11.38,158.9
11.81,163.6
12.47,171.0
11.34,181.0
11.85,184.3
11.61,188.3
10.43,188.2
7.86,185.6
7.73,182.2
8.79,187.6
8.05,189.0
6.21,187.3
6.64,183.7
7.05,181.8
5.99,184.3
4.6,167.9
6.4,160.9
4.46,132.6
4.28,125.9
8.31,318.3
7.66,338.4
2.81,351.3
2.25,36.3
7.12,355.5
6.91,349.9
5.28,5.6
4.2,352.2
4.07,36.3
3.46,45.0
4.5,56.4
5.86,353.7
2.91,26.0
3.41,44.9
2.83,8.0
2.5,21.8
1.62,349.4
1.49,317.9
3.87,312.2
9.67,9.1
8.36,62.6
7.4,135.3
6.1,125.0
5.4,140.8
4.68,134.8
5.2,147.7
5.85,152.9
6.77,169.8
6.26,169.3
6.39,184.9
6.29,184.8
4.41,183.9
3.7,195.4
2.55,164.2
0.84,61.4
1.3,110.9
1.88,128.8
1.96,116.7
2.8,108.5
3.06,118.7
2.98,124.8
2.89,156.9
3.69,163.0
4.66,168.0
6.06,166.9
6.25,163.1
6.35,161.6
7.89,138.2
8.92,149.0
9.58,152.1
9.46,163.9
8.43,179.8
7.2,179.5
10.4,201.1
10.4,232.7
7.49,260.4
7.12,254.3
6.9,263.0
5.44,287.7
5.38,269.3
4.03,240.9
5.48,206.3
6.16,202.1
7.65,199.4
5.79,194.6
4.3,191.2
3.66,183.4
4.29,168.1
3.91,176.3
3.93,164.0
4.02,157.8
5.65,156.6
7.73,157.3
9.03,159.9
9.92,171.1
10.1,179.1
11.0,187.0
10.64,189.8
10.26,195.1
9.98,198.1
11.01,205.5
10.97,212.8
10.38,213.9
8.5,217.8
5.08,208.6
5.25,200.5
4.66,185.3
5.18,169.3
5.24,166.3
4.87,159.9
5.54,149.2
6.15,150.6
5.93,152.4
6.4,143.2
6.57,139.2
8.52,124.6
10.33,131.4
10.5,142.4
10.2,153.1
10.14,146.5
9.5,148.3
7.47,149.8
6.85,146.0
6.0,140.1
6.73,141.8
7.66,151.3
8.53,163.0
9.38,162.0
8.06,159.8
9.17,160.8
8.44,156.3
8.68,178.8
8.89,168.8
8.74,185.1
8.31,187.8
9.28,174.1
10.2,163.2
9.51,170.8
9.63,151.1
10.17,154.0
11.16,154.6
10.65,165.5
12.15,164.0
13.2,170.5
12.29,177.1
12.4,178.6
12.72,184.2
12.25,185.6
11.83,186.2
12.4,190.2
11.27,191.3
10.85,191.9
11.0,195.6
10.38,193.4
9.45,190.7
9.37,190.4
8.08,192.9
8.55,185.1
9.39,182.2
9.79,178.8
10.46,178.5
11.51,176.0
10.15,173.1
10.27,168.1
11.35,166.2
12.08,168.5
12.41,169.0
12.6,170.6
13.32,176.0
13.36,172.8
14.73,175.0
15.87,177.8
16.2,181.5
15.52,179.3
18.56,184.7
17.55,186.0
17.09,184.3
16.49,182.5
16.88,183.1
18.16,186.2
17.8,186.8
16.82,180.4
15.71,184.5
15.82,174.9
18.02,180.8
15.98,175.0
15.61,168.0
16.84,171.8
16.38,170.5
16.69,169.6
15.68,169.7
15.61,173.7
16.61,177.7
17.01,178.9
15.42,186.6
14.73,185.4
13.55,205.0
12.41,194.4
11.97,199.7
6.28,311.3
9.47,288.9
8.71,292.7
8.06,285.9
7.02,282.1
7.2,288.2
6.24,269.4
6.98,255.0
9.37,252.3
7.96,246.1
8.95,259.8
8.44,270.1
10.05,252.4
9.83,259.0
7.25,262.6
8.79,288.8
9.02,296.4
7.85,313.7
7.22,316.7
5.74,321.0
7.4,342.4
7.88,4.2
8.92,26.6
8.54,41.2
8.52,58.2
7.91,77.0
8.58,70.1
8.26,72.6
7.3,68.5
6.64,75.0
5.91,77.8
5.42,76.1
5.22,77.1
5.15,71.4
5.35,69.7
5.48,66.3
6.07,51.7
9.38,44.0
8.43,51.6
8.52,56.3
8.19,65.0
8.04,69.7
8.04,82.1
6.78,86.9
4.69,100.5
5.2,104.2
4.15,105.3
3.78,103.7
3.34,95.5
2.32,89.2
1.48,90.1
2.57,95.7
3.15,98.2
2.97,97.4
2.44,80.3
2.22,78.7
2.2,83.4
2.58,83.7
2.7,105.4
3.73,93.3
4.92,104.7
5.94,115.5
7.45,112.5
8.16,118.1
10.19,136.2
10.26,140.9
10.21,140.9
9.9,144.1
9.85,151.3
9.49,162.4
10.38,167.7
11.32,175.7
10.59,183.3
8.11,189.0
7.85,189.6
7.93,191.1
7.19,193.9
5.34,190.0
5.58,184.5
5.05,176.7
5.23,175.0
5.45,183.8
6.01,161.2
5.9,152.3
8.4,146.9
10.08,151.2
11.34,153.9
12.29,158.4
12.56,167.2
12.28,171.1
12.35,177.8
12.79,180.4
12.94,182.9
13.47,185.1
12.0,190.8
12.99,195.7
11.99,197.8
10.36,197.7
9.99,192.0
10.57,192.1
9.97,192.0
10.15,191.7
10.27,189.7
10.73,190.4
10.75,184.4
11.02,181.6
10.66,183.2
9.43,170.7
10.34,184.9
13.57,174.2
15.93,170.4
14.6,199.7
17.56,203.8
12.57,191.1
17.26,224.6
6.61,221.3
13.53,338.6
5.04,355.2
7.57,302.7
10.24,328.4
10.93,354.4
11.33,357.1
10.55,0.1
10.48,7.5
11.77,21.9
11.28,12.0
10.71,6.2
11.35,2.2
12.47,3.0
11.92,2.5
12.22,1.8
12.0,359.7
10.82,2.5
10.6,6.0
10.39,8.7
10.77,10.6
11.8,14.1
11.61,16.5
9.84,16.7
8.31,20.8
8.44,22.5
7.2,10.4
7.07,17.8
6.51,21.3
4.23,353.1
2.66,351.5
3.75,353.5
3.32,3.7
2.99,351.8
3.33,347.1
3.01,356.2
3.07,344.1
2.67,341.8
2.35,345.7
2.29,351.8
1.31,8.2
2.09,112.6
1.99,115.8
3.3,143.5
3.75,163.0
4.82,169.5
6.07,182.1
6.36,192.0
7.44,189.5
6.06,193.5
4.25,193.7
3.33,200.1
3.61,217.0
3.22,230.4
2.17,232.8
0.43,44.1
1.93,39.6
3.43,32.5
4.42,24.2
5.05,25.9
5.69,27.8
6.43,25.3
7.01,27.0
7.81,33.8
7.97,33.6
9.21,34.8
10.22,38.2
10.42,39.7
10.51,42.3
11.14,46.4
10.94,52.2
10.84,57.6
9.25,62.2
6.62,74.4
5.87,83.9
5.26,99.0
5.33,99.2
4.7,114.0
4.18,105.7
4.28,110.6
2.64,100.5
2.51,105.6
2.25,100.2
1.3,120.1
0.44,178.4
1.47,137.2
2.73,109.1
3.28,133.5
3.2,142.9
4.53,133.3
7.26,114.1
8.14,134.2
8.83,155.9
9.18,158.8
10.07,172.1
11.36,180.1
11.68,195.4
12.16,205.2
12.44,204.3
11.76,201.3
11.34,208.5
10.88,205.6
8.9,206.2
7.03,213.7
6.87,212.0
7.05,207.3
7.22,204.2
7.27,204.7
6.94,200.6
7.33,200.7
7.65,196.6
8.18,194.6
7.71,186.3
10.92,181.3
11.67,185.5
13.6,191.5
13.37,196.2
13.89,201.3
14.4,200.3
11.06,217.2
14.52,206.6
15.19,209.5
14.25,213.2
15.32,206.3
14.92,224.8
7.28,239.0
13.85,191.5
13.1,201.2
13.02,205.6
11.2,198.3
12.43,200.2
12.03,198.3
12.93,202.5
13.26,201.5
11.91,196.0
12.48,188.7
12.77,179.7
13.35,178.1
15.18,181.0
14.81,185.1
14.47,192.8
15.32,195.6
15.79,200.2
15.43,200.5
15.75,206.1
14.83,206.9
15.07,210.9
15.04,216.8
15.21,220.4
15.08,223.3
13.5,222.3
3.17,223.0
4.89,215.5
6.05,210.6
5.25,198.0
5.97,199.3
5.81,193.2
6.2,190.3
6.21,187.0
7.21,178.2
11.41,165.0
13.64,166.0
14.81,171.1
14.27,174.7
14.16,182.7
14.46,186.6
15.43,189.0
15.39,189.9
15.47,194.4
15.17,196.8
14.55,191.6
14.88,195.8
15.44,209.8
14.35,210.2
11.15,206.2
11.56,210.7
10.95,215.3
10.4,216.7
9.75,215.2
9.93,208.0
11.06,201.7
11.57,197.7
11.56,193.5
12.25,185.0
11.75,174.9
13.14,175.9
12.8,177.1
12.68,173.4
13.28,177.5
14.4,182.6
14.79,184.2
14.96,188.8
14.7,191.8
15.75,191.5
15.66,192.8
15.14,195.6
14.87,200.2
14.94,200.5
14.86,200.5
7.1,202.9
7.55,200.6
8.41,202.0
7.4,194.6
7.4,190.8
7.67,175.9
7.55,183.5
9.67,184.8
9.19,174.8
9.4,162.3
10.34,158.3
9.48,168.7
12.96,162.0
14.72,161.3
13.65,171.9
14.96,165.1
11.7,175.9
14.02,172.4
11.57,175.6
11.48,177.3
10.15,179.7
7.62,170.4
8.41,168.4
8.12,159.9
9.38,171.2
9.9,171.1
9.54,177.7
10.03,176.3
8.92,175.2
9.36,164.5
10.17,166.1
9.24,161.5
10.53,158.8
7.39,155.5
9.24,153.6
9.9,156.8
9.61,147.4
9.58,155.3
10.15,155.0
7.16,150.8
8.97,180.7
10.82,184.1
8.1,182.8
9.15,181.4
9.13,179.0
8.89,181.3
9.63,186.0
11.05,188.1
9.77,181.6
10.35,184.6
10.07,185.6
9.18,181.0
9.25,173.6
9.88,179.8
10.11,179.3
10.04,183.3
9.89,177.2
11.26,173.8
10.66,169.3
12.04,167.9
11.89,170.9
11.83,184.0
10.85,183.1
10.29,182.0
10.23,179.3
12.78,180.2
13.48,181.5
13.35,183.0
13.1,185.7
13.1,183.9
11.95,187.5
13.0,188.9
12.76,188.3
12.78,186.5
11.57,188.0
11.45,186.9
11.1,184.3
12.19,184.0
11.8,183.7
11.78,183.5
10.91,175.9
11.22,171.0
11.59,166.0
11.96,164.8
12.22,167.9
11.78,173.1
11.29,177.0
11.39,181.5
11.25,186.4
11.03,188.2
10.95,184.1
11.36,182.9
10.2,191.0
10.14,191.5
8.23,184.5
8.74,185.0
8.41,193.1
7.63,191.7
8.42,196.6
7.92,192.2
7.69,193.6
7.55,176.1
7.63,182.0
7.79,175.5
8.57,173.0
8.88,166.0
9.79,162.6
10.8,155.0
10.54,159.7
9.75,162.5
10.6,168.2
8.83,171.3
8.22,170.7
10.45,166.8
11.61,189.5
11.34,196.2
11.05,191.9
10.82,188.7
11.58,208.7
9.28,202.5
7.07,198.3
6.87,188.7
7.19,201.4
6.55,199.0
5.4,194.3
6.46,172.0
6.66,170.4
7.6,162.6
6.75,165.7
7.56,159.9
10.78,152.3
11.75,156.8
11.13,170.6
11.37,179.0
11.88,284.7
6.98,342.4
4.99,21.2
3.41,105.8
6.59,124.7
9.62,171.8
9.55,190.1
10.61,182.8
9.86,198.0
7.58,192.7
6.46,195.9
7.21,234.4
5.62,199.2
4.48,197.4
5.32,194.5
4.14,187.6
5.51,189.7
4.31,197.0
4.44,184.4
7.13,164.3
19.2,224.7
16.74,140.2
13.99,174.3
13.11,171.8
13.19,191.4
11.95,186.8
12.43,178.3
13.13,202.4
14.22,197.8
15.47,201.1
15.5,206.6
13.2,212.5
12.5,218.1
9.76,217.8
9.36,212.8
9.73,214.4
7.94,210.2
6.19,205.8
6.12,195.0
5.6,187.3
5.94,173.4
6.67,171.1
7.67,165.6
8.01,150.5
11.3,152.7
12.03,151.6
11.76,151.8
11.51,162.0
7.25,253.3
11.46,235.9
11.32,258.8
3.19,114.8
6.44,183.4
12.13,233.9
14.8,234.3
13.15,221.8
11.83,197.1
8.86,211.8
9.92,212.8
7.08,220.9
6.95,217.3
5.42,177.6
6.43,185.2
7.12,192.0
4.63,216.9
4.39,182.8
5.78,166.8
8.11,145.3
10.92,138.6
10.76,176.3
11.69,197.3
10.87,194.8
10.62,192.6
10.01,196.7
10.18,201.6
3.03,357.8
2.26,327.8
1.89,252.0
2.74,261.3
5.11,288.7
5.97,308.7
4.11,323.9
4.19,328.8
4.0,337.9
3.46,349.9
3.25,356.4
3.51,7.0
3.86,6.9
5.98,15.2
6.77,35.0
8.59,2.8
9.55,358.8
8.3,352.3
8.72,177.8
7.56,123.9
2.96,191.7
10.08,331.3
6.94,344.7
6.29,8.8
5.03,317.1
7.04,332.7
8.02,333.3
4.47,356.9
4.64,356.2
5.46,347.6
4.01,348.1
4.67,340.5
5.95,351.0
6.52,334.6
5.3,3.5
4.38,358.1
4.19,14.0
6.19,341.1
6.83,0.8
5.96,341.3
5.45,348.0
4.77,9.5
3.1,12.5
3.93,30.0
4.06,48.6
6.21,331.4
5.31,349.4
6.78,10.3
6.67,17.0
7.52,27.2
6.33,10.6
7.51,25.7
8.22,41.4
5.64,47.3
4.35,44.2
5.27,55.2
4.96,51.8
4.88,53.8
4.63,51.5
4.59,54.9
4.55,50.3
4.51,51.6
3.96,59.8
4.03,58.2
4.85,86.2
5.13,92.0
7.16,110.1
7.37,117.4
10.55,124.6
10.01,128.0
9.48,126.1
8.58,124.2
8.56,124.4
8.59,128.1
7.58,123.0
7.99,124.0
8.09,121.8
6.92,121.7
5.77,118.7
6.51,115.2
7.66,129.5
7.48,130.0
8.29,127.8
8.88,134.8
8.76,129.6
10.96,150.8
6.3,131.8
4.06,135.7
7.28,149.2
3.45,145.5
5.77,127.6
6.19,153.6
9.3,136.8
11.73,111.0
11.91,99.5
7.68,99.3
7.2,106.7
6.76,104.3
5.45,107.7
5.47,93.6
4.26,107.0
4.25,101.1
4.69,111.0
2.87,143.0
3.26,152.3
3.63,201.3
1.91,211.4
3.91,202.0
3.03,229.1
7.64,333.5
0.25,323.0
1.46,73.0
2.45,59.0
4.66,56.9
5.58,48.5
4.5,65.7
3.92,50.6
2.9,25.2
4.51,359.1
4.0,353.1
4.7,4.6
5.94,328.2
5.66,328.6
7.01,320.2
7.45,316.4
6.65,324.5
6.72,333.6
6.61,329.8
6.68,342.3
7.48,348.9
8.04,353.9
7.57,343.4
6.63,2.6
6.68,352.8
7.28,10.5
5.88,358.7
6.49,13.8
7.31,26.1
7.41,33.4
6.67,39.1
7.9,43.2
6.96,44.0
6.02,35.9
4.61,27.4
4.48,9.3
4.66,357.6
4.74,344.6
4.49,349.0
5.12,341.5
5.11,330.9
3.62,339.2
4.75,350.0
4.83,0.0
5.26,11.6
4.15,20.7
4.3,16.2
5.13,337.0
4.44,7.5
3.01,358.0
3.74,11.5
2.88,27.9
3.64,73.1
2.92,69.0
2.85,50.5
2.96,76.6
3.56,68.2
6.15,98.4
5.91,89.9
5.49,106.5
4.77,118.4
3.68,109.9
2.84,102.5
3.45,78.7
3.12,100.2
2.24,76.1
3.17,86.0
3.16,82.3
2.99,68.4
10.01,36.2
3.0,58.3
5.48,11.6
6.61,305.2
2.3,167.2
2.91,175.1
3.56,167.4
2.56,158.0
1.47,2.2
7.72,25.3
5.85,50.3
2.02,125.5
2.03,161.0
0.67,267.5
1.55,327.8
4.42,349.9
3.82,8.4
3.32,21.6
4.52,35.0
3.32,13.1
2.84,30.2
3.4,33.7
4.57,60.0
4.94,55.4
5.59,49.0
5.77,51.5
5.28,41.1
5.09,23.7
4.05,21.1
4.79,55.7
4.98,61.7
5.38,60.1
5.86,186.0
6.54,197.5
4.37,222.6
7.2,193.3
7.14,199.7
7.98,218.4
8.82,234.0
9.21,245.3
9.14,249.9
8.83,252.3
8.09,257.2
6.76,264.3
3.9,260.1
2.7,263.5
1.34,260.7
1.05,312.2
2.16,359.3
2.27,19.8
1.81,25.6
2.92,76.8
1.99,78.9
2.33,87.0
2.32,76.3
4.35,122.5
5.11,129.2
7.33,140.2
8.02,157.0
7.66,163.9
8.37,180.5
9.85,196.9
9.72,201.6
9.81,206.4
10.02,209.3
9.92,212.9
9.1,212.3
7.99,217.8
5.77,217.2
5.47,222.8
5.31,203.0
4.37,196.2
4.01,191.3
3.82,189.9
4.05,184.1
3.96,174.8
4.22,192.2
5.67,178.7
6.08,178.5
6.5,181.8
9.37,184.9
9.45,193.1
8.19,177.4
11.7,182.6
10.68,181.4
11.43,188.2
11.4,191.9
11.23,195.0
11.25,193.8
11.74,197.8
11.92,201.1
9.53,197.6
8.72,200.1
9.34,188.1
9.83,185.5
10.36,181.3
10.47,184.6
10.42,182.8
9.97,176.3
10.23,174.0
10.35,171.0
11.37,169.9
12.08,167.1
9.54,163.2
11.12,160.9
11.94,167.1
12.49,169.9
11.99,176.6
12.16,175.4
13.29,182.1
12.83,181.9
11.81,182.8
10.23,178.7
9.63,184.1
9.5,181.0
9.76,177.3
9.25,189.2
9.92,191.2
9.43,187.8
9.73,189.8
8.64,184.0
12.25,175.8
10.47,176.1
12.76,171.9
12.31,172.1
12.39,167.4
10.53,172.6
10.28,162.2
10.0,158.3
10.34,159.3
10.56,162.2
10.35,165.4
11.13,174.1
9.83,177.5
9.53,178.5
11.25,189.8
7.75,173.4
9.84,191.4
7.09,197.6
6.48,191.3
3.98,190.2
2.56,165.1
3.46,158.5
3.27,144.2
4.08,134.1
3.65,124.1
4.03,126.5
4.99,131.5
4.91,120.7
5.6,114.6
5.53,120.9
5.6,112.0
7.29,103.1
8.34,139.3
9.16,156.3
8.98,171.4
9.19,186.6
9.0,192.1
8.13,198.4
7.3,201.2
6.81,208.2
6.34,205.3
5.99,210.1
5.24,210.3
4.7,211.7
2.53,213.3
1.21,177.6
0.28,146.3
1.09,113.8
2.07,105.0
1.38,129.6
1.41,159.1
1.61,139.4
2.14,164.8
2.83,175.1
3.57,173.3
3.64,157.2
3.35,117.6
6.7,118.4
7.4,127.3
6.46,141.8
7.77,316.3
7.32,336.0
6.68,330.2
4.11,352.5
3.54,13.8
0.72,53.0
1.49,119.1
1.26,128.8
1.71,226.4
4.18,231.2
4.19,217.7
4.11,192.3
4.0,190.8
4.3,208.5
5.34,195.4
5.05,194.5
5.79,170.3
6.53,184.2
6.39,179.3
10.05,181.0
9.71,188.3
10.27,181.0
10.49,179.0
10.44,184.4
11.81,190.7
13.65,194.1
12.57,194.8
11.92,193.1
12.2,191.9
12.52,189.6
10.78,201.2
9.77,185.2
10.58,179.4
11.6,180.7
10.8,177.7
11.47,179.9
11.24,177.8
11.91,175.1
12.3,177.7
11.97,179.6
12.24,182.3
11.98,182.1
11.89,170.6
13.38,167.9
14.79,171.9
14.69,174.4
16.03,181.5
16.62,185.0
16.68,187.2
17.18,189.3
17.06,192.8
16.44,196.5
14.78,197.3
15.58,197.7
14.63,201.4
13.76,200.2
12.0,201.3
11.33,203.8
10.62,203.8
9.1,204.4
7.89,198.3
8.52,190.4
8.59,185.1
10.8,177.4
11.36,173.7
10.46,177.9
11.5,168.1
12.17,169.7
11.76,168.7
13.19,176.4
13.66,178.4
13.38,181.2
14.74,187.6
14.12,189.8
14.55,192.0
14.76,193.5
14.07,195.6
13.08,194.5
11.71,188.1
10.3,185.6
9.32,180.0
7.41,185.7
8.57,176.3
9.03,175.4
9.67,166.5
9.79,164.3
12.17,163.3
12.48,164.8
12.84,158.3
13.49,159.1
11.6,160.0
13.34,161.2
15.11,163.0
14.66,170.8
13.16,174.2
12.85,183.6
13.55,185.2
13.58,193.2
14.35,192.1
14.61,192.7
13.92,191.8
13.34,190.5
12.89,195.5
10.61,188.2
9.57,190.8
8.88,186.3
8.69,184.5
8.33,176.2
8.14,171.4
8.46,166.7
9.75,165.6
10.08,165.1
10.15,161.0
10.54,159.6
11.58,154.5
11.55,157.1
11.68,160.0
11.1,161.2
10.64,166.7
9.91,179.5
9.49,167.1
10.19,172.8
11.59,182.4
10.46,180.7
10.57,179.5
10.16,180.8
8.99,180.0
9.56,175.8
10.27,176.8
9.77,182.2
8.95,182.8
8.78,184.6
8.55,181.2
8.28,176.8
8.76,186.3
9.63,178.8
8.51,176.2
9.36,176.3
8.38,174.2
10.01,169.4
11.1,162.9
10.36,165.4
11.29,172.1
11.35,177.3
12.34,183.8
11.6,195.9
10.83,195.3
11.41,202.5
11.53,206.3
10.89,203.0
9.85,209.8
8.11,212.2
6.66,216.0
7.4,220.0
5.8,220.7
5.52,210.7
4.67,206.0
4.53,192.5
3.8,177.8
3.87,205.3
4.17,173.9
6.19,173.4
7.11,165.8
7.86,174.1
8.27,180.8
8.7,179.7
10.98,175.1
11.97,177.9
11.51,191.5
11.7,196.5
10.96,197.7
11.58,205.3
11.9,213.7
11.36,210.2
10.55,214.2
8.65,222.7
7.03,223.2
5.43,222.2
5.24,218.4
4.54,210.1
4.27,196.5
4.91,183.7
4.54,196.4
6.03,185.9
5.9,180.3
8.08,177.8
7.63,166.7
9.55,154.4
8.38,128.2
12.12,165.5
12.35,182.4
11.49,193.5
8.52,175.7
9.7,176.3
10.19,172.4
10.19,177.5
11.44,195.5
7.3,195.7
5.58,167.2
6.29,173.8
6.14,144.9
8.18,154.3
9.67,154.0
9.56,156.7
9.29,158.6
9.7,161.9
9.8,162.6
10.76,160.3
10.93,166.0
7.93,171.1
22.01,311.4
12.36,145.8
11.97,143.3
12.33,155.7
14.62,174.3
12.13,178.5
11.67,185.6
9.91,189.8
6.11,112.8
6.07,82.0
7.75,66.2
7.97,122.3
9.17,44.2
7.92,61.1
10.3,278.7
13.87,245.6
5.79,263.5
1.67,15.8
4.35,7.9
5.01,5.4
5.84,25.4
5.38,36.0
5.71,20.5
8.12,32.7
8.12,29.3
9.4,35.1
9.17,40.3
9.25,39.5
9.33,44.6
8.86,46.6
7.74,54.7
8.03,57.0
6.9,63.9
7.08,65.9
9.08,63.4
7.89,75.6
4.33,88.7
4.8,108.5
4.67,127.7
3.81,119.3
4.49,140.6
3.96,149.1
4.16,168.4
4.07,166.6
3.4,163.0
3.64,170.7
4.62,171.3
5.29,160.2
6.19,158.9
8.98,124.7
9.63,133.3
9.56,142.5
10.08,152.4
10.51,166.0
10.69,174.1
10.48,179.2
12.2,185.3
11.45,192.5
11.44,204.9
11.8,210.0
10.54,213.8
9.8,210.8
7.71,213.4
8.48,203.2
6.25,200.8
6.21,200.8
5.68,198.1
6.12,186.7
6.26,189.1
6.04,199.6
7.81,175.0
7.98,178.9
9.32,185.2
10.22,186.8
10.44,180.4
11.37,182.3
13.08,186.2
13.17,191.3
13.08,198.0
13.0,201.0
11.76,205.8
12.4,208.8
11.24,211.9
3.6,193.7
4.27,200.5
6.51,192.2
3.76,195.2
5.43,192.8
6.0,192.1
6.59,197.8
7.01,195.9
7.84,195.1
7.38,191.0
8.93,182.3
9.34,185.9
8.37,183.2
11.1,181.2
11.76,190.9
11.97,188.4
11.11,185.6
11.49,184.9
12.12,187.0
11.38,196.2
7.79,217.9
10.89,207.4
1.71,260.6
7.02,192.5
4.39,206.1
4.51,249.3
5.66,237.1
5.0,217.1
3.03,213.2
4.64,176.0
2.34,200.5
1.29,189.2
2.04,169.7
1.78,162.9
2.53,133.0
3.65,136.5
3.61,130.5
5.31,167.2
8.43,147.7
8.91,156.5
8.94,162.8
9.08,173.8
9.06,178.9
10.37,184.7
9.32,189.4
9.04,201.3
2.98,344.9
3.85,248.3
14.71,295.9
8.87,305.9
8.55,285.3
5.12,326.6
6.43,6.1
6.42,21.0
6.0,33.8
2.84,67.4
2.11,68.4
1.74,64.5
1.71,152.8
5.89,59.4
12.37,123.0
6.22,103.1
6.11,103.0
6.92,127.8
6.19,112.3
10.72,355.1
8.46,51.9
8.86,302.4
8.4,60.6
3.47,10.9
4.51,92.0
9.98,274.8
1.55,50.1
7.96,109.7
4.99,116.9
4.28,145.0
2.4,147.8
1.42,198.2
2.22,180.3
2.74,173.3
3.03,180.6
3.28,110.9
4.18,39.9
2.49,89.6
1.13,107.7
7.16,132.1
5.68,122.6
4.07,81.8
5.96,89.8
6.33,112.2
5.02,286.1
3.07,232.7
5.41,156.3
5.42,144.9
6.57,185.5
8.3,168.8
3.97,200.8
2.46,169.9
3.26,223.3
1.98,299.2
2.25,356.4
2.11,302.3
5.15,288.8
3.52,307.2
3.15,303.4
5.9,43.0
8.41,50.3
7.82,62.6
6.64,68.8
5.73,64.3
4.73,68.5
3.86,67.0
4.65,53.2
4.44,57.8
3.67,75.3
4.1,73.2
4.06,91.6
4.62,78.9
4.05,67.9
3.23,47.0
2.96,51.7
2.18,36.9
2.87,42.8
3.74,53.1
3.32,76.7
3.66,71.3
4.4,84.7
4.0,65.6
3.94,72.3
3.83,64.4
3.53,72.4
4.5,55.1
4.04,96.8
4.65,100.9
5.15,90.1
5.63,110.5
6.28,111.8
7.87,121.0
8.43,126.7
8.67,138.4
7.47,170.3
6.31,189.8
6.06,186.8
5.08,193.8
5.74,189.0
4.96,183.4
4.59,182.5
4.85,175.8
5.33,170.0
5.2,168.8
5.46,162.5
5.54,167.8
6.08,179.0
6.61,160.1
5.63,162.1
6.56,157.3
6.79,154.1
6.83,153.3
10.31,155.0
10.53,154.9
11.41,155.7
11.65,161.2
11.54,167.8
10.94,172.4
10.35,171.9
10.29,180.8
10.97,179.7
12.05,187.7
11.52,190.7
10.13,194.7
9.55,181.8
9.11,191.2
9.31,184.8
9.66,184.4
9.16,186.5
9.13,185.4
7.98,194.7
8.24,193.2
9.05,182.2
9.39,177.8
10.81,181.3
9.36,171.2
11.49,167.9
12.48,172.6
13.29,177.2
14.51,184.8
14.88,189.9
14.49,196.2
14.31,198.3
14.33,199.4
14.56,202.8
14.77,207.8
14.61,209.3
14.41,208.7
13.12,209.9
10.75,212.8
9.34,215.2
8.56,207.8
7.73,209.3
7.17,209.9
6.77,194.1
5.89,198.8
6.06,188.5
7.46,168.5
7.13,174.2
10.76,169.0
10.5,176.4
3.31,275.6
2.49,4.2
4.63,90.3
5.7,125.6
4.69,128.5
7.23,125.9
6.76,153.1
5.04,172.9
4.19,107.0
4.57,128.9
3.51,168.9
3.98,154.6
3.89,147.0
3.9,159.7
4.12,151.1
2.8,150.1
3.79,170.1
3.26,142.1
7.49,71.9
9.68,44.1
8.99,103.5
9.42,96.0
7.58,90.1
8.47,106.0
8.81,116.3
8.41,117.5
7.99,121.1
7.79,138.6
7.82,143.6
7.39,144.1
6.05,143.6
8.41,347.2
3.1,32.3
4.22,87.5
2.92,90.5
5.51,101.4
6.18,107.4
6.71,95.4
6.02,100.7
6.76,90.0
7.1,112.1
7.2,127.6
7.9,135.6
6.27,150.5
5.81,150.3
6.75,142.7
4.94,133.9
6.84,118.8
8.3,121.9
7.07,113.3
9.25,123.5
8.76,136.8
10.28,159.8
11.13,183.1
10.93,196.0
9.63,197.7
9.73,185.2
9.51,183.1
9.28,192.2
8.72,190.3
8.21,196.4
7.7,189.6
7.01,182.6
6.95,176.9
6.6,165.8
6.5,164.3
7.71,164.0
8.34,167.8
8.71,161.3
8.38,162.8
9.62,150.5
8.74,144.7
10.21,146.8
10.49,153.3
9.8,155.0
11.21,173.0
9.29,176.0
10.65,184.1
9.57,187.1
8.48,184.0
9.67,183.4
9.75,178.6
9.72,189.3
9.72,197.3
9.1,187.1
8.0,192.3
8.36,173.7
9.26,170.6
7.18,174.4
6.83,182.3
7.04,176.1
7.35,181.8
7.97,178.8
8.1,174.7
7.88,170.7
9.71,170.2
9.97,158.6
10.22,163.5
10.01,162.3
10.79,163.5
10.22,172.6
9.32,182.1
10.37,189.7
10.08,197.5
9.93,184.4
10.07,190.5
10.54,198.7
7.19,183.8
6.63,182.2
7.31,196.0
6.1,198.5
5.83,187.2
5.56,171.1
5.0,182.8
4.94,180.3
6.05,161.1
9.9,110.6
6.13,114.8
7.66,108.7
9.75,121.2
7.74,38.0
8.03,49.5
5.38,80.1
6.81,53.0
8.35,58.4
9.06,89.6
7.78,96.6
6.63,134.3
7.43,162.3
8.11,179.7
3.79,73.6
1.23,195.1
2.95,98.0
4.87,167.6
6.23,137.9
8.44,175.8
8.7,182.5
6.82,182.5
5.62,157.9
5.38,179.5
5.18,163.9
5.93,157.2
8.01,152.6
9.36,165.2
8.75,171.6
10.4,172.8
10.74,178.7
10.53,185.0
10.57,183.2
11.03,189.3
10.15,184.0
10.39,185.8
9.89,186.7
9.93,189.7
9.3,189.3
8.83,187.2
8.95,184.0
8.62,182.6
9.04,176.6
8.53,170.8
8.51,168.7
8.77,166.5
8.67,166.4
8.95,161.7
10.07,149.9
9.19,153.3
10.04,142.9
10.37,139.0
10.9,145.6
11.57,149.6
12.33,149.0
11.97,160.7
11.83,165.9
11.42,171.8
11.43,173.6
11.3,174.2
11.21,176.3
11.09,176.2
11.1,178.8
11.89,177.6
11.39,180.5
10.4,173.2
11.22,171.8
11.61,168.7
11.7,167.8
11.43,172.5
12.25,164.0
11.13,162.6
12.21,164.8
11.23,159.3
12.36,139.2
12.25,142.3
12.26,151.0
12.73,156.7
12.94,159.9
12.79,161.9
12.12,167.2
12.13,167.4
11.38,171.5
11.86,169.7
11.1,172.9
10.12,170.9
10.21,171.4
10.25,171.9
10.54,172.5
10.56,163.8
9.97,175.7
9.96,170.3
9.68,173.4
8.77,172.0
9.3,167.9
8.52,164.6
7.37,167.8
10.68,137.1
9.93,139.0
9.32,141.3
9.1,151.9
9.57,162.9
9.78,163.9
9.78,171.3
8.93,169.0
8.97,177.6
8.65,178.7
8.01,188.8
8.02,185.3
7.63,190.8
4.15,191.5
3.95,179.5
3.09,175.4
2.83,168.6
2.05,164.0
1.46,147.0
2.57,111.6
3.06,75.0
3.77,86.3
4.02,72.8
3.95,69.5
4.58,84.7
4.47,99.4
5.37,80.1
4.62,111.9
5.8,127.5
8.16,144.9
8.53,150.2
8.01,165.0
7.39,172.9
6.25,179.9
6.03,190.3
5.07,203.4
4.66,212.6
3.75,211.9
1.86,254.4
0.54,248.2
0.92,121.0
0.84,94.2
1.71,83.7
2.5,83.9
2.8,62.0
3.24,59.8
3.57,82.8
3.37,81.5
2.82,90.6
3.57,82.4
4.54,90.9
7.27,111.7
7.08,113.2
6.87,133.1
7.38,138.3
8.52,157.1
8.25,171.1
8.44,187.1
8.14,199.9
8.38,206.8
7.64,213.4
5.96,219.0
3.34,214.6
3.82,186.6
2.51,171.8
2.39,147.8
2.51,152.0
2.74,137.9
2.74,127.7
4.25,132.1
5.82,153.4
5.23,126.1
4.89,137.4
5.12,137.5
7.11,130.9
10.42,142.1
10.6,153.8
11.09,163.7
10.25,167.8
9.76,173.0
9.43,179.3
9.0,184.1
8.36,193.8
8.24,208.4
8.06,201.8
7.27,210.6
5.35,216.8
5.05,219.2
3.7,220.1
2.3,206.5
1.97,178.3
1.24,177.8
1.78,132.3
1.29,157.4
1.26,207.4
0.88,170.7
2.28,100.5
4.04,118.5
5.22,102.1
5.49,110.3
4.93,115.4
5.18,132.8
4.22,152.2
4.73,169.1
4.47,178.8
4.95,188.4
5.33,195.7
4.82,204.4
3.95,197.4
2.08,205.7
0.23,125.0
1.5,69.9
2.53,47.9
3.07,63.0
3.02,71.4
3.27,79.4
3.55,68.1
3.46,75.8
3.52,84.0
3.63,74.0
3.94,82.5
3.85,85.9
4.8,85.0
2.85,84.9
2.64,113.4
2.59,123.5
4.31,153.8
4.81,177.5
5.92,196.1
5.9,209.8
6.02,215.1
5.75,225.4
5.95,230.9
6.03,242.9
4.15,248.1
3.56,246.4
1.62,231.1
0.64,224.3
0.68,177.4
0.7,169.3
2.66,65.6
3.02,74.3
3.75,68.6
4.18,66.9
5.03,54.0
6.54,56.5
6.06,65.9
4.06,67.2
4.03,79.4
6.7,115.7
7.58,118.2
7.77,197.1
7.3,213.5
6.29,214.8
4.68,195.0
3.83,169.2
6.86,160.9
4.27,172.9
3.44,176.9
3.53,169.3
3.57,175.9
3.84,170.9
3.67,169.1
3.62,167.7
4.45,145.5
4.12,167.4
4.24,157.3
4.58,138.5
4.66,138.5
6.26,117.7
8.76,117.0
9.55,124.4
10.79,137.5
10.17,146.1
10.65,154.7
9.31,161.7
9.9,178.8
10.13,191.8
9.83,191.2
9.86,196.3
10.58,197.7
9.03,198.3
8.02,198.4
8.23,190.1
6.97,183.1
5.82,179.0
4.86,165.7
4.55,159.8
4.25,148.1
4.25,161.3
6.33,143.3
6.0,149.9
5.81,161.1
7.14,145.4
10.27,157.7
9.27,162.1
9.61,159.1
10.74,164.0
11.06,168.7
10.52,174.1
9.87,183.2
9.67,191.8
10.2,194.7
10.05,202.2
10.83,206.3
8.05,219.4
7.65,211.8
5.99,196.5
5.31,191.0
4.37,189.0
4.07,181.6
4.42,167.4
3.88,156.2
3.8,166.4
3.9,157.4
4.45,150.2
6.01,164.0
6.72,147.9
9.7,156.0
9.77,160.2
10.07,174.8
9.35,177.8
9.61,182.2
9.61,188.8
9.73,190.0
9.9,195.9
10.46,201.9
9.84,204.5
9.94,205.2
6.9,208.6
6.47,204.9
3.6,204.1
3.87,178.8
4.94,159.1
4.34,173.2
3.32,164.5
6.04,140.0
6.28,162.0
5.66,149.8
6.1,154.3
7.62,130.5
6.64,134.2
9.92,133.4
10.11,157.6
8.83,162.9
9.43,172.5
8.86,172.9
7.66,175.5
8.37,176.2
7.6,182.4
7.37,175.5
7.42,174.9
6.76,179.3
6.07,181.0
5.01,179.7
4.82,173.3
6.3,170.6
5.92,170.5
5.57,163.4
5.13,191.5
5.25,174.3
7.12,158.2
6.73,165.1
11.11,172.5
8.52,194.6
4.5,187.5
4.88,161.0
9.83,166.2
9.63,171.5
8.12,176.9
9.94,174.9
10.38,185.9
9.92,186.4
10.45,193.8
10.62,191.7
10.92,194.7
9.88,193.3
8.81,191.8
9.61,192.3
8.6,191.5
8.41,185.8
8.78,182.4
8.89,185.4
7.71,185.2
7.72,184.5
8.88,180.0
8.86,178.7
8.69,180.3
7.88,181.6
9.38,167.1
9.37,164.1
11.84,168.1
10.47,180.1
10.07,180.0
9.98,178.1
10.49,184.1
10.15,189.4
9.91,194.0
9.82,199.7
10.31,198.0
10.01,205.2
8.63,202.1
8.66,207.3
8.87,207.0
7.53,203.2
7.22,199.7
6.75,195.1
6.07,184.2
8.43,185.9
8.55,183.7
7.79,182.8
7.43,182.9
7.45,169.9
8.58,160.2
8.49,156.6
10.48,166.9
10.46,166.8
10.09,173.2
10.07,182.0
9.66,184.7
9.14,188.5
9.44,188.9
9.22,189.1
9.53,188.9
9.84,194.0
9.51,199.2
8.62,200.5
8.63,201.2
7.68,203.2
6.51,198.4
6.23,190.6
5.3,186.3
6.81,171.0
5.91,177.1
6.84,186.4
7.08,191.8
12.85,160.8
10.56,157.1
9.31,173.3
9.13,171.0
10.04,170.7
10.21,177.0
10.07,181.7
9.59,186.2
10.12,187.1
10.01,195.1
9.41,201.0
9.65,202.5
9.52,207.3
7.91,207.3
8.22,206.6
6.65,203.0
5.18,194.2
5.11,193.8
4.68,187.4
4.58,175.7
4.29,174.6
4.79,172.1
4.77,173.4
5.55,158.5
6.63,149.5
7.12,144.0
8.93,156.4
9.37,170.7
9.47,166.1
9.33,168.8
9.4,179.7
9.41,184.6
9.8,188.5
9.59,199.9
10.21,201.6
10.13,206.7
10.0,208.9
7.91,211.6
6.73,214.5
5.1,214.0
4.0,191.2
3.53,179.5
2.61,169.1
4.04,140.7
4.54,157.4
4.84,156.3
4.15,162.6
3.9,150.6
4.11,170.3
5.92,155.5
6.66,161.4
9.44,137.3
10.07,156.1
9.79,164.4
10.36,172.8
10.24,181.2
9.97,200.1
10.06,213.8
10.3,222.5
10.02,229.3
9.42,239.9
6.84,245.5
5.67,257.0
3.38,262.8
1.56,302.1
1.41,19.1
3.0,71.5
2.48,64.6
3.94,77.9
4.62,81.9
9.69,131.3
6.04,162.9
6.23,143.1
8.51,111.3
8.99,112.3
8.2,135.2
7.95,166.8
8.93,189.9
9.15,198.8
8.88,200.6
8.08,208.2
7.93,212.0
8.17,209.6
5.65,212.2
5.32,208.8
2.61,218.8
2.67,231.7
0.94,270.9
0.65,32.2
1.37,88.5
2.41,68.2
3.01,65.6
3.09,54.8
3.27,51.1
3.39,65.7
2.9,76.1
8.88,211.4
5.24,187.6
7.07,186.5
8.55,193.5
7.34,198.5
6.07,142.0
6.92,161.0
7.36,181.4
7.74,197.4
8.26,191.9
8.66,201.4
7.67,214.4
7.02,220.4
4.4,224.1
4.08,248.0
2.77,285.0
1.84,329.5
2.35,346.8
2.83,356.4
9.23,345.0
3.61,322.7
0.76,213.5
17.63,32.7
6.15,60.8
0.55,250.6
4.4,276.2
4.58,327.5
4.95,342.1
5.18,352.3
4.22,5.9
4.52,5.1
2.02,359.8
1.17,288.8
2.53,286.6
2.67,10.8
4.56,344.0
3.16,6.5
4.37,358.0
3.85,13.3
3.34,17.3
4.07,36.9
4.54,49.9
4.88,50.2
5.31,61.1
5.64,20.1
6.81,51.1
3.71,31.7
8.62,154.8
5.95,136.6
3.99,118.0
2.2,103.5
5.39,53.3
4.33,72.4
1.74,116.1
1.98,170.5
2.63,318.0
4.17,315.5
5.39,341.4
5.76,347.3
5.33,355.2
5.38,5.1
3.67,6.4
3.49,19.9
3.77,37.5
4.97,53.1
4.99,47.9
5.96,36.6
6.64,49.9
6.97,56.0
7.21,54.1
6.99,56.6
5.44,52.9
7.05,120.9
3.83,130.0
5.17,148.0
6.72,146.6
6.86,170.5
6.27,187.0
6.32,185.8
5.24,189.6
4.21,212.3
3.97,207.5
1.76,225.3
1.47,233.2
0.84,267.5
0.72,65.8
0.93,71.9
0.71,25.3
2.75,24.3
3.83,43.8
5.01,54.7
5.5,55.6
4.85,54.6
5.25,30.4
6.27,71.2
5.97,48.8
5.04,69.6
6.76,55.9
4.4,118.0
3.05,105.5
5.27,102.6
5.41,136.8
5.52,147.9
5.39,158.5
3.8,167.8
3.6,170.1
2.26,154.8
2.24,147.8
0.84,138.6
1.03,345.6
2.1,33.1
3.1,24.0
3.3,32.7
4.08,48.7
4.39,54.9
4.3,52.7
4.57,57.2
4.36,17.3
4.79,63.8
6.21,81.3
4.88,82.2
8.52,81.6
4.96,108.5
7.3,126.6
7.18,125.7
6.57,123.9
8.34,132.6
6.62,141.1
6.48,163.4
6.15,179.1
4.7,184.6
4.43,195.3
4.12,212.9
3.21,221.3
1.26,221.0
0.92,36.8
2.55,60.0
3.21,70.9
4.14,57.8
4.49,62.2
5.13,49.2
5.07,57.6
5.94,52.8
5.33,50.5
6.03,60.8
5.29,54.7
10.04,117.7
8.29,139.1
6.75,149.8
5.79,152.4
5.7,173.7
4.23,150.5
4.39,175.9
5.31,191.2
5.74,199.3
5.05,219.2
3.79,218.2
1.71,242.4
1.36,246.7
0.55,354.0
1.03,36.6
2.11,61.3
3.58,47.5
3.69,57.4
11.02,190.1
7.84,142.2
6.56,251.0
3.79,154.4
5.08,186.4
5.97,188.1
6.69,178.9
4.75,172.7
6.54,173.3
6.15,185.3
7.04,188.4
7.62,199.4
8.4,194.7
8.49,194.6
7.8,199.1
8.42,198.1
7.93,192.9
6.83,196.1
6.43,203.1
6.46,205.8
6.23,208.2
5.5,199.5
5.52,194.7
6.01,194.4
5.36,202.5
3.65,167.9
2.86,165.9
4.28,157.9
4.55,174.7
7.91,145.5
9.22,158.1
9.91,161.7
9.63,166.7
8.3,177.8
9.11,183.1
9.54,183.3
8.93,194.7
9.46,198.0
9.97,199.8
9.61,204.2
9.06,204.8
8.27,202.9
8.08,204.4
7.41,206.8
6.21,192.5
6.22,188.5
6.94,191.0
5.65,194.7
5.87,189.1
5.92,173.1
6.67,172.1
7.0,165.9
7.32,164.2
7.16,159.5
10.08,162.2
11.09,165.4
10.71,166.6
10.81,167.8
10.39,174.4
10.55,176.8
9.24,186.1
9.29,188.1
9.67,192.3
9.28,196.8
9.23,204.0
8.0,212.0
7.39,211.2
6.8,201.5
5.03,208.3
4.64,194.3
4.2,189.5
4.5,171.8
3.92,186.3
4.53,169.3
4.34,171.8
5.43,160.0
6.14,162.2
5.3,157.0
6.77,176.8
7.73,179.2
9.41,183.0
9.47,183.1
9.33,189.9
9.93,194.1
10.14,201.1
11.07,208.8
11.09,213.5
10.66,219.2
10.13,224.9
7.87,228.5
7.31,228.9
7.47,232.8
5.64,238.9
5.71,231.0
5.27,229.9
4.79,228.5
4.14,233.6
4.29,223.2
3.52,216.2
3.91,227.8
4.22,204.3
3.79,225.0
4.21,205.2
5.52,193.2
6.12,189.4
7.66,193.4
8.85,202.0
11.01,215.0
11.61,222.9
11.92,228.5
11.48,232.4
11.39,235.9
12.09,244.2
11.34,247.6
9.2,253.7
8.51,261.0
7.34,262.3
5.82,266.6
4.07,269.1
2.77,258.6
2.19,225.1
2.13,209.0
2.71,189.5
1.44,214.8
2.35,208.5
4.04,223.0
5.12,233.0
4.8,229.1
4.52,221.7
4.91,213.3
6.83,209.0
8.29,212.1
8.72,219.5
9.44,229.4
9.88,235.5
11.14,252.9
11.4,257.8
8.82,261.2
6.77,258.8
5.63,275.7
4.55,281.3
3.3,282.9
1.99,324.0
0.61,265.8
1.53,164.7
3.07,77.6
3.18,82.0
2.15,66.0
3.26,125.6
3.19,135.0
4.23,129.4
4.53,175.4
2.99,223.2
3.97,176.4
5.75,188.6
6.7,204.7
10.01,213.5
11.14,222.6
10.6,226.2
10.37,229.4
10.79,234.0
9.9,236.8
6.94,228.9
6.6,238.8
5.68,238.8
4.76,244.6
2.9,235.7
3.17,215.9
3.4,185.8
3.72,167.2
3.11,166.5
3.68,147.9
3.34,142.8
4.53,152.1
8.94,144.6
11.9,145.3
11.58,158.2
11.97,167.4
10.96,171.0
11.25,179.2
10.61,179.6
9.6,182.3
8.96,182.5
9.28,181.6
8.91,188.7
7.83,194.4
7.28,199.1
6.12,199.1
5.42,196.2
5.01,191.0
4.44,185.2
4.31,171.3
4.48,175.9
4.51,166.8
5.73,185.5
7.3,288.1
5.85,40.5
9.55,80.6
6.81,81.6
7.44,124.2
8.1,147.1
8.71,158.2
9.24,169.4
9.83,177.9
10.14,185.2
10.14,185.7
9.93,192.4
9.49,191.4
9.93,195.0
8.78,201.0
8.62,203.7
7.91,202.3
6.53,200.8
5.85,196.8
5.73,194.4
5.51,192.8
5.72,190.3
6.08,190.8
6.29,192.2
7.43,185.1
7.17,175.8
8.56,177.8
9.35,173.2
9.58,170.3
9.07,162.7
10.49,170.3
10.87,178.1
10.72,187.8
10.52,193.8
10.2,197.8
10.62,200.1
11.2,202.6
11.08,204.6
10.84,207.3
10.3,212.1
8.91,212.3
8.05,212.0
6.93,207.0
6.83,196.2
6.25,192.4
6.98,185.6
6.89,188.4
8.69,171.8
7.99,182.3
8.79,170.5
9.38,168.4
10.85,169.6
10.68,174.0
11.16,175.2
11.68,178.3
11.76,181.2
12.07,190.6
12.45,195.2
12.49,197.7
12.88,199.3
12.86,203.1
12.88,198.7
11.79,207.1
11.19,205.1
10.4,205.0
8.92,206.2
6.7,200.8
4.99,194.6
4.7,177.7
5.27,167.6
5.36,163.1
5.72,168.5
6.79,159.1
7.87,165.2
8.16,159.5
8.34,164.6
9.15,169.2
9.45,175.9
10.04,176.3
11.55,182.3
10.55,189.7
9.95,198.2
10.03,204.1
10.62,205.1
10.32,210.6
10.11,213.3
7.55,220.0
6.57,225.5
4.79,226.4
2.77,234.6
2.31,170.9
2.56,159.0
2.46,142.7
3.48,148.2
3.44,139.6
3.58,154.1
4.18,167.1
5.52,149.8
5.78,161.1
9.27,175.9
9.28,178.7
9.28,182.1
10.83,188.0
10.74,192.2
11.33,194.8
10.56,202.4
10.91,212.0
10.37,217.2
9.04,221.7
7.69,228.0
6.83,235.2
5.87,234.8
4.64,253.7
2.27,249.0
1.23,247.5
1.13,183.3
2.22,180.4
2.96,173.1
2.6,181.9
4.22,169.6
3.91,162.7
4.01,167.0
4.93,163.1
8.11,146.6
8.65,149.9
9.29,158.2
9.54,164.8
11.27,172.5
10.9,182.6
10.97,193.1
10.92,209.5
11.06,219.5
10.19,224.9
10.04,231.1
8.18,231.9
5.57,238.5
5.38,245.8
3.95,236.1
2.9,191.5
2.89,186.3
4.0,173.1
3.73,182.0
3.87,183.3
4.65,175.9
5.13,159.0
4.86,175.2
6.25,166.2
6.85,178.1
8.45,178.7
8.95,183.9
9.85,182.7
11.2,193.2
11.34,197.2
11.48,199.2
10.56,206.2
10.45,212.9
9.93,217.7
9.69,220.2
8.14,224.6
6.76,222.8
6.02,226.4
3.24,226.5
1.94,182.2
2.32,190.5
3.06,153.9
1.91,190.1
3.61,170.0
3.5,163.0
3.45,167.1
4.62,165.8
7.11,160.1
7.27,161.6
9.32,165.9
10.4,166.5
10.66,174.6
10.39,179.8
10.82,189.0
10.63,197.8
10.71,204.1
11.27,212.1
11.75,220.3
11.7,223.8
9.93,225.5
8.17,232.1
7.4,232.1
6.31,243.4
4.28,253.6
2.58,241.3
1.62,223.8
1.39,200.5
2.81,180.4
1.88,203.2
2.27,206.4
3.04,180.1
4.55,162.2
4.98,188.6
10.27,179.7
10.27,184.7
10.7,184.9
11.15,192.7
11.78,205.9
12.55,216.5
12.48,222.5
12.33,224.5
12.27,224.1
11.72,224.3
10.86,232.5
8.54,229.3
8.06,228.6
6.85,231.2
5.78,233.6
2.98,228.8
3.22,179.6
3.17,187.6
3.38,193.8
4.2,184.6
4.26,168.3
3.65,198.8
6.29,179.6
9.07,176.3
9.55,185.5
10.65,183.0
10.66,188.9
11.17,200.9
11.84,209.1
12.09,215.4
12.03,215.2
12.06,216.2
12.11,216.8
11.73,219.7
11.86,225.1
9.89,221.1
9.33,224.5
8.37,224.7
7.48,226.1
5.73,220.2
5.58,203.6
5.16,194.3
5.55,198.2
6.25,196.7
6.4,207.3
7.06,183.7
9.44,174.2
9.86,172.8
11.09,179.5
11.77,183.5
12.19,187.7
12.61,193.0
12.86,202.6
12.65,203.2
12.85,208.7
12.28,211.7
12.22,213.2
11.74,218.9
10.32,219.3
9.08,223.5
8.79,219.4
7.24,219.7
7.04,220.1
6.37,203.9
4.46,200.2
5.52,199.4
5.92,194.0
7.0,173.3
8.29,168.6
7.96,172.5
8.43,171.6
9.72,168.2
10.74,165.7
11.59,173.3
11.87,178.3
12.01,183.5
12.56,185.6
11.84,192.9
11.92,199.4
11.67,201.7
11.74,203.7
11.4,207.6
10.69,214.8
9.52,208.7
7.68,217.3
6.26,214.9
6.15,197.2
5.38,195.4
4.56,185.4
6.3,174.1
6.46,164.9
6.29,172.8
6.13,170.6
8.07,161.3
7.04,156.1
9.68,163.7
10.4,162.6
10.84,169.2
10.63,173.4
10.77,180.5
10.61,178.6
10.59,197.8
11.03,210.9
10.86,222.5
10.11,221.6
9.69,231.7
6.76,241.3
4.22,247.8
2.56,267.5
2.3,357.7
1.75,46.9
3.19,85.2
3.4,65.6
4.13,86.4
3.82,90.7
4.29,108.1
4.23,110.7
4.4,125.7
4.91,121.9
5.19,111.5
4.67,123.7
8.68,167.3
8.58,176.3
9.69,179.2
9.1,190.0
9.41,204.4
10.13,214.2
9.72,221.7
9.3,227.9
8.29,235.6
6.85,237.7
5.29,243.8
4.13,246.7
2.11,223.8
1.61,149.3
1.91,123.2
3.06,140.0
2.8,140.5
2.85,132.4
2.58,144.8
2.96,143.4
2.38,130.9
5.32,167.9
6.61,157.0
6.81,149.9
9.34,149.9
7.17,140.0
8.77,166.0
8.68,186.3
9.05,202.3
9.98,213.8
10.6,227.9
9.87,231.4
9.93,242.5
7.77,241.6
6.04,246.8
4.87,247.2
3.57,249.7
1.79,237.3
1.12,199.4
2.02,155.5
0.74,156.1
3.16,138.9
3.25,137.1
4.5,125.3
4.18,155.0
6.32,151.4
10.03,140.1
9.39,152.0
9.83,164.5
10.05,173.6
10.4,185.7
11.22,193.8
10.93,201.4
10.47,210.1
9.68,222.3
7.9,224.9
7.97,240.0
6.86,246.6
5.03,256.9
4.77,276.9
2.71,281.7
1.91,278.8
1.84,228.8
2.31,201.1
1.37,164.5
2.14,173.8
9.22,310.3
8.48,169.1
7.51,135.5
9.91,194.6
9.68,185.4
7.47,205.7
7.66,205.1
7.35,203.9
8.47,188.6
7.71,197.1
7.5,194.7
7.46,206.4
6.64,226.1
5.89,243.4
6.19,258.5
5.18,259.3
5.1,260.3
5.26,270.4
4.92,282.4
4.11,299.0
2.63,293.3
1.73,325.5
1.58,351.7
2.06,30.5
2.52,27.1
3.55,79.2
4.19,78.0
3.03,178.0
9.89,204.0
9.85,211.6
10.23,225.2
10.49,223.4
10.67,228.3
6.94,305.6
6.63,292.9
7.8,284.7
5.35,286.3
5.12,11.6
6.96,46.5
6.48,33.1
6.67,33.3
6.26,36.0
5.91,40.2
6.17,34.8
6.15,22.6
6.41,20.3
6.49,24.2
6.73,25.0
7.37,27.1
6.65,38.5
7.64,43.4
8.0,47.5
8.34,51.3
8.21,63.3
8.42,68.2
8.01,75.5
7.91,79.5
7.52,88.4
7.55,87.2
7.38,91.0
7.51,95.2
8.51,90.7
6.73,87.7
5.65,80.8
3.88,82.0
4.57,113.4
3.68,108.4
4.01,86.8
3.39,89.1
2.81,106.7
3.22,115.2
3.2,116.4
3.6,117.0
4.53,131.9
4.69,128.9
6.04,121.3
7.39,115.0
7.74,129.6
8.66,142.9
10.82,147.4
11.52,154.5
10.86,158.4
10.71,164.5
10.93,167.3
10.87,172.6
9.48,178.1
9.21,190.1
7.19,210.0
7.13,211.6
7.22,205.4
7.32,210.6
6.47,202.8
6.06,199.1
5.62,196.5
5.38,200.3
5.23,194.5
4.49,205.1
4.48,191.3
7.73,174.0
8.65,174.4
6.76,187.5
15.32,19.5
8.85,7.4
9.57,155.1
9.18,174.6
10.1,217.6
10.08,239.2
5.4,242.3
5.71,296.3
8.31,283.4
6.46,268.3
5.64,248.5
4.4,278.5
2.52,324.7
3.45,18.2
4.91,46.9
6.34,59.6
7.43,62.9
6.76,65.3
6.35,69.2
5.64,82.5
5.29,74.7
4.37,141.5
4.3,206.1
3.01,196.0
4.55,184.6
4.08,176.7
8.98,171.9
8.82,187.5
7.87,206.2
6.79,209.4
6.61,211.4
5.47,209.8
5.86,201.3
2.86,154.5
4.09,203.1
5.36,206.1
5.47,229.1
4.87,238.3
4.05,215.5
4.81,199.5
4.67,201.7
6.02,186.2
5.3,198.7
6.16,207.4
10.26,146.4
6.85,150.6
9.54,135.7
10.68,155.9
9.55,153.6
5.24,313.2
7.25,55.4
8.78,58.7
8.56,81.8
8.94,64.0
9.16,32.9
7.69,79.2
7.88,106.5
8.07,121.4
5.61,136.6
4.6,150.3
5.81,168.5
5.56,181.6
6.0,181.8
6.22,186.2
6.94,177.3
6.73,174.1
6.93,173.8
7.88,168.6
7.97,173.2
6.59,179.9
8.6,166.0
8.85,165.2
9.12,166.8
9.51,172.8
9.1,169.4
10.34,172.2
10.93,180.5
10.12,187.4
10.05,193.1
10.45,194.6
10.44,199.3
11.79,202.3
11.66,206.8
10.43,211.0
8.46,211.3
5.66,215.9
4.24,220.8
3.03,217.1
2.35,197.2
2.26,184.0
1.78,191.6
2.34,163.4
2.88,169.5
4.42,176.3
7.41,158.6
7.47,168.9
7.26,164.7
8.04,168.4
9.17,176.1
9.69,181.4
9.87,190.2
9.91,206.6
9.7,207.9
10.74,210.4
9.69,210.6
9.27,214.4
7.55,232.4
7.29,245.5
5.52,256.6
5.07,252.6
3.53,255.6
2.6,243.8
2.21,227.1
1.85,204.4
3.03,175.6
1.65,179.6
2.24,191.1
1.23,207.3
2.55,180.3
7.48,141.5
5.86,146.6
6.23,150.6
6.54,138.6
8.52,147.9
7.87,123.9
5.73,144.7
4.13,160.5
2.06,181.1
3.34,203.9
5.97,213.3
6.4,224.4
5.33,232.7
6.08,230.3
4.91,232.2
4.19,236.2
3.75,233.0
3.2,236.8
11.19,350.2
7.53,85.4
7.62,126.1
8.41,100.2
7.18,88.6
6.81,103.1
6.11,102.4
6.01,113.8
4.39,119.9
3.9,133.6
6.2,62.0
6.61,86.4
6.27,106.3
6.67,159.4
6.85,184.8
5.48,194.4
3.85,198.6
1.71,126.6
1.36,181.1
1.68,215.7
1.59,273.8
2.02,312.9
2.84,337.3
3.35,344.2
3.73,1.6
2.9,16.7
5.12,15.8
5.39,34.5
6.38,30.0
6.7,45.7
8.48,43.9
7.95,42.1
6.78,44.8
8.67,45.8
8.24,42.4
8.61,43.1
9.19,33.8
7.54,34.2
5.93,36.5
1.94,211.8
1.94,5.2
1.64,352.6
1.54,31.1
3.05,47.5
3.75,66.2
3.12,63.0
2.82,55.3
3.18,49.6
3.31,48.9
3.33,50.2
3.48,67.0
3.52,76.1
5.48,87.9
6.83,91.6
8.02,95.2
7.7,97.6
8.41,106.4
9.06,120.8
6.31,112.9
8.59,125.7
3.8,97.2
6.01,76.1
5.4,88.4
5.3,98.7
3.56,95.1
4.51,117.1
2.67,125.0
4.66,102.8
6.28,90.5
2.83,53.0
6.94,104.0
6.2,129.5
4.71,136.7
7.39,153.2
5.19,126.4
4.35,148.3
3.96,118.9
4.02,113.5
4.85,111.0
4.47,133.0
4.69,123.4
5.05,117.0
4.79,113.7
4.73,117.3
4.72,119.9
4.86,126.1
4.22,116.4
4.89,128.9
4.02,110.5
4.38,131.4
3.38,151.0
3.54,136.6
4.06,145.2
3.81,165.7
5.18,184.8
4.89,184.0
4.03,181.2
3.88,172.2
3.78,166.8
4.07,150.3
4.8,166.4
3.7,204.0
2.7,155.2
3.66,158.1
5.81,154.5
6.75,162.5
6.75,165.3
8.04,166.4
9.59,158.6
10.37,165.0
10.92,171.3
9.9,174.3
9.21,179.0
8.62,178.1
7.36,179.1
7.13,173.6
7.1,174.3
6.59,169.7
5.71,169.4
5.11,170.2
5.32,158.6
5.23,154.8
5.79,145.0
6.36,145.3
6.67,142.3
6.84,132.4
9.32,132.0
9.65,131.4
10.05,139.8
9.98,145.2
10.48,154.4
9.44,161.4
9.15,164.6
9.51,168.9
9.14,176.3
8.89,175.1
8.63,179.5
8.34,184.2
7.1,190.5
6.51,198.1
5.02,193.6
4.82,187.4
5.09,176.8
5.51,171.5
6.36,165.2
6.41,159.3
7.01,161.2
7.52,162.1
7.59,161.1
8.34,146.5
9.09,147.5
10.03,149.3
9.42,154.3
9.83,161.7
10.06,165.4
10.98,175.9
10.9,187.3
9.96,183.9
10.86,183.9
11.35,190.5
11.27,193.4
10.74,196.5
10.18,191.3
9.44,189.5
10.04,189.6
9.33,184.6
9.45,180.1
8.21,159.0
8.69,173.3
9.82,178.0
8.34,161.1
8.47,161.3
8.49,162.8
9.5,181.1
10.18,159.8
10.68,156.3
9.36,146.0
10.78,161.3
10.5,164.8
10.84,171.5
10.55,186.2
10.02,183.8
9.94,189.2
9.76,191.8
9.74,190.1
9.98,196.7
9.41,203.0
8.19,199.8
6.09,204.8
4.93,202.0
3.6,202.3
2.92,181.2
2.77,186.6
3.06,171.8
3.98,166.3
4.17,158.8
4.99,158.8
6.89,138.6
8.97,164.9
7.75,164.8
1.25,139.1
2.2,163.9
4.54,183.9
4.39,188.0
4.92,201.8
4.77,206.0
4.91,239.5
4.13,268.7
4.22,284.2
2.77,2.3
3.1,53.9
3.71,37.7
2.64,11.2
3.15,351.1
4.14,11.8
4.68,356.5
3.73,20.9
3.73,21.6
7.05,1.0
2.31,46.7
1.77,75.1
0.94,171.9
1.68,218.1
1.42,245.2
3.94,318.3
6.5,24.2
6.11,41.6
6.57,43.3
4.54,44.7
5.74,22.4
6.51,35.0
6.02,33.8
6.79,21.2
5.57,35.4
4.37,20.2
4.61,40.9
4.75,40.5
4.67,31.4
6.15,38.0
6.38,36.1
3.4,170.7
6.16,124.7
1.88,111.5
3.56,31.6
5.22,332.8
6.73,340.3
4.17,349.1
4.7,11.9
5.66,17.6
8.38,13.0
7.4,12.8
7.81,38.6
7.37,46.6
6.71,48.2
6.74,42.9
7.1,42.7
7.01,33.0
5.98,19.6
3.89,9.8
3.94,12.2
5.12,13.7
6.88,29.2
7.65,28.4
7.6,28.4
7.64,22.5
7.69,23.4
7.65,33.1
8.2,30.3
7.66,33.3
8.59,28.4
8.39,34.4
9.77,32.4
8.21,31.3
8.13,30.4
8.05,32.9
7.44,43.6
7.32,45.9
7.14,44.9
6.47,45.2
4.72,50.9
3.16,42.5
3.04,30.1
2.14,347.6
3.46,3.0
4.1,16.8
5.1,11.8
5.84,14.1
6.1,17.8
6.66,24.2
6.31,18.4
6.35,25.6
6.78,26.1
6.6,24.4
6.93,34.6
6.18,42.3
7.28,43.9
5.65,53.8
2.74,52.3
0.78,13.3
2.27,327.8
3.65,312.3
2.27,285.7
2.71,257.8
3.7,249.3
4.11,267.1
4.42,276.6
3.33,287.3
2.93,273.9
2.23,272.9
2.64,267.3
2.9,254.9
3.69,236.8
3.39,227.0
2.83,218.0
2.74,218.5
2.16,232.2
1.73,226.5
4.82,109.3
6.55,140.1
4.34,110.4
7.78,200.1
6.21,206.6
9.11,152.7
11.37,183.6
11.01,195.0
12.06,199.7
11.98,196.1
11.58,203.0
11.78,203.4
11.21,211.3
9.25,220.7
7.9,226.1
5.73,224.6
3.81,220.7
3.4,199.5
3.55,187.3
3.29,193.3
3.72,183.8
5.39,163.9
6.36,170.9
6.57,170.3
6.75,177.3
8.26,175.8
8.08,184.9
8.64,189.9
9.59,197.0
9.94,201.4
9.29,200.0
10.7,202.1
11.39,208.8
11.26,211.6
10.96,212.7
11.26,215.8
11.2,218.7
10.69,219.3
9.72,222.9
9.02,224.8
8.02,225.2
6.42,225.6
5.39,213.0
5.25,205.7
5.73,191.3
6.03,203.5
6.43,202.1
6.55,193.7
7.29,197.4
8.67,190.2
9.78,190.6
9.63,188.1
10.53,198.1
10.42,200.0
10.05,202.9
10.01,204.5
10.03,206.0
10.57,211.6
10.61,214.3
10.84,215.5
10.44,219.7
9.05,219.3
8.2,223.4
6.84,225.8
6.1,226.5
4.71,226.9
3.66,206.7
4.13,199.2
4.33,193.1
4.22,188.6
3.43,184.6
5.35,176.5
4.84,185.7
6.79,177.3
6.86,177.5
9.79,188.5
10.29,200.0
10.94,208.9
10.33,211.8
11.28,216.9
12.32,213.1
12.14,220.0
12.14,217.3
11.28,219.6
11.25,222.1
9.06,225.4
8.48,222.6
7.65,224.9
6.5,227.3
4.74,226.3
3.43,210.3
3.25,187.7
2.99,189.2
2.96,194.6
3.12,181.7
3.31,176.2
4.55,160.4
8.33,164.9
8.03,175.3
10.47,179.5
9.77,194.3
10.91,196.2
11.5,209.2
10.7,207.7
11.28,210.1
11.25,213.3
10.99,213.6
10.51,217.7
9.94,223.8
7.1,223.8
6.48,227.8
5.09,238.6
4.28,220.2
3.24,231.6
2.24,212.3
2.99,177.8
2.4,176.9
3.08,182.0
2.69,199.3
4.09,177.0
4.78,155.9
7.73,154.6
7.55,163.9
7.42,166.6
10.47,174.2
10.05,187.9
9.89,197.3
9.41,211.8
8.57,222.4
7.35,224.7
7.33,226.3
7.35,233.4
6.32,236.5
2.67,246.6
1.59,259.0
0.4,186.6
0.33,103.8
0.86,94.8
1.47,134.5
2.39,190.3
2.72,177.2
2.24,178.8
3.16,186.6
2.9,182.7
3.09,180.7
3.61,155.0
7.98,164.7
7.82,169.8
9.33,175.4
9.15,185.8
9.44,195.8
11.34,213.7
10.93,215.6
11.97,224.5
10.72,219.1
10.23,225.7
10.35,221.3
8.28,221.7
7.15,225.3
6.45,227.2
5.32,223.7
4.28,217.1
3.61,206.0
3.21,188.0
3.26,194.3
2.88,207.0
3.22,208.4
3.67,204.8
3.28,209.3
3.18,194.7
7.18,183.9
7.19,198.5
12.8,14.1
10.83,16.8
14.43,15.7
11.56,13.5
12.3,8.1
12.98,13.2
9.09,9.5
11.57,14.3
10.54,14.6
10.93,18.0
10.7,21.4
10.3,19.9
9.84,19.6
9.42,19.1
8.93,20.1
8.66,21.8
8.63,20.2
8.57,12.6
7.6,21.2
7.13,20.2
8.61,30.8
8.98,31.0
8.18,35.8
7.91,43.1
5.47,52.4
3.18,65.5
2.47,40.9
1.98,32.7
1.65,33.8
1.49,32.2
1.11,22.6
1.08,6.2
0.66,311.3
1.27,313.0
0.81,309.3
2.15,344.3
2.96,354.6
2.88,6.8
3.19,12.5
3.2,20.6
2.66,13.2
3.28,31.2
3.74,47.7
4.27,64.4
3.91,64.8
3.9,59.1
2.83,76.2
2.49,72.3
2.58,102.4
1.59,109.6
3.02,138.4
3.31,161.2
4.83,193.3
5.17,205.1
4.4,204.3
4.44,206.0
3.92,202.7
4.3,203.9
2.6,202.7
2.83,154.4
2.92,156.0
3.28,167.4
2.93,169.7
3.67,166.9
3.92,167.4
3.7,168.0
4.08,155.5
5.25,163.2
6.9,137.5
8.03,136.5
9.27,141.9
11.89,155.0
11.17,163.7
11.71,168.3
12.4,170.1
12.33,173.8
11.96,182.8
11.65,188.2
12.5,192.4
12.21,197.7
11.31,197.5
8.16,194.0
6.76,188.1
6.87,179.5
6.24,171.4
6.05,168.0
5.91,167.4
5.82,167.2
6.27,163.0
6.09,159.1
6.81,159.3
7.23,149.4
9.39,156.9
9.52,154.6
11.13,155.4
11.18,153.7
11.07,158.3
11.16,162.0
11.53,166.3
11.55,163.1
12.12,173.3
11.56,185.1
11.01,187.8
10.65,186.3
9.41,191.6
6.63,184.5
6.85,184.4
5.78,180.7
5.39,181.0
4.87,167.4
4.83,167.1
4.74,163.4
5.09,161.0
5.96,154.7
5.88,142.1
6.32,145.2
8.79,138.2
9.21,135.3
9.15,136.4
9.72,127.6
9.98,147.4
9.55,155.9
9.36,166.5
9.75,170.5
9.0,170.3
9.52,177.0
9.86,181.0
8.91,183.3
6.29,203.3
6.33,202.7
4.28,252.0
3.81,298.3
2.35,315.1
2.73,322.0
5.74,351.0
7.97,0.7
6.46,4.7
8.69,168.8
0.79,257.0
3.79,12.1
4.41,352.4
7.05,341.0
7.93,352.4
6.7,344.6
6.93,331.6
7.73,340.5
7.17,336.9
6.76,335.9
7.26,332.4
6.81,333.9
7.2,327.8
7.42,337.0
7.28,337.6
6.71,335.7
5.9,337.4
6.05,335.2
6.75,333.8
6.15,333.8
6.89,331.6
6.16,328.6
7.21,331.7
6.31,332.3
6.66,332.1
7.35,340.2
6.47,334.8
6.67,337.2
5.76,344.2
4.95,343.2
4.8,343.2
4.46,339.2
4.4,335.4
4.78,327.9
5.95,324.1
3.62,333.8
4.18,324.7
4.46,326.8
4.54,333.6
2.98,334.0
3.86,321.4
2.77,325.9
2.48,307.3
2.49,317.2
2.41,311.6
2.2,283.8
2.01,310.0
2.2,327.4
1.58,3.2
2.21,359.3
2.42,4.3
2.52,30.6
1.82,73.9
1.33,89.8
1.0,128.7
2.56,68.7
3.14,95.1
2.59,104.7
2.97,102.0
3.39,118.1
3.28,126.3
3.86,146.2
4.18,170.2
4.11,158.8
3.39,168.4
3.19,175.3
2.93,194.4
2.6,202.0
2.69,182.0
3.2,187.2
4.08,160.2
4.56,161.7
5.12,165.8
5.23,164.4
5.09,173.6
5.07,183.1
4.58,180.5
3.98,180.8
4.2,173.4
4.15,166.6
4.46,168.0
4.43,166.1
4.25,176.8
4.95,180.2
5.19,186.2
4.95,199.8
3.91,216.9
3.07,219.4
2.67,238.0
1.85,220.8
2.65,273.3
2.17,324.2
2.72,336.3
2.91,351.4
3.62,347.1
4.21,13.4
3.19,7.4
4.6,31.5
5.81,58.5
6.2,55.6
6.87,54.4
7.51,57.5
6.11,60.9
6.17,65.4
5.86,66.1
5.3,63.2
3.95,41.9
4.55,23.3
4.15,15.2
5.17,357.6
7.71,354.3
4.8,27.1
3.94,17.7
5.59,5.1
5.45,7.3
6.0,15.8
5.58,8.3
5.96,6.1
5.68,16.0
5.22,20.7
5.25,31.0
5.39,37.8
6.24,51.0
6.62,65.2
6.56,75.8
6.21,80.0
6.32,86.9
4.58,101.2
5.89,102.8
5.78,126.2
6.64,122.4
7.41,132.6
7.22,145.9
7.73,156.0
9.1,165.0
6.94,173.2
5.76,171.7
5.27,176.7
5.47,178.8
5.0,180.3
5.04,185.2
4.88,184.9
5.02,184.8
4.62,190.8
4.69,201.4
5.31,179.3
7.57,165.9
8.73,170.7
9.61,169.9
11.33,169.2
11.54,175.4
12.11,181.9
12.66,185.0
12.5,192.2
12.05,196.8
12.61,197.9
11.82,203.5
11.83,204.4
11.88,210.9
10.59,214.5
8.33,214.3
8.13,218.8
7.25,226.3
6.52,222.5
5.52,214.2
4.72,205.5
4.31,194.3
4.38,195.4
5.23,179.4
6.8,179.1
8.43,169.3
9.23,177.3
9.8,184.4
11.34,187.9
10.64,191.9
11.61,187.3
12.37,194.4
12.44,202.3
12.59,211.4
12.24,214.2
11.97,227.4
11.94,228.4
11.53,230.8
9.43,234.6
6.69,238.2
5.98,237.8
5.68,232.8
4.48,221.2
3.65,191.3
3.7,185.2
3.65,197.5
4.67,179.9
5.17,183.0
5.77,166.9
7.33,166.7
8.9,166.3
11.31,170.3
10.49,183.2
11.26,181.8
12.35,193.8
12.21,199.1
12.54,207.0
12.71,208.3
12.5,212.1
11.25,221.9
10.5,229.7
10.04,232.7
7.75,239.3
5.12,241.1
4.45,253.8
3.5,258.3
2.38,242.0
1.76,215.9
2.48,180.5
2.61,177.8
2.6,181.3
3.38,176.2
4.12,173.0
5.4,162.9
5.11,166.1
7.02,175.3
9.13,184.2
11.17,191.3
11.2,195.8
11.64,202.5
11.59,209.5
11.87,211.8
11.27,214.8
10.71,218.9
10.31,223.3
9.55,232.1
6.71,236.3
4.36,245.6
3.46,247.2
1.88,248.7
1.61,196.2
2.03,177.2
2.46,184.8
3.46,173.7
2.85,162.0
3.58,170.9
4.28,158.3
5.68,161.8
8.03,172.3
9.04,174.3
8.21,193.0
9.4,198.2
10.67,198.7
11.11,201.7
11.13,207.3
11.27,210.9
11.68,214.9
11.35,214.8
11.48,221.8
11.04,225.1
8.45,220.4
7.54,222.2
7.07,217.2
6.88,210.8
7.03,201.5
7.28,200.5
7.62,197.9
7.8,197.0
8.47,190.6
9.65,187.8
7.77,185.8
10.5,181.6
9.7,177.5
11.56,181.7
11.6,185.4
11.54,185.3
12.1,186.4
11.99,187.4
11.45,189.4
11.49,190.8
11.93,193.1
11.47,195.0
11.8,196.0
12.16,198.8
12.32,200.8
13.24,199.6
13.22,204.0
11.88,200.7
10.29,197.7
10.34,199.1
10.4,199.3
9.93,196.1
10.74,191.8
11.54,190.7
12.07,188.5
12.44,184.0
12.01,180.5
11.68,187.6
11.05,189.1
11.67,183.4
12.98,183.7
13.28,190.5
11.93,190.0
13.0,192.7
12.89,197.6
12.38,196.7
12.74,194.3
12.77,195.2
11.47,196.3
10.76,198.7
10.02,197.6
8.85,194.1
7.65,193.4
6.8,187.1
6.28,175.7
5.73,181.8
6.04,172.6
7.19,173.3
5.87,170.4
9.1,157.4
10.05,159.0
10.45,164.5
10.69,164.8
11.16,170.2
11.82,174.4
10.2,177.4
10.37,192.3
11.18,188.5
11.84,196.0
11.21,195.8
9.79,198.3
6.91,193.9
5.72,208.8
4.31,216.3
3.13,208.8
2.21,219.2
1.26,223.3
2.49,144.6
1.81,115.7
2.76,105.7
2.64,114.0
4.04,130.8
3.31,127.1
5.01,164.3
5.99,154.8
3.34,198.8
4.13,210.2
4.08,200.4
4.44,189.0
4.31,188.6
3.6,196.1
3.65,196.1
1.83,224.9
1.74,203.3
2.1,172.6
2.3,193.8
2.34,192.6
1.45,173.9
1.64,203.9
3.01,332.1
2.89,6.6
3.17,65.1
3.43,59.9
4.28,61.9
6.91,4.7
4.84,30.8
5.44,354.8
7.64,352.3
6.49,347.1
7.48,359.2
6.57,358.0
5.04,335.6
6.07,345.4
6.02,351.8
5.74,7.8
6.37,33.7
5.91,30.9
7.8,67.5
6.37,43.2
6.65,33.1
8.83,32.0
10.17,35.9
9.11,67.9
8.92,70.3
11.66,68.4
8.46,69.4
7.96,71.1
7.01,70.6
7.67,51.6
7.36,46.1
7.97,25.4
8.72,30.1
8.7,21.5
9.04,11.9
10.47,15.0
10.68,18.8
10.01,4.6
10.99,0.4
11.0,10.2
9.34,19.1
8.44,5.0
9.52,1.0
9.49,356.8
8.69,344.7
8.4,343.7
8.36,337.4
9.92,341.9
7.86,344.3
9.05,357.3
9.99,1.6
6.44,3.1
8.77,24.3
6.72,38.9
4.96,32.9
2.81,56.4
2.85,35.7
5.34,42.0
4.36,50.4
2.89,64.4
1.85,58.6
1.0,351.7
1.9,277.5
3.68,280.3
5.77,292.3
6.35,312.6
5.4,314.4
6.45,316.3
7.18,316.2
5.56,321.2
4.73,322.4
5.94,334.1
7.07,336.9
6.08,342.2
6.16,343.4
6.37,341.5
6.66,344.5
7.51,346.9
6.4,354.8
7.26,350.6
5.62,349.3
6.02,346.7
12.66,9.7
7.34,310.4
9.5,323.0
9.96,324.3
10.35,320.2
11.22,322.1
10.65,324.8
9.22,324.7
8.94,324.0
9.44,327.4
9.74,326.0
7.95,328.7
7.04,336.2
5.93,337.3
5.23,337.7
4.65,342.1
4.41,336.2
3.99,340.5
3.7,340.6
2.86,347.0
2.13,349.8
1.02,331.1
1.42,274.2
1.4,254.2
2.39,222.5
3.32,218.3
3.26,240.7
3.81,220.2
4.36,219.0
5.54,212.9
5.69,202.9
6.26,194.2
7.39,187.4
8.61,184.0
8.69,187.5
7.83,188.2
5.72,183.4
6.63,180.5
7.91,181.7
7.64,180.2
6.86,178.9
7.08,172.6
7.39,170.5
7.79,169.7
8.31,162.9
8.54,157.2
10.67,154.0
11.06,157.9
11.38,163.8
11.64,167.5
11.63,167.8
12.11,169.1
12.31,169.7
11.71,176.6
11.52,175.1
12.17,180.5
11.89,177.8
11.29,178.5
10.57,182.1
9.86,179.6
10.33,176.2
9.54,175.0
9.07,174.2
7.41,168.5
7.14,168.1
6.74,166.8
6.66,167.2
6.64,175.5
7.17,168.3
6.2,167.5
8.19,152.6
8.93,157.4
9.4,159.4
10.18,169.3
10.28,175.6
4.19,243.9
6.55,215.1
4.77,225.5
4.64,239.0
5.75,256.0
5.08,290.8
4.82,302.2
3.99,299.1
2.86,313.7
2.04,311.6
2.11,316.3
1.77,318.4
1.41,313.7
1.27,319.2
1.81,336.3
2.24,344.5
4.55,10.8
9.31,12.6
9.66,13.9
8.71,15.8
8.46,18.9
8.5,17.2
7.85,19.2
7.95,23.2
7.52,26.3
7.32,22.9
7.97,25.5
7.83,25.6
7.81,23.5
7.7,25.9
7.71,25.5
7.45,24.0
7.62,25.3
6.98,27.5
6.85,19.9
6.6,13.2
6.49,16.3
6.76,14.7
6.93,14.0
7.04,14.3
6.93,13.9
7.4,13.0
7.42,16.3
7.77,22.6
7.94,21.0
8.16,18.5
7.59,17.1
7.67,22.1
7.43,20.4
7.13,19.0
7.59,20.0
7.05,21.7
6.97,21.7
6.81,25.8
5.94,29.0
6.08,31.2
7.14,30.9
6.92,35.7
5.28,37.0
5.37,28.4
5.17,25.9
4.37,29.7
5.5,24.0
4.98,28.5
4.82,17.6
5.75,19.8
4.31,38.3
3.97,31.4
4.4,21.4
3.49,17.1
3.38,19.2
3.58,351.0
3.69,336.5
3.3,322.3
3.85,306.4
3.84,301.8
3.98,307.8
3.57,312.8
2.74,310.6
2.27,304.7
0.91,314.7
0.52,154.4
1.47,163.9
2.61,177.1
2.62,174.5
2.96,171.8
2.7,177.2
3.9,167.9
4.22,170.7
5.22,172.1
6.11,170.1
7.17,152.0
8.46,155.5
8.03,162.7
8.16,168.8
8.06,172.4
8.31,168.7
9.02,179.5
10.08,184.5
10.39,188.3
11.07,196.2
11.53,196.7
11.32,195.0
11.11,192.1
11.33,195.1
11.65,201.7
11.67,205.9
10.79,205.2
9.72,207.8
9.62,211.1
10.37,211.7
10.08,213.7
9.23,215.7
6.74,217.8
5.71,202.1
9.04,204.2
8.97,196.3
9.54,197.4
10.36,202.3
10.7,210.0
10.4,221.3
9.77,223.6
9.59,229.0
8.69,228.7
8.24,237.4
6.77,249.8
6.46,257.0
4.74,268.6
2.56,310.5
2.26,326.8
2.21,329.0
1.67,333.3
2.19,313.1
3.03,325.7
2.72,330.3
2.84,343.4
2.56,340.8
3.1,338.6
3.69,355.4
4.56,351.4
4.11,9.6
3.82,6.6
2.31,55.6
2.57,74.4
3.42,89.3
4.19,110.3
4.54,118.4
4.67,130.3
5.53,158.3
5.65,186.3
6.11,177.9
5.74,187.2
6.16,167.4
5.23,177.2
5.09,180.4
6.3,187.4
5.7,181.0
6.47,183.0
7.72,177.6
6.88,173.3
7.3,175.3
6.76,183.1
6.51,171.2
9.27,159.3
9.51,159.3
10.64,155.1
11.02,167.5
10.33,172.0
10.18,171.7
9.83,177.3
9.77,184.2
9.9,181.5
9.93,191.4
9.89,186.7
10.87,196.0
9.17,192.6
7.92,188.7
7.56,190.5
7.11,186.4
5.84,175.5
5.92,174.5
5.6,183.6
6.9,156.4
7.09,162.7
8.66,153.6
7.12,152.8
8.11,145.7
10.0,152.7
10.45,153.5
10.23,158.9
10.35,157.6
11.25,166.9
11.03,172.0
11.17,174.4
12.79,180.6
12.34,185.9
12.08,184.2
12.34,183.1
11.56,185.8
11.51,184.0
11.0,186.2
8.8,183.6
9.73,183.1
9.88,187.4
11.17,195.2
12.45,197.8
12.96,199.3
12.57,204.3
12.4,209.4
10.83,201.5
11.08,194.4
12.21,195.0
12.0,206.6
9.59,205.0
13.19,208.9
11.78,226.1
8.9,258.1
11.19,277.9
11.3,278.7
8.69,257.4
9.58,270.0
8.93,258.5
9.5,271.8
8.79,297.8
8.31,300.1
7.09,311.7
5.97,322.6
6.24,331.3
6.36,334.7
6.54,341.7
5.8,346.8
5.99,0.8
6.33,8.1
5.81,13.7
7.01,11.8
7.42,27.5
8.43,28.6
8.7,24.2
8.28,28.3
7.51,36.7
5.75,37.4
3.25,30.5
3.0,27.9
2.83,35.0
1.87,27.7
1.47,65.8
1.18,64.8
0.75,91.1
1.26,107.8
1.18,129.7
1.81,136.3
2.16,133.9
2.33,149.0
1.98,155.7
2.25,164.0
2.62,176.5
2.83,173.0
3.29,156.6
4.67,155.0
6.17,150.7
8.04,154.3
8.89,159.4
9.45,167.6
9.85,170.4
9.92,172.6
10.31,179.0
10.38,182.0
10.65,188.3
11.05,189.1
10.94,189.9
10.69,190.2
10.87,188.4
10.05,189.9
10.56,193.5
9.77,196.6
11.96,197.2
12.3,202.1
12.1,203.1
12.67,201.4
12.21,206.6
12.14,202.2
11.54,200.8
11.21,191.8
12.46,191.9
12.88,190.9
13.44,192.9
13.58,196.6
13.93,202.5
13.41,202.9
13.99,204.2
14.08,204.8
14.19,207.2
14.39,208.5
14.71,212.4
15.24,219.1
14.88,223.2
14.69,226.8
13.5,236.9
11.7,245.2
10.15,275.9
9.61,294.9
9.43,315.5
8.91,327.1
8.63,336.9
9.3,342.9
8.38,346.1
8.32,6.1
9.84,11.8
11.69,19.3
11.51,22.1
10.19,26.3
8.86,30.0
11.22,32.9
11.98,37.7
10.61,38.1
10.99,41.4
10.76,42.2
9.93,42.6
8.38,47.2
8.11,45.7
6.85,41.8
4.17,42.2
3.83,35.0
3.24,40.6
3.77,34.6
4.36,25.8
3.74,12.0
3.64,7.8
2.85,12.3
2.69,355.5
2.17,5.9
1.6,26.1
1.74,1.3
2.83,350.2
1.84,10.2
0.83,23.4
0.78,279.2
1.2,241.5
2.05,260.3
2.7,257.0
3.12,245.5
3.43,249.4
3.61,266.4
9.08,332.1
8.06,312.8
5.19,293.7
4.28,293.2
3.11,323.6
2.18,309.5
1.98,286.3
1.85,282.7
3.95,247.1
3.56,223.1
3.83,220.7
3.76,186.0
5.45,186.8
7.98,183.7
11.16,187.9
10.83,192.9
13.09,193.5
12.87,204.9
12.69,206.1
12.94,208.8
13.27,209.5
13.18,205.8
13.23,208.7
13.64,209.8
13.54,210.9
13.41,210.5
11.85,207.0
12.04,209.7
11.32,206.8
10.89,204.1
10.81,204.2
10.94,201.1
10.98,203.1
10.45,199.7
9.14,196.5
10.48,187.0
11.85,182.2
12.32,185.4
13.09,192.8
12.76,194.9
12.62,196.3
13.24,186.5
14.37,196.6
14.19,194.4
14.03,197.1
14.14,196.1
14.85,199.8
14.3,203.3
15.69,201.1
14.7,199.2
13.63,198.3
11.32,191.6
10.27,198.0
10.23,196.5
10.78,196.2
10.61,198.1
10.47,193.4
10.76,187.6
10.68,185.8
11.47,179.4
12.84,181.1
12.37,179.3
12.42,182.8
12.87,181.0
13.36,182.4
12.98,185.3
12.07,190.0
10.09,188.7
10.67,189.1
10.02,192.9
8.17,201.1
7.32,203.6
12.19,193.6
11.59,201.3
10.87,200.0
8.43,235.7
7.98,258.3
2.83,255.0
4.46,188.1
5.84,227.5
5.07,165.0
5.34,212.9
3.97,178.8
7.49,159.1
8.88,168.5
9.98,173.9
11.45,176.4
11.55,184.0
11.9,183.1
11.33,184.5
11.19,189.8
10.75,196.1
11.04,192.5
10.38,188.7
10.97,193.0
10.65,194.1
11.13,198.6
10.52,195.9
10.39,194.8
9.78,196.8
8.71,198.1
8.25,202.7
7.86,198.8
7.28,205.2
7.48,199.0
7.57,201.9
7.75,201.2
7.08,197.2
7.62,178.9
8.83,183.5
10.16,186.4
11.0,188.3
10.49,183.1
11.96,188.8
11.93,191.8
11.51,191.1
12.21,201.5
11.18,195.1
11.04,193.1
9.86,189.4
9.94,187.7
10.7,194.1
9.78,190.3
9.38,193.7
9.46,190.2
8.55,183.5
9.24,180.7
9.26,180.2
10.91,179.0
11.54,177.9
10.04,174.3
11.35,169.5
12.84,173.5
13.29,173.1
14.47,180.2
14.58,180.5
14.48,183.4
14.82,185.2
14.98,184.1
14.63,191.2
14.15,192.8
12.31,193.5
11.95,195.8
9.52,193.2
9.97,207.6
11.05,209.7
10.75,217.4
8.34,227.2
7.11,243.8
6.9,267.4
10.0,322.3
9.03,327.8
9.47,340.6
10.25,355.0
10.95,0.9
10.49,3.3
10.94,11.3
11.0,13.3
10.82,9.2
10.78,8.3
10.64,16.7
10.53,12.3
10.09,17.1
10.25,17.5
7.42,14.4
10.53,16.3
8.7,9.8
10.19,14.9
9.94,6.7
10.01,7.8
10.73,2.8
10.69,4.1
10.96,2.0
11.34,2.6
11.33,2.7
11.52,3.8
11.38,4.4
11.1,4.9
10.76,13.6
11.41,11.7
11.2,15.5
10.07,10.1
10.1,17.3
10.04,15.8
9.78,18.1
9.16,17.9
8.94,14.2
8.6,13.8
8.67,11.5
8.51,10.9
8.33,10.2
8.19,10.1
8.05,10.7
6.75,8.5
5.02,7.3
5.74,11.2
5.48,7.3
5.12,5.2
4.85,2.0
4.51,4.8
4.44,3.7
4.06,4.5
3.75,13.3
4.91,24.9
4.81,21.9
4.68,29.7
5.19,29.0
5.13,32.0
4.18,25.5
4.25,26.7
2.66,30.5
2.77,22.7
3.05,15.3
3.39,16.9
2.86,18.5
2.65,16.8
2.63,20.5
3.19,23.4
2.26,20.7
2.29,44.5
2.38,48.5
2.4,46.4
2.53,47.9
2.81,51.2
2.71,50.7
2.79,57.1
3.03,72.9
2.64,73.0
3.81,81.9
3.65,95.8
3.22,104.2
3.28,120.0
3.1,133.4
3.27,141.6
3.37,135.0
3.59,144.7
4.15,154.1
3.86,153.8
4.64,170.4
4.49,163.9
4.77,159.6
5.3,170.6
5.1,175.8
3.9,173.5
4.3,166.7
4.07,170.1
3.72,169.7
3.73,169.3
3.86,164.5
3.68,164.4
4.19,157.0
5.44,153.5
6.52,156.4
7.46,160.0
7.96,164.4
8.45,167.2
9.07,173.5
10.59,180.8
11.01,187.6
11.52,200.8
11.89,204.4
11.23,209.7
10.73,213.5
10.76,216.9
10.67,219.3
9.75,223.0
7.93,223.3
6.19,225.5
5.89,231.4
5.07,234.7
4.2,238.1
3.43,237.2
3.09,225.2
3.23,224.7
3.8,216.3
4.43,214.4
5.15,217.7
5.38,215.4
5.74,220.4
6.79,218.3
7.82,219.2
9.55,220.9
10.91,225.5
11.32,234.2
10.78,245.2
9.98,254.2
9.57,261.8
8.76,281.8
8.69,295.0
8.82,297.0
9.22,300.7
5.5,306.8
5.0,321.0
4.01,337.9
3.38,354.4
3.09,3.4
3.03,17.1
2.07,27.0
1.95,40.6
2.29,55.0
1.96,95.0
2.18,105.1
2.27,130.7
3.43,166.9
4.43,179.7
5.76,197.1
5.89,201.4
7.17,205.9
7.85,215.6
8.16,223.4
8.44,230.8
9.17,238.7
9.42,239.6
9.78,240.9
8.57,239.0
5.02,236.3
4.89,244.0
6.16,245.8
5.41,241.1
4.95,233.6
5.13,229.4
4.92,227.5
5.04,218.3
5.39,211.6
8.14,201.8
7.29,201.1
8.75,196.0
10.23,197.4
10.52,199.3
11.3,210.1
12.23,220.6
12.55,225.0
12.34,230.7
12.36,228.6
12.49,227.2
12.43,224.5
11.82,224.6
11.45,225.5
8.86,223.1
8.0,218.1
7.61,216.7
6.9,213.3
6.81,207.0
6.62,207.2
6.15,201.7
6.58,198.6
5.71,192.4
9.19,188.8
9.43,183.5
10.22,180.8
10.03,179.0
11.25,190.8
11.42,200.2
11.08,204.0
10.44,202.2
10.69,200.9
11.09,206.0
11.77,213.8
11.56,215.3
10.63,218.8
10.4,218.6
5.12,254.6
4.88,251.0
4.8,227.7
5.32,231.3
4.52,227.7
3.41,259.8
2.41,264.3
1.86,278.0
1.61,306.3
2.26,324.5
7.21,3.3
7.8,8.6
7.74,8.6
7.46,19.4
7.76,23.3
8.22,32.0
8.16,53.4
8.02,53.4
6.81,57.3
8.26,35.2
6.53,49.1
7.59,41.2
5.39,19.0
4.76,45.7
5.2,330.4
1.62,30.3
3.08,25.7
2.18,23.3
2.79,342.3
2.32,347.2
1.91,341.3
1.76,332.6
1.48,321.5
1.38,317.6
0.35,333.9
0.39,170.2
1.75,192.8
2.12,180.6
2.2,199.3
2.76,231.8
2.41,235.2
3.06,222.1
4.13,217.0
5.44,217.4
6.17,220.4
6.46,239.0
5.57,262.7
4.29,300.1
5.4,307.0
4.66,325.8
4.72,328.9
5.42,346.8
6.54,356.2
7.95,1.6
8.1,0.8
7.83,358.8
7.33,359.3
6.6,2.4
6.52,14.2
8.55,15.1
8.23,28.7
9.11,26.2
7.74,34.8
7.3,39.8
6.6,45.9
5.89,52.8
4.9,46.2
4.91,56.1
3.21,77.8
3.39,84.0
2.55,89.7
2.37,126.4
1.62,150.9
1.75,161.6
2.49,197.8
2.11,218.1
2.87,221.1
3.54,229.6
4.04,243.8
4.02,247.8
3.75,254.4
2.75,242.5
2.39,208.5
2.71,216.9
2.45,231.6
1.06,286.3
2.97,13.5
3.05,33.6
3.36,44.1
3.57,50.9
3.86,58.4
3.7,59.6
4.66,52.2
4.91,66.8
5.39,91.5
6.14,100.5
5.85,115.6
5.24,117.9
4.07,121.4
4.73,122.5
4.45,126.6
4.61,132.9
4.58,151.4
4.66,159.8
5.03,150.5
5.86,142.4
8.75,137.3
9.4,141.5
10.42,149.3
11.34,151.3
11.71,159.3
11.56,167.5
12.07,172.2
11.96,172.5
11.69,175.2
11.73,179.4
11.63,181.4
11.31,185.9
11.32,189.6
11.45,187.9
11.92,195.5
11.52,195.8
9.59,189.7
10.52,190.4
10.89,188.3
11.65,190.5
11.62,191.2
11.88,191.6
11.75,189.9
10.27,184.9
11.75,178.7
12.89,183.3
14.32,187.2
15.41,191.8
15.29,190.4
15.81,188.4
16.76,190.8
15.98,194.1
14.32,193.3
12.78,191.9
11.94,190.9
11.42,193.3
12.0,195.6
11.06,191.4
12.69,191.4
12.34,190.2
12.76,192.5
13.13,192.8
13.37,193.2
13.13,194.3
12.2,193.8
11.8,191.9
11.66,189.7
9.56,184.5
11.12,181.7
13.02,184.6
13.37,183.7
13.22,182.0
15.9,183.3
17.42,187.5
16.37,185.6
16.22,185.6
17.49,186.1
16.73,185.0
16.65,188.0
16.35,189.0
16.54,189.9
16.78,190.3
16.87,190.2
17.24,191.4
16.7,191.2
17.28,188.8
17.33,188.5
17.32,187.6
17.17,185.8
17.8,184.0
17.41,181.8
14.94,175.5
14.07,172.3
13.08,166.9
12.96,166.8
12.68,165.6
15.03,175.5
15.03,179.5
16.6,179.1
15.03,181.6
16.57,186.9
13.75,193.6
16.88,195.6
12.35,201.3
7.4,198.8
6.0,206.5
7.37,209.0
11.4,222.2
9.8,312.9
7.15,312.9
8.82,316.3
8.15,309.1
8.81,305.5
9.17,300.9
9.36,306.4
8.66,307.9
10.41,302.9
9.01,309.3
10.54,308.8
9.28,5.9
7.65,359.3
11.21,21.1
8.8,21.0
9.26,18.9
5.56,2.2
8.42,22.8
6.98,16.3
6.75,26.4
7.01,14.5
8.01,16.1
8.06,18.8
5.81,24.5
5.06,36.9
3.93,27.9
3.94,23.2
3.39,30.1
3.17,33.2
3.45,28.5
3.18,35.7
3.07,62.8
3.62,80.8
4.3,85.3
3.34,89.8
2.95,96.8
3.05,104.4
3.13,125.4
3.24,117.5
3.41,124.5
3.49,126.7
3.25,119.6
3.81,118.7
3.91,122.8
4.29,124.9
4.61,123.9
5.63,127.5
4.73,134.7
4.48,134.3
5.71,129.0
5.36,130.2
5.24,134.6
4.7,148.7
4.33,154.0
4.08,146.6
4.15,149.9
5.49,140.6
5.89,134.8
6.23,127.4
6.11,129.3
6.3,134.3
6.4,132.5
7.04,142.8
6.24,152.4
5.96,158.3
5.78,164.4
5.82,172.6
5.54,177.4
5.6,180.0
5.31,188.6
5.09,188.7
4.85,189.9
3.62,190.5
3.16,189.6
2.72,190.0
2.42,185.9
2.37,177.9
2.42,174.7
2.66,162.5
3.1,154.5
4.39,149.1
6.2,129.7
7.86,139.3
8.9,150.7
9.03,155.5
8.43,158.3
8.57,161.2
8.36,162.5
9.11,171.6
9.05,173.9
9.21,175.8
8.57,180.6
8.64,183.1
8.55,190.3
8.22,188.1
6.71,194.3
4.7,186.8
4.94,182.8
4.12,176.5
3.71,174.8
3.42,167.5
3.22,170.9
3.31,155.7
3.8,139.1
7.56,109.7
9.13,120.7
9.12,124.3
9.01,123.4
8.85,127.9
8.23,125.8
8.07,127.4
7.62,126.0
6.65,128.3
5.75,129.9
5.29,122.7
4.05,127.2
3.55,114.9
3.07,96.5
3.22,84.3
2.98,87.6
2.21,74.8
3.35,77.3
3.3,72.5
3.81,78.2
4.13,82.4
3.56,88.3
3.8,93.9
3.71,93.5
4.69,98.9
5.27,104.3
4.84,102.3
5.16,110.4
5.44,116.3
5.81,124.9
6.34,130.2
6.15,132.1
6.48,142.1
6.49,146.3
6.19,150.7
6.08,150.8
5.64,152.2
5.4,156.4
5.41,162.7
5.44,167.4
3.2,160.8
3.66,158.5
3.68,160.0
3.66,161.2
3.82,161.1
3.85,158.4
4.64,147.2
5.49,145.1
7.76,140.2
8.92,143.6
9.93,146.6
10.28,152.5
10.49,157.9
10.78,159.1
10.7,168.6
10.79,172.3
10.96,175.0
10.87,174.0
11.54,178.5
11.44,176.6
11.32,176.5
11.17,177.7
10.83,176.6
8.6,179.9
7.32,178.4
7.62,176.7
7.83,174.2
7.46,176.7
8.32,171.9
8.42,168.9
7.69,186.9
7.07,162.6
7.1,166.3
9.11,161.7
8.5,173.8
5.43,170.7
4.33,154.7
7.55,183.4
7.99,184.2
9.79,193.1
10.07,197.2
10.55,192.5
8.09,185.0
10.78,199.6
10.25,202.0
9.25,202.5
9.46,205.6
8.47,208.1
8.58,209.4
8.57,213.0
7.59,215.6
6.79,220.1
6.2,222.3
5.92,225.8
5.36,219.8
5.5,221.8
5.87,203.9
6.29,199.3
8.63,195.9
9.9,193.1
9.64,194.7
9.27,205.3
8.19,227.8
8.61,231.3
8.82,235.6
8.28,243.1
7.35,260.4
7.51,279.3
5.42,289.7
4.86,284.9
6.27,325.7
4.39,338.4
2.52,325.5
2.48,354.1
3.0,0.0
2.65,18.0
2.66,30.0
2.43,38.0
2.76,54.7
2.86,71.6
3.18,78.0
2.89,89.0
2.85,98.5
2.61,109.0
3.11,114.7
3.0,130.8
3.69,144.6
3.9,158.0
4.52,171.0
5.2,176.6
5.24,184.9
5.14,183.6
5.34,185.2
5.32,184.9
5.3,177.3
5.35,160.3
2.47,140.5
5.45,153.4
6.22,159.7
6.25,169.8
6.31,166.0
5.24,173.1
6.58,168.8
5.66,176.3
7.57,173.3
7.92,172.0
8.59,187.8
9.99,181.2
10.12,186.6
10.49,189.0
9.91,200.7
9.68,207.5
10.29,203.0
10.72,207.8
10.95,201.1
10.19,212.1
9.67,205.1
11.34,203.3
9.5,196.0
10.49,213.1
8.06,196.6
8.96,196.0
9.5,202.7
10.07,197.5
11.08,198.3
10.66,201.5
10.34,200.1
8.44,192.9
9.38,191.6
10.43,194.7
10.08,192.2
11.03,196.9
11.27,208.1
11.45,212.6
11.08,217.2
10.23,223.0
9.03,236.1
7.53,260.7
10.82,6.8
12.41,28.2
10.05,25.4
11.76,20.6
12.2,21.6
12.13,22.0
12.61,26.7
12.44,26.8
11.83,25.1
11.27,25.7
10.62,23.2
10.44,20.5
10.01,20.0
8.41,16.7
10.43,14.0
11.09,12.8
9.93,12.0
10.35,17.4
10.41,22.5
9.8,29.6
10.2,34.1
8.88,44.7
7.72,51.8
6.41,60.0
4.94,61.8
4.14,61.4
2.88,70.4
1.89,79.8
1.61,120.0
2.28,132.0
2.09,168.3
2.43,181.9
2.42,186.6
3.22,186.2
3.75,191.2
4.21,192.8
4.93,189.1
6.09,175.8
8.29,169.0
9.93,174.5
10.78,182.8
11.69,185.8
12.42,187.5
12.97,191.2
13.53,193.5
13.38,202.2
13.98,207.6
14.17,211.0
14.71,214.4
14.48,215.2
14.58,216.3
14.76,217.4
14.82,219.0
14.09,219.0
11.99,218.4
11.18,215.9
10.7,216.3
10.1,212.6
9.94,208.1
9.86,208.6
9.79,205.4
9.82,197.4
10.73,193.1
12.0,185.7
13.02,192.1
14.37,204.0
14.65,204.5
14.59,210.8
13.53,210.6
13.72,210.6
14.6,213.3
13.61,218.5
13.75,221.2
13.91,223.6
13.02,229.4
9.14,239.2
12.54,246.7
10.49,257.2
9.32,285.0
8.29,306.0
8.85,319.6
8.87,329.1
8.25,342.5
8.95,340.8
10.7,345.8
10.79,357.1
12.31,357.4
11.02,3.4
12.56,0.7
11.84,4.0
11.47,359.7
11.54,358.3
11.64,0.9
10.91,5.6
11.11,1.2
10.43,356.4
9.58,356.3
9.62,353.3
9.11,347.6
8.96,347.1
8.1,346.7
7.2,345.8
6.29,343.5
5.49,343.6
4.72,342.9
4.16,338.6
3.1,346.5
2.21,16.3
2.05,24.3
2.44,90.8
2.02,133.5
1.93,168.7
2.82,183.0
3.38,198.4
4.24,199.5
4.49,196.6
4.73,199.1
5.13,197.8
5.32,201.7
6.08,196.0
5.71,199.5
6.23,196.4
6.56,196.8
6.99,193.2
7.73,189.5
7.77,186.9
5.74,182.1
5.93,177.6
5.92,175.0
6.1,172.1
6.15,168.2
6.44,166.3
6.87,164.1
7.72,161.2
10.15,163.4
11.14,169.8
12.57,175.3
13.45,179.7
14.02,183.2
13.92,185.8
14.19,190.1
13.98,194.0
13.92,198.3
13.66,202.3
13.93,202.0
13.74,203.3
13.15,207.2
13.23,207.6
12.38,207.8
9.14,205.1
6.84,205.1
6.32,196.5
6.89,193.0
6.62,189.0
6.61,186.4
7.51,177.6
8.39,181.8
7.68,190.1
9.11,185.3
11.69,183.4
12.22,182.7
13.48,187.9
13.5,194.5
13.75,204.9
14.25,207.4
14.19,207.1
14.11,205.9
14.58,208.0
14.48,208.9
14.0,210.9
13.35,211.6
12.87,211.7
12.31,212.9
10.54,213.4
9.9,214.2
8.27,215.1
6.83,213.1
6.8,212.3
6.91,211.9
7.16,204.5
7.33,200.2
7.6,197.7
9.07,191.0
10.14,181.8
10.68,175.1
11.82,173.0
12.08,181.4
11.51,190.3
12.27,199.9
12.49,204.5
13.12,205.9
12.88,206.8
13.19,208.1
12.42,203.5
12.81,206.2
13.53,209.2
13.01,205.2
14.3,207.6
12.16,207.7
13.02,206.4
12.57,207.1
11.8,209.7
11.12,204.7
11.1,207.5
10.74,207.9
9.38,204.2
11.04,197.3
12.65,196.6
11.15,199.3
11.08,199.5
11.35,203.9
12.68,210.7
13.19,214.2
13.77,213.8
13.99,215.9
12.7,210.5
13.09,210.9
14.03,217.4
13.03,207.0
12.99,210.8
14.24,212.4
11.81,216.7
9.24,212.6
9.2,211.2
9.1,209.2
9.17,200.3
9.22,203.4
8.77,199.0
9.05,191.9
8.27,190.2
9.88,185.7
11.6,190.4
13.13,190.3
13.72,194.5
14.56,196.8
15.86,201.1
15.17,199.3
15.85,199.3
17.06,197.7
16.76,199.5
16.36,200.9
15.32,201.7
13.5,201.7
14.0,200.0
14.47,200.2
14.72,203.2
14.8,207.1
11.62,208.6
9.8,207.7
10.12,210.7
9.48,214.4
9.04,213.0
8.95,208.0
8.29,196.8
9.37,190.2
7.21,186.5
9.55,185.8
11.14,194.5
10.94,201.0
11.13,206.4
11.17,212.3
10.95,237.1
10.03,253.7
9.16,317.4
9.25,319.2
9.75,324.6
10.01,327.9
10.34,331.4
10.17,336.5
8.26,346.0
8.29,353.2
9.05,351.3
9.01,351.8
8.98,353.3
8.63,355.4
8.82,354.8
8.64,356.6
7.71,358.2
9.58,357.0
10.97,359.0
11.19,2.6
10.82,8.7
10.29,22.2
10.55,30.4
10.88,40.0
10.57,42.8
9.72,49.0
8.65,47.7
7.52,47.2
6.36,45.5
5.29,38.1
4.01,26.2
3.21,355.8
3.66,358.1
2.63,345.5
2.39,14.5
2.33,44.4
1.81,63.2
2.06,93.3
2.9,99.7
3.1,104.3
3.88,115.0
4.9,123.9
6.08,139.2
6.45,147.1
7.83,148.8
8.27,154.7
8.39,155.1
9.27,161.2
10.33,169.4
10.66,176.5
11.16,183.0
11.58,187.5
12.01,191.0
12.07,193.0
11.69,194.2
11.79,199.3
11.03,200.7
9.24,201.3
8.93,198.9
8.74,195.9
8.5,194.6
8.99,196.8
9.3,198.2
9.06,197.9
8.53,190.6
10.01,183.0
10.9,175.7
11.23,181.0
11.82,188.6
11.68,194.5
11.61,202.9
10.11,226.3
7.34,268.4
6.07,296.5
6.47,299.5
7.04,307.1
7.91,309.4
7.87,311.3
7.69,311.9
7.64,312.6
5.49,304.8
4.4,303.4
3.62,302.4
3.11,298.4
2.82,298.5
1.58,279.5
1.71,287.7
1.89,315.6
2.74,340.4
3.58,21.2
5.31,22.4
4.55,21.1
3.31,39.1
3.26,16.8
3.77,22.6
3.49,25.8
3.46,18.6
3.5,34.1
5.63,6.6
5.78,25.7
4.24,46.2
3.37,48.3
3.79,54.2
3.83,57.0
3.89,64.9
2.23,72.4
1.61,82.5
1.3,108.8
1.62,160.2
2.98,198.7
4.39,210.8
4.83,211.6
3.83,202.8
4.86,193.5
8.92,206.1
10.14,197.0
10.6,198.8
10.55,191.2
11.57,201.9
12.1,213.7
13.6,217.5
13.27,220.5
12.32,220.5
12.15,220.8
13.14,221.0
12.93,224.8
12.68,226.9
11.93,237.0
8.91,268.9
8.9,275.5
8.58,299.2
8.99,310.7
9.13,318.2
9.5,326.5
9.4,331.4
8.72,339.1
9.33,351.3
9.97,357.8
10.41,359.1
11.67,0.9
10.87,5.1
10.58,3.0
11.76,359.2
12.48,357.9
13.26,356.4
12.9,354.2
11.26,348.2
11.62,352.2
10.69,352.2
9.76,339.5
9.61,343.1
10.25,338.9
10.87,343.9
10.58,338.9
9.81,337.8
9.06,335.6
8.84,335.6
6.6,333.7
6.26,332.7
5.6,331.7
4.62,329.5
5.44,331.0
5.04,335.2
4.03,341.0
3.1,339.7
2.76,324.4
2.31,325.7
1.67,338.3
1.32,342.5
0.77,7.6
1.12,94.4
1.49,124.1
2.49,134.4
3.1,152.8
3.71,163.7
4.31,168.1
4.06,168.4
2.57,155.0
2.81,155.4
2.6,154.6
2.54,154.8
2.18,158.0
2.25,155.0
2.09,117.6
3.8,104.4
5.37,108.2
5.45,112.7
5.23,117.1
5.32,123.7
5.15,139.3
6.24,132.5
5.82,138.1
6.11,150.6
6.79,164.1
7.46,172.3
8.09,174.6
8.32,175.8
9.09,178.8
9.51,182.4
9.74,180.8
7.82,185.6
6.35,184.2
7.31,186.0
7.77,185.8
7.71,186.2
7.53,183.6
7.4,176.3
7.83,171.0
8.99,164.4
11.04,163.6
11.86,167.9
11.84,171.4
11.96,173.6
12.35,177.7
13.0,183.1
14.13,188.9
13.89,192.0
13.4,192.8
12.61,194.5
12.76,196.4
12.59,195.7
12.1,196.7
11.57,198.2
10.82,198.1
8.42,196.9
6.2,191.5
5.77,190.5
6.68,190.4
6.79,185.3
6.76,182.0
7.42,173.6
8.82,177.0
7.96,168.1
7.24,172.2
8.9,171.3
8.71,172.4
8.38,180.6
7.53,176.2
7.88,180.9
8.16,179.7
7.74,169.7
7.18,165.4
6.2,160.7
6.29,171.7
9.34,174.2
7.92,167.8
7.7,163.7
8.72,158.6
9.06,161.1
11.06,167.0
10.89,162.8
10.42,164.0
10.33,162.0
10.37,161.9
11.31,165.6
11.99,167.8
11.97,167.6
11.32,168.3
12.13,172.1
9.69,175.0
11.68,182.1
10.72,199.7
10.45,223.3
11.74,234.3
10.81,264.5
7.93,252.0
8.81,245.5
8.06,235.4
8.96,257.9
9.29,256.7
9.67,250.8
10.95,261.3
10.45,270.7
6.74,262.0
6.33,244.7
6.7,242.9
6.58,243.4
5.86,248.5
4.95,243.0
4.3,231.0
4.25,210.0
4.91,196.9
6.75,209.3
8.1,219.8
9.9,218.1
9.11,218.4
9.17,229.4
8.17,241.0
7.99,249.6
8.88,242.7
9.19,242.2
9.12,258.5
9.1,280.6
9.36,292.5
9.79,286.2
11.87,285.9
10.75,289.0
8.31,288.8
9.34,298.6
7.69,293.2
7.14,290.3
6.63,284.2
6.33,280.5
5.56,283.1
4.47,290.7
4.03,281.0
6.69,276.0
8.98,272.7
9.06,272.1
10.07,276.4
9.9,283.2
9.35,286.4
11.29,287.3
11.62,282.5
12.38,282.4
12.44,286.2
11.72,291.0
13.08,295.3
10.59,314.1
7.62,320.9
5.55,308.2
5.77,304.9
5.85,299.4
5.84,296.1
5.1,289.1
4.37,280.0
5.36,266.4
4.97,257.7
6.0,267.7
6.44,262.1
6.2,256.3
7.63,257.0
8.41,256.2
11.99,258.9
13.1,264.7
13.58,272.9
13.18,270.7
12.41,264.3
12.96,265.4
12.44,265.1
12.08,269.6
12.14,284.4
9.96,264.2
9.47,248.9
7.7,249.8
5.32,237.3
5.21,241.9
5.1,245.6
5.38,231.5
6.49,237.5
6.91,231.7
5.93,224.8
6.3,217.6
7.24,200.7
7.96,215.1
7.21,206.3
9.68,178.2
10.75,196.8
13.08,207.6
13.45,208.8
13.48,201.2
15.73,202.1
15.78,198.8
15.42,200.0
15.55,197.2
16.7,196.4
16.28,199.6
15.49,201.1
14.02,199.9
13.17,204.4
14.13,207.8
13.44,205.3
13.3,207.2
12.15,206.8
11.06,212.4
9.18,214.6
6.55,221.5
8.8,235.1
8.53,258.9
11.57,284.6
18.94,283.5
16.18,281.6
17.36,297.0
15.69,325.0
20.2,319.5
17.16,317.0
17.94,315.7
16.73,317.7
16.88,320.2
15.65,319.2
14.45,319.4
15.14,318.9
15.13,323.8
15.89,328.8
15.42,328.8
13.95,328.2
12.98,326.8
11.68,326.7
10.66,326.4
10.45,324.7
8.44,323.1
8.3,325.4
6.89,314.8
8.7,318.2
8.76,318.6
9.83,315.7
7.01,305.6
6.53,308.4
6.1,293.4
6.69,281.8
8.37,273.9
8.54,276.1
8.41,279.7
8.24,270.1
8.12,262.8
7.77,256.7
7.6,249.3
5.97,239.2
4.76,233.1
4.98,232.5
5.48,232.9
6.29,227.0
5.53,218.5
5.99,218.2
6.21,208.8
8.6,209.0
8.57,203.0
9.91,197.0
11.16,206.5
12.0,201.9
13.22,213.8
13.16,216.6
12.56,219.8
12.71,219.1
13.02,217.8
12.18,218.2
11.78,219.7
11.27,221.2
10.8,220.3
10.91,220.4
9.6,216.3
7.55,214.7
8.28,212.4
8.94,206.9
10.96,206.0
11.47,205.9
11.31,207.3
11.58,205.1
9.75,199.3
11.19,193.5
10.55,195.4
11.82,194.5
12.41,198.3
14.77,206.8
15.31,212.2
15.84,212.1
14.62,213.8
14.57,216.5
15.6,222.5
15.14,225.5
14.48,222.4
14.23,229.2
14.56,233.6
14.05,237.0
12.66,246.9
10.65,253.5
10.29,273.7
8.43,280.6
6.75,282.4
5.78,278.5
4.62,277.7
3.11,304.6
3.04,320.5
2.87,342.9
4.59,10.8
4.0,5.7
3.75,1.2
3.24,344.0
7.83,352.6
8.12,2.9
7.84,6.0
8.96,359.0
8.8,357.6
7.94,354.2
9.21,353.1
9.08,350.7
8.41,354.8
8.16,350.0
4.51,346.2
3.65,344.5
2.57,353.3
2.6,0.8
1.5,27.9
1.38,30.1
1.58,56.2
2.31,69.2
3.53,81.7
4.13,78.6
4.46,77.2
5.75,82.3
6.1,80.4
6.06,91.0
5.99,84.4
6.33,84.1
6.76,97.4
10.62,104.8
3.14,29.2
4.44,54.9
8.05,86.3
6.49,68.1
4.84,59.9
3.76,41.4
3.78,12.1
6.63,335.4
9.82,348.9
12.69,339.2
14.43,333.9
15.57,331.2
15.35,331.9
15.71,328.9
16.33,332.1
15.13,332.3
16.09,336.0
16.08,333.6
15.19,336.2
14.69,337.4
14.65,341.7
13.41,339.0
11.39,338.1
10.24,341.1
10.14,343.2
10.61,341.9
11.55,335.5
10.05,331.8
10.75,330.4
9.2,327.6
10.22,329.5
8.32,332.3
6.59,340.5
4.62,343.0
4.51,340.1
4.69,349.3
3.28,9.5
2.81,33.1
2.78,63.3
3.53,79.3
3.33,91.1
3.32,117.3
3.89,136.5
4.81,150.2
5.58,154.4
5.55,157.9
6.46,163.9
6.72,169.2
6.71,164.4
6.83,166.0
7.26,170.9
8.39,173.7
8.56,174.0
8.39,171.9
6.58,174.4
6.47,177.6
7.1,177.7
6.9,170.5
6.66,170.0
7.01,166.2
7.28,166.3
7.09,170.6
7.21,155.6
9.95,159.7
9.23,167.8
7.96,162.8
6.9,155.3
6.13,157.3
4.99,150.7
3.46,147.7
3.26,140.7
2.22,115.0
1.34,104.3
1.75,40.0
2.0,6.3
2.15,353.8
3.48,340.3
4.83,346.5
6.15,336.4
7.55,333.8
8.8,324.8
8.49,323.6
8.22,322.6
7.43,318.1
9.71,322.5
9.47,325.6
9.23,326.7
9.71,334.4
9.37,330.4
9.41,334.7
9.42,336.1
8.77,336.5
8.53,333.7
8.56,332.2
8.6,328.6
8.31,326.4
8.33,326.8
7.45,327.3
7.33,327.3
6.07,327.2
7.06,328.5
7.63,326.4
6.27,319.8
5.29,320.8
4.41,326.8
3.27,340.6
3.3,342.0
2.35,343.2
2.16,342.4
1.25,350.5
1.07,93.2
1.74,130.5
2.05,138.3
2.79,156.8
3.75,175.3
4.71,176.6
5.32,177.5
6.17,176.0
6.53,172.8
7.43,174.5
7.9,175.4
8.11,172.0
8.9,170.7
9.35,168.8
9.13,168.3
9.09,167.5
7.48,164.4
6.52,162.4
8.16,164.2
8.24,163.6
8.49,163.7
8.4,160.7
8.52,158.0
8.67,159.2
8.84,156.1
9.16,162.8
8.03,161.7
7.57,160.9
6.68,149.4
7.88,152.7
8.94,158.9
9.42,162.8
9.74,166.5
9.9,166.6
9.98,166.6
8.84,171.2
8.28,175.3
7.95,178.5
9.0,179.5
10.11,178.6
14.7,173.8
7.71,200.6
2.33,186.8
2.92,202.7
5.23,221.9
5.75,238.2
5.7,234.5
6.09,245.5
5.91,251.2
11.84,218.6
11.52,226.3
11.09,247.3
11.72,264.1
12.96,296.3
16.74,353.9
