-1.9,
0,
0,
0,
0,
0,
0,
0,
0,
0,
0,
0,
0,
0,
0,
0,
0,
0,
0,
0,
0,
0,
0,
0,
0,
0,
0,
0,
0,
0,
0,
0,
0,
0,
0,
0,
0,
0,
0,
0,
0,
0,
0,
0,
0,
0,
0,
0,
0,
0,
0,
0,
0,
0,
0,
0,
0,
0,
0,
0,
0,
0,
0,
0,
0,
0,
0,
0,
0,
0,
0,
0,
0,
0,
0,
0,
0,
0,
0,
0,
0,
0,
0,
0,
0,
0,
0,
0,
0,
-1.8,
-1.8,
-1.8,
-1.8,
-1.8,
-1.9,
-1.9,
-1.9,
-2,
-2,
-2,
-1.9,
-1.9,
-1.9,
-1.8,
-1.7,
-1.7,
-1.7,
-1.7,
-1.7,
-1.7,
-1.7,
-1.7,
-1.7,
-1.8,
-1.8,
-1.9,
-1.9,
-1.9,
-1.9,
-1.9,
-2,
-2,
-2,
-1.9,
-1.9,
-1.9,
-1.9,
-1.8,
-1.8,
-1.8,
-1.7,
-1.7,
-1.7,
-1.7,
-1.7,
-1.7,
-1.7,
-1.8,
-1.8,
-1.9,
-1.9,
-1.9,
-1.9,
-2,
-2,
-2,
-2,
-2,
-2,
-1.9,
-1.9,
-1.8,
-1.8,
-1.8,
-1.8,
-1.8,
-1.8,
-1.8,
-1.8,
-1.8,
-1.8,
-1.9,
-1.9,
-1.9,
-1.9,
-1.9,
-2,
-2,
-2,
0,
0,
0,
0,
0,
0,
0,
0,
0,
0,
0,
0,
0,
0,
0,
0,
0,
0,
0,
0,
0,
0,
0,
0,
0,
0,
0,
0,
0,
0,
0,
0,
0,
0,
0,
0,
0,
0,
0,
0,
0,
0,
0,
0,
0,
0,
0,
0,
0,
0,
0,
0,
0,
0,
0,
0,
0,
0,
0,
0,
0,
0,
0,
0,
0,
0,
0,
0,
0,
0,
0,
0,
0,
0,
0,
0,
0,
0,
0,
0,
0,
0,
0,
0,
0,
-1.8,
-1.8,
-1.7,
-1.8,
-1.8,
-1.8,
-1.8,
-1.9,
-1.9,
-1.9,
-1.9,
-1.9,
-1.9,
-1.9,
-1.9,
-1.9,
-1.9,
-1.8,
-1.8,
-1.8,
-1.7,
-1.7,
-1.7,
-1.7,
-1.7,
-1.7,
-1.7,
-1.8,
-1.8,
-1.8,
-1.8,
-1.8,
-1.9,
-1.9,
-1.9,
-1.9,
-1.9,
-1.9,
-1.9,
-1.9,
-1.9,
-1.8,
-1.7,
-1.7,
-1.7,
-1.7,
-1.7,
-1.7,
-1.6,
-1.7,
-1.6,
-1.8,
-1.8,
-1.9,
-1.9,
-1.9,
-1.9,
-2,
-2,
-2,
-2,
-2,
-1.9,
-1.9,
-1.9,
-1.7,
-1.7,
-1.7,
-1.7,
-1.7,
-1.7,
-1.7,
-1.7,
-1.7,
-1.7,
-1.8,
-1.9,
-1.9,
-1.9,
-1.9,
-2,
-1.9,
-2,
-2,
-2,
-2,
-1.9,
-1.9,
-1.9,
-1.8,
-1.7,
-1.7,
-1.7,
-1.7,
-1.7,
-1.7,
-1.7,
-1.7,
-1.7,
-1.8,
-1.9,
-1.8,
-1.9,
-1.9,
-1.9,
-1.9,
-1.9,
-1.9,
-1.9,
-1.9,
-1.9,
-1.9,
-1.9,
-1.8,
-1.7,
-1.7,
-1.7,
-1.7,
-1.7,
-1.7,
-1.7,
-1.7,
-1.7,
-1.8,
-1.9,
-1.9,
-1.9,
-1.9,
-1.9,
-1.9,
-1.9,
-2,
-1.9,
-1.9,
-1.9,
-1.9,
-1.9,
-1.8,
-1.8,
-1.8,
-1.8,
-1.8,
-1.8,
-1.8,
-1.8,
-1.7,
-1.7,
-1.8,
-1.8,
-1.9,
-1.9,
-1.9,
-1.9,
-1.9,
-2,
-2,
-2,
-1.9,
-1.9,
-1.9,
-1.9,
-1.7,
-1.7,
-1.7,
-1.7,
-1.7,
-1.7,
-1.7,
-1.7,
-1.7,
-1.7,
-1.8,
-1.8,
-1.8,
-1.9,
-1.9,
-1.9,
-1.9,
-1.9,
-1.9,
-1.9,
-1.9,
-1.9,
-1.9,
-1.8,
-1.8,
-1.7,
-1.7,
-1.7,
-1.7,
-1.7,
-1.8,
-1.8,
-1.8,
-1.7,
-1.8,
-1.9,
-1.9,
-1.9,
-1.9,
-1.9,
-1.9,
-1.9,
-1.9,
-1.9,
-1.9,
-1.9,
-1.9,
-1.8,
-1.7,
-1.6,
-1.7,
-1.7,
-1.7,
-1.7,
-1.7,
-1.7,
-1.7,
-1.7,
-1.8,
-1.8,
-1.9,
-1.9,
-1.9,
-1.9,
-2,
-2,
-2,
-2,
-2,
-2,
-1.9,
-1.9,
-1.8,
-1.8,
-1.7,
-1.7,
-1.7,
-1.7,
-1.7,
-1.7,
-1.7,
-1.7,
-1.9,
-1.9,
-1.9,
-1.9,
-1.9,
-1.9,
-1.9,
-2,
-2,
-2,
-2,
-2,
-1.9,
-1.9,
-1.8,
-1.8,
-1.7,
-1.7,
-1.7,
-1.7,
-1.7,
-1.7,
-1.7,
-1.7,
-1.8,
-1.8,
-1.9,
-1.9,
-1.9,
-1.9,
-1.9,
-2,
-2,
-2,
-2,
-2,
-1.9,
-1.9,
-1.8,
-1.8,
-1.8,
-1.8,
-1.8,
-1.8,
-1.8,
-1.8,
-1.7,
-1.8,
-1.9,
-1.9,
-1.9,
-1.9,
-1.9,
-2,
-2,
-2,
-2,
-2,
-2,
-2,
-2,
-2,
-1.9,
-1.8,
-1.8,
-1.8,
-1.8,
-1.7,
-1.7,
-1.8,
-1.7,
-1.7,
-1.9,
-1.8,
-1.9,
-1.9,
-1.9,
-2,
-2,
-2,
-2,
-2,
-2,
-2,
-2,
-1.9,
-1.8,
-1.7,
-1.7,
-1.7,
-1.7,
-1.7,
-1.7,
-1.7,
-1.7,
-1.7,
-1.8,
-1.9,
-1.9,
-1.9,
-1.9,
-1.9,
-2,
-2,
-2,
-2,
-2,
-2,
-2,
-1.9,
-1.9,
-1.8,
-1.8,
-1.8,
-1.8,
-1.8,
-1.8,
-1.8,
-1.8,
-1.9,
-1.9,
-1.9,
-1.9,
-1.9,
-2,
-2,
-2,
-2,
-2,
-2,
-2,
-2,
-1.9,
-1.9,
-1.8,
-1.8,
-1.8,
-1.8,
-1.8,
-1.8,
-1.8,
-1.8,
-1.8,
-1.8,
-1.8,
-1.9,
-1.9,
-1.9,
-1.9,
-1.9,
-1.9,
-1.9,
-1.9,
-1.9,
-1.9,
-1.9,
-1.9,
-1.9,
-1.8,
-1.8,
-1.8,
-1.7,
-1.7,
-1.7,
-1.7,
-1.7,
-1.8,
-1.7,
-1.8,
-1.8,
-1.8,
-1.9,
-1.9,
-1.9,
-1.9,
-1.9,
-2,
-2,
-2,
-1.9,
-1.9,
-1.9,
-1.7,
-1.2,
-0.00000087,
-0.0000041,
-1.4,
-1.8,
-1.7,
-1.7,
-1.7,
-1.7,
-1.8,
-1.9,
-1.9,
-1.9,
-1.9,
-1.9,
-2,
-2,
-2,
-2,
-2,
-2,
-2,
-2,
-1.8,
-1.7,
-1.8,
-1.8,
-1.7,
-1.8,
-1.8,
-1.8,
-1.8,
-1.7,
-1.8,
-1.8,
-1.9,
-1.9,
-1.9,
-2,
-2,
-2,
-2,
-2,
-2,
-2,
-2,
-2,
-1.8,
-1.8,
-1.8,
-1.8,
-1.8,
-1.8,
-1.8,
-1.8,
-1.8,
-1.8,
-1.9,
-1.9,
-1.9,
-1.9,
-1.9,
-2,
-2,
-2,
-2,
-2,
-2,
-2,
-2,
-1.9,
-1.8,
-1.7,
-1.8,
-1.7,
-1.7,
-1.7,
-1.7,
-1.7,
-1.8,
-1.8,
-1.9,
-1.9,
-1.9,
-1.9,
-1.9,
-2,
-2,
-2,
-2,
-2,
-2,
-2,
-1.9,
-1.9,
-1.7,
-1.7,
-1.7,
-1.7,
-1.7,
-1.7,
-1.7,
188,
197,
57.4,
-1.3,
-1.9,
-1.9,
-1.9,
-1.9,
-1.9,
-2,
-2,
-2,
-2,
-2,
-2,
-1.9,
-1.9,
16.3,
155,
274,
344,
291,
105,
64.7,
60.2,
35.7,
12,
-1.7,
-1.8,
-1.9,
-1.9,
-1.9,
-1.9,
-1.9,
-2,
-2,
-2,
-2,
-2,
-1.9,
-1.9,
38.1,
149,
103,
167,
386,
369,
377,
327,
213,
27.3,
-1.3,
-1.9,
-1.9,
-1.9,
-1.9,
-1.9,
-2,
-2,
-2,
-2,
-2,
-2,
-1.9,
-1.9,
16,
31.6,
128,
322,
288,
187,
208,
352,
207,
30.5,
-0.2,
-1.9,
-1.9,
-1.9,
-1.9,
-1.9,
-2,
-2,
-2,
-2,
-2,
-2,
-1.9,
-1.9,
32.8,
165,
275,
347,
264,
366,
360,
306,
215,
50.6,
-0.66,
-1.9,
-1.9,
-1.9,
-1.9,
-1.9,
-2,
-2,
-2,
-2,
-2,
-2,
-2,
-2,
40.4,
174,
296,
370,
408,
412,
387,
325,
212,
69.2,
-0.52,
-1.9,
-1.9,
-1.9,
-2,
-2,
-2,
-2,
-2,
-2,
-2,
-2,
-2,
-1.9,
18.6,
169,
262,
332,
418,
419,
385,
320,
206,
54.3,
-0.86,
-1.9,
-1.9,
-1.9,
-1.9,
-1.9,
-2,
-2,
-2,
-2,
-2,
-2,
-1.9,
-1.9,
9.11,
48.7,
102,
203,
404,
410,
366,
311,
222,
45.9,
-0.094,
-1.9,
-1.9,
-1.9,
-1.9,
-1.9,
-2,
-2,
-2,
-2,
-2,
-2,
-2,
-1.9,
-1.1,
5.14,
24.8,
36.9,
136,
406,
370,
289,
210,
67.5,
-0.79,
-1.9,
-1.9,
-1.9,
-1.9,
-2,
-2,
-2,
-2,
-2,
-2,
-2,
-1.9,
-1.9,
12.2,
165,
303,
316,
372,
236,
249,
98.4,
163,
20.6,
-0.78,
-2.1,
-2.1,
-2.1,
-2.1,
-2.2,
-2.2,
-2.2,
-2.2,
-2.2,
-2.2,
-2.2,
-2.2,
0,
0,
0,
0,
0,
0,
0,
0,
0,
0,
0,
0,
0,
0,
0,
0,
0,
0,
0,
0,
0,
0,
0,
0,
0,
0,
0,
0,
0,
0,
0,
0,
0,
0,
0,
0,
0,
0,
0,
0,
0,
0,
0,
0,
0,
0,
0,
0,
0,
0,
0,
0,
0,
0,
0,
0,
0,
0,
0,
0,
0,
0,
0,
0,
0,
0,
0,
0,
0,
0,
0,
0,
0,
0,
0,
21.9,
35.8,
154,
53.7,
260,
273,
168,
59.9,
-0.21,
-2,
-2.1,
-2.1,
-2.1,
-2.1,
-2.2,
-2.2,
-2.2,
-2.1,
-2.1,
-2.1,
-2.1,
-2.1,
47.3,
191,
287,
380,
317,
110,
88.2,
176,
44.9,
16,
1.81,
-2.1,
-2.1,
-2.1,
-2.1,
-2.2,
-2.1,
-2.2,
-2.2,
-2.2,
-2.2,
-2.1,
-2.1,
-2.1,
8.45,
63.1,
49.3,
145,
136,
76.2,
44.2,
25.4,
20.3,
16.8,
-1.1,
-2.1,
-2.1,
-2.1,
-2.1,
-2.1,
-2.1,
-2.2,
-2.2,
-2.2,
-2.2,
-2.1,
-2.1,
-2.1,
-2.1,
0.113,
20.3,
63.4,
-0.6,
253,
153,
207,
214,
105,
1.29,
0.000015,
0.0000118,
-0.00000046,
-0.000013,
-0.0000099,
-0.000011,
-0.0000008,
0.0000284,
0.00000165,
-0.0000024,
-0.0000096,
-0.000029,
-0.0000061,
-0.0000079,
-0.0000051,
-0.000015,
-0.000009,
-0.00001,
-0.000013,
0.00000565,
0.000000838,
0.000000839,
-0.0000013,
0.000018,
0.00000308,
0.0000111,
0.00000292,
0.0000126,
0.00000429,
0.00000522,
-0.000014,
-0.000017,
0.0000269,
0.00000964,
-0.0000029,
-0.000026,
0.00000213,
-0.000013,
-0.000024,
-0.0000054,
-0.0000032,
-0.0000021,
0.00000512,
0.00000337,
0.00000155,
0.00000661,
0.00000147,
0.0000115,
0.0000207,
0.00000642,
-0.0000029,
0.00000224,
0.0000061,
0.00000299,
0.00000108,
0.00000435,
0.00000253,
-0.0000045,
0.00000302,
-0.0000024,
0.00000547,
-0.0000091,
-0.000011,
-0.000011,
-0.000012,
-0.000011,
-0.000013,
-0.0000076,
-0.0000018,
0.000000355,
0.0000145,
0.0000233,
0.00000196,
-0.000002,
0.00000141,
-0.000011,
-0.0000029,
-0.0000043,
-0.0000037,
0.00000104,
-0.0000026,
-0.0000043,
-0.0000015,
0.00000328,
0.00000362,
-0.0000088,
-0.000015,
-0.0000098,
-0.0000031,
-0.00000039,
-0.0000015,
0.00000104,
0.00000329,
-0.000002,
0.00000731,
0.00000748,
0.00000766,
-0.0000011,
0.000000411,
-0.00000098,
0.00000313,
-0.0000095,
-0.0000075,
0.00000517,
0.00000356,
-0.0000052,
0.00000215,
-0.00000023,
-0.000003,
-0.0000026,
-0.0000071,
-0.000003,
166,
357,
412,
394,
334,
173,
12,
0.00000552,
0.0000128,
0.00000607,
0.00000442,
0.00000978,
0.0000231,
0.0000202,
-0.00000048,
0.00000319,
0.0000015,
-0.0000019,
4.28E-08,
-0.000000031,
-0.0000024,
-0.000011,
-0.000027,
30.2,
82.7,
395,
149,
362,
143,
80.3,
4.25,
0.0000424,
0.00000583,
0.00000443,
-0.00000072,
0.00000263,
-0.0000046,
-0.0000024,
-0.0000014,
-0.0000015,
-0.0000029,
-0.00000033,
0.00000307,
0.0000237,
0.000000323,
-0.000011,
-0.000018,
-0.000023,
-0.000022,
-0.000024,
-0.000007,
-0.000012,
-0.0000032,
0.00000287,
0.0000179,
0.0000529,
0.0000283,
0.0000055,
-0.0000033,
-0.0000012,
-0.0000052,
0.00000189,
0.00001,
0.00000585,
-0.0000044,
-0.0000042,
-0.000018,
-0.000018,
-0.000015,
-0.0000091,
171,
325,
56.6,
0.0000103,
-0.000022,
-0.00000072,
0.00000335,
0.00000154,
0.00000188,
0.0000256,
0.0000082,
0.0000105,
0.0000141,
0.00000522,
0.00000187,
0.00000206,
5.92E-08,
-0.0000096,
0.00000211,
-0.0000044,
-0.0000066,
0.00000619,
0.00001,
-0.000012,
-0.000043,
-0.0000093,
-0.0000044,
-0.000012,
0.00000221,
0.00000528,
0.00000359,
0.0000136,
0.0000187,
0.0000176,
0.00000691,
0.00000522,
0.00000534,
0.00000283,
-0.0000012,
0.00000102,
-0.00000028,
-0.0000027,
0.00000464,
2.94E-08,
0.00000301,
-0.00000092,
0.00000332,
-0.0000089,
-0.000017,
-0.00003,
-0.000029,
-0.000006,
0.00000537,
-0.000004,
-0.0000037,
0.00000305,
0.0000104,
0.0000347,
0.00000967,
0.0000018,
-0.0000037,
0.000000999,
-0.0000048,
0.00000159,
0.00000107,
9.49E-08,
0.0000137,
0.0000112,
-0.0000049,
0.000008,
-0.0000054,
-0.000023,
-0.00004,
-0.000026,
-0.00000074,
-0.0000037,
-0.000002,
-0.0000051,
-0.0000024,
-0.0000015,
109,
10.9,
-1.9,
-1.9,
-1.9,
-1.9,
-1.9,
-1.9,
-1.9,
-1.9,
-1.9,
-1.9,
-1.9,
-1.9,
2.96,
95.8,
223,
316,
373,
401,
402,
375,
318,
240,
130,
12.9,
-1.8,
-1.8,
-1.8,
-1.9,
-1.9,
-1.9,
-1.9,
-2,
-2,
-1.9,
-1.9,
-1.9,
5.75,
98.1,
219,
227,
154,
166,
165,
155,
135,
109,
122,
12.9,
-1.8,
-1.8,
-1.8,
-1.9,
-1.9,
-1.9,
-1.9,
-1.9,
-1.9,
-2,
-1.9,
-1.9,
-1.7,
23.6,
41.7,
48.9,
52,
68.2,
53.9,
122,
29,
27.8,
7.73,
-0.12,
-1.8,
-1.8,
-1.8,
-1.9,
-1.9,
-1.9,
-1.9,
-1.9,
-1.9,
-1.9,
-1.9,
-1.9,
3.22,
91.3,
216,
311,
372,
404,
406,
380,
324,
236,
123,
15.7,
-1.8,
-1.9,
-1.9,
-1.9,
-1.9,
-1.9,
-1.9,
-1.9,
-1.9,
-1.9,
-1.9,
-1.9,
5.93,
91.7,
222,
314,
371,
384,
383,
352,
308,
190,
86.8,
16.6,
-1.8,
-1.8,
-1.9,
-1.9,
-1.9,
-1.9,
-2,
-2,
-2,
-2,
-1.9,
-1.9,
2.34,
72.1,
147,
158,
263,
306,
236,
224,
239,
206,
88.6,
17.7,
-1.8,
-1.8,
-1.8,
-1.9,
-1.9,
-2,
-2,
-2,
-2,
-2,
-2,
-1.9,
-1.7,
16.1,
27.2,
40.4,
74.5,
207,
243,
296,
331,
248,
142,
18.7,
-1.8,
-1.8,
-1.8,
-1.9,
-1.9,
-1.9,
-2,
-2,
-2,
-2,
-2,
-1.9,
3.41,
88.4,
168,
314,
373,
393,
327,
226,
187,
65.7,
26.4,
1.49,
-1.8,
-1.8,
-1.8,
-1.8,
-1.9,
-1.9,
-1.9,
-2,
-2,
-1.9,
-1.9,
-1.9,
-1.9,
-1.7,
20.3,
221,
388,
384,
425,
189,
78.2,
191,
75.4,
0.681,
-1.8,
-1.8,
-1.8,
-1.8,
-1.9,
-1.9,
-1.9,
-1.9,
-2,
-2,
-1.9,
-1.9,
7.68,
94.6,
225,
275,
341,
293,
317,
334,
283,
129,
29.2,
2.64,
-1.8,
-1.8,
-1.8,
-1.8,
-1.9,
-1.9,
-1.9,
-1.9,
-1.9,
-2,
-1.9,
-1.9,
-1.9,
-1.8,
4.82,
50.7,
71,
63.4,
24.3,
82.4,
110,
49.4,
20.4,
0.165,
-1.9,
-1.9,
-1.9,
-1.9,
-1.9,
-1.9,
-2,
-2,
-2,
-2,
-2,
-2,
-2,
-0.15,
5.45,
3.78,
10.8,
10.3,
3.57,
5.24,
5.72,
3.21,
0.374,
-1.8,
-1.8,
-1.9,
-1.9,
-1.9,
-1.9,
-1.9,
-2,
-2,
-2,
-2,
-2,
-1.9,
-1.9,
-1.6,
-0.028,
3.81,
4.62,
3.86,
4.72,
6.54,
3.59,
0.351,
-1.4,
-1.8,
-1.8,
-1.8,
-1.9,
-1.9,
-2,
-2,
-2,
-2,
-2,
-2,
-1.9,
-1.9,
-1.9,
1.57,
10.7,
39.5,
63.5,
143,
191,
107,
136,
146,
104,
13,
-1.8,
-1.9,
-1.9,
-1.9,
-1.9,
-1.9,
-1.9,
-2,
-2,
-1.9,
-1.9,
-1.8,
20.7,
98,
205,
202,
196,
235,
232,
195,
169,
73.9,
37.9,
5.23,
-1.8,
-1.8,
-1.9,
-1.9,
-1.9,
-1.9,
-1.9,
-1.9,
-1.9,
-1.9,
-1.9,
-1.9,
-1.3,
7.23,
121,
199,
331,
412,
403,
400,
357,
263,
146,
28.7,
-1.8,
-1.9,
-1.9,
-1.9,
-1.9,
-1.9,
-1.9,
-1.9,
-1.9,
-1.9,
-1.9,
-1.9,
22.7,
136,
257,
347,
399,
418,
419,
403,
348,
258,
124,
14.8,
-1.8,
-1.8,
-1.8,
-1.9,
-1.9,
-1.9,
-1.9,
-1.9,
-1.9,
-1.9,
-1.9,
-1.8,
23.1,
130,
251,
340,
393,
415,
410,
383,
324,
196,
104,
26.7,
-1.7,
-1.8,
-1.8,
-1.9,
-1.9,
-1.9,
-1.9,
-1.9,
-1.9,
-1.9,
-1.9,
-1.9,
1.96,
129,
254,
290,
382,
363,
400,
344,
309,
226,
138,
29.3,
-1.7,
-1.8,
-1.9,
-1.9,
-1.9,
-2,
-2,
-2,
-2,
-2,
-1.9,
-1.9,
18.8,
130,
241,
134,
134,
116,
78,
126,
57.1,
33.3,
27.3,
0.747,
-1.8,
-1.9,
-1.9,
-1.9,
-2,
-2,
-2,
-2,
-2,
-2,
-1.9,
-1.9,
-1.8,
-1.8,
0.84,
179,
207,
247,
230,
182,
116,
93,
68.6,
17.3,
-1.7,
-1.8,
-1.8,
-1.9,
-1.9,
-1.9,
-1.9,
-1.9,
-1.9,
-1.9,
-1.9,
-1.8,
23.5,
137,
249,
220,
133,
10.9,
119,
60.2,
32.2,
25,
0.0316,
-0.041,
-1.8,
-1.9,
-1.9,
-1.9,
-1.9,
-1.9,
-1.9,
-1.9,
-1.9,
-1.9,
-1.9,
-1.8,
-1.8,
0.943,
43.5,
278,
289,
353,
188,
133,
123,
0.0000115,
0.00000317,
0.00000522,
0.0000171,
0.00000641,
0.00000341,
0.00000164,
-0.00000018,
0.0000048,
-0.0000056,
-0.0000067,
-0.0000014,
-0.0000096,
0.00000342,
0.00000569,
-0.000021,
-0.000023,
82.3,
190,
295,
285,
276,
169,
135,
105,
6.99,
-1.8,
-1.8,
-1.8,
-1.8,
-1.9,
-1.9,
-1.9,
-2,
-2,
-2,
-2,
-1.9,
-1.9,
-1.8,
-1.8,
82.5,
307,
347,
101,
147,
257,
160,
27.6,
59.9,
17.6,
-1.5,
-1.9,
-1.9,
-1.9,
-1.9,
-1.9,
-1.9,
-1.9,
-1.9,
-1.9,
-1.9,
-1.9,
27.9,
145,
267,
324,
336,
217,
291,
375,
331,
274,
149,
31.1,
-1.5,
-1.9,
-1.9,
-1.9,
-2,
-2,
-2,
-2,
-2,
-1.9,
-1.9,
-1.9,
26.2,
136,
248,
119,
165,
153,
291,
212,
114,
123,
83.6,
27.4,
-1.1,
-1.9,
-1.9,
-1.9,
-1.9,
-1.9,
-1.9,
-2,
-1.9,
-1.9,
-1.9,
-1.8,
30,
143,
263,
344,
392,
416,
419,
399,
344,
239,
112,
13.8,
-1.6,
-1.8,
-1.9,
-1.9,
-1.9,
-2,
-2,
-2,
-2,
-2,
-1.9,
-1.9,
-1.6,
13.3,
74.7,
240,
366,
277,
302,
389,
231,
95.6,
91.8,
43.1,
-1,
-1.9,
-1.9,
-1.9,
-2,
-2,
-2,
-2,
-2,
-2,
-1.9,
-1.8,
31,
148,
268,
355,
410,
422,
418,
397,
341,
257,
143,
40,
-1.1,
-1.9,
-1.9,
-1.9,
-1.9,
-1.9,
-1.9,
-1.9,
-1.9,
-1.9,
-1.9,
-1.7,
34.7,
152,
269,
349,
400,
415,
413,
390,
328,
247,
141,
34,
-1.2,
-1.8,
-1.9,
-1.9,
-1.9,
-1.9,
-2,
-2,
-2,
-2,
-1.9,
-1.9,
2.82,
30.5,
94,
253,
304,
417,
409,
384,
329,
245,
139,
34,
-1.2,
-1.9,
-1.9,
-1.9,
-2,
-2,
-2,
-2,
-2,
-2,
-2,
-1.5,
36.5,
149,
258,
337,
384,
405,
403,
377,
327,
245,
138,
33.9,
-1,
-1.8,
-1.9,
-1.9,
-1.9,
-2,
-2,
-2,
-2,
-2,
-2,
-1.1,
27.5,
152,
146,
228,
239,
192,
242,
357,
324,
258,
154,
53.2,
1.57,
-1.8,
-1.9,
-1.9,
-1.9,
-2,
-2,
-2,
-2,
-2,
-2,
-1.8,
29.7,
115,
88.4,
224,
245,
182,
292,
141,
114,
99.1,
17.5,
0.000000367,
0.0000291,
0.000008,
-0.000003,
-0.000005,
-0.000003,
0.000000442,
0.00000201,
0.00000225,
0.00000271,
0.00000282,
0.0000144,
0.00000986,
-0.0000089,
-0.000023,
230,
314,
312,
250,
177,
104,
22.1,
-0.94,
-1.8,
-1.8,
-1.8,
-1.9,
-1.9,
-1.9,
-2,
-2,
-2,
-2,
-2,
-2,
-1.9,
-1.4,
9.81,
57.5,
269,
379,
412,
422,
403,
405,
356,
267,
149,
39.1,
-0.34,
-1.8,
-1.9,
-1.9,
-2,
-2,
-2,
-2,
-2,
-1.9,
-1.9,
-1.3,
40.6,
157,
271,
351,
400,
423,
405,
355,
347,
267,
147,
38.3,
-0.37,
-1.8,
-1.9,
-1.9,
-1.9,
-2,
-2,
-2,
-2,
-2,
-1.9,
-0.7,
26.7,
163,
286,
237,
241,
336,
366,
374,
352,
266,
151,
39.3,
-0.37,
-1.9,
-1.9,
-1.9,
-2,
-2,
-2,
-2,
-2,
-2,
-2,
-0.48,
35.5,
116,
195,
251,
282,
292,
289,
275,
237,
183,
105,
29.6,
-0.73,
-1.9,
-1.9,
-1.9,
-1.9,
-2,
-2,
-2,
-2,
-2,
-2,
1.15,
58.1,
207,
282,
351,
408,
378,
404,
401,
198,
109,
59.8,
12.5,
-1.4,
-1.8,
-1.9,
-1.9,
-2,
-2,
-2,
-2,
-2,
-2,
-2,
0.261,
30.5,
67.7,
101,
18.9,
105,
119,
-0.0000052,
-0.0000011,
5.72E-08,
0.00000737,
0.00000805,
0.00000513,
0.00000603,
-0.0000028,
0.00000701,
0.00000325,
-0.0000045,
-0.0000075,
-0.0000052,
0.00000788,
0.0000161,
0.0000116,
0.0000065,
0.00000399,
-0.0000013,
-0.0000053,
-0.00002,
-0.0000041,
0.00000477,
-0.000016,
-0.000022,
0.00000218,
0.00000479,
0.00000478,
0.00000479,
0.0000092,
0.00000301,
0.00000359,
0.0000108,
0.00000291,
0.000013,
0.00000199,
-0.0000016,
0.000000663,
-0.0000051,
-0.000006,
0.0000059,
0.00000558,
0.00000201,
0.0000023,
-0.000002,
-0.0000079,
-0.0000085,
-0.000017,
-0.0000017,
-0.0000092,
-0.00001,
0.0000017,
0.0000135,
0.00000505,
0.00000373,
0.00000356,
0.0000141,
0.0000158,
0.00000434,
-0.0000041,
-0.000005,
-0.000009,
-0.0000018,
0.00000122,
-0.0000017,
0.00000177,
-0.000000073,
-0.00000013,
-0.0000019,
-0.0000073,
-0.000002,
-0.0000013,
0.00000569,
0.0000159,
0.0000106,
0.00000678,
3.91E-09,
0.00000377,
-0.0000017,
0.00000181,
0.00000373,
-0.0000007,
0.00000663,
0.000000827,
4.51E-08,
0.000000573,
-0.00000096,
-0.00000058,
-0.00000061,
-0.00000033,
-0.0000013,
-0.0000084,
-0.000018,
-0.000022,
-0.00002,
9.62,
-0.000002,
0.00000454,
0.00000643,
0.00000243,
0.0000157,
0.0000178,
0.000015,
0.00000301,
-0.0000048,
-0.0000033,
-0.0000028,
0.00000316,
0.00000158,
0.0000018,
0.00000265,
0.00000475,
-0.0000017,
-0.00000035,
-0.000015,
-0.000023,
-0.000025,
-0.0000042,
-0.0000027,
0.00000644,
-0.0000053,
0.00000588,
0.00000187,
0.00000128,
0.00000217,
0.0000105,
0.0000343,
0.0000211,
-0.0000087,
0.00000566,
-0.0000064,
-0.0000041,
0.00000581,
-0.0000037,
0.000000432,
0.0000013,
-0.0000018,
-0.0000084,
-0.000016,
-0.000023,
-0.000018,
-0.0000025,
-0.0000066,
-0.0000015,
-0.0000033,
0.00000365,
-0.0000049,
0.00000388,
0.00000538,
0.0000113,
0.0000137,
0.000016,
-0.0000028,
0.000000196,
-0.0000028,
0.00000623,
-0.0000063,
-0.000014,
-0.0000019,
0.00000546,
0.000000717,
-0.0000009,
0.0000493,
-0.000005,
0.000000894,
-0.0000079,
-0.000011,
0.000000808,
0.00000328,
0.00000625,
0.0000175,
0.00000167,
0.00000426,
0.00000187,
-0.00000025,
-0.0000013,
0.00000428,
0.00000981,
-0.0000012,
0.00000196,
-0.0000046,
0.00000213,
0.0000115,
0.0000114,
0.0000038,
0.00000184,
-0.000012,
-0.000035,
-0.000022,
-0.000022,
-0.000015,
-0.0000076,
-0.000012,
-0.0000048,
0.00000114,
0.00000283,
0.0000141,
0.0000444,
0.00000685,
0.00000486,
0.00000266,
-0.0000031,
-0.0000036,
0.00000792,
0.00000183,
0.00000198,
-0.0000044,
0.00000265,
-0.00000074,
0.00000219,
-0.00000055,
0.00000269,
0.00000238,
-0.0000088,
-0.0000038,
-0.000013,
-0.00002,
-0.0000071,
0.00000599,
0.0000148,
-0.0000011,
0.00000573,
0.0000151,
0.00000441,
0.00000327,
-0.0000039,
-0.0000057,
-0.0000026,
0.0000065,
0.00000324,
-0.0000004,
0.00000594,
0.00000165,
0.000000406,
-0.00000047,
-0.000027,
-0.000029,
-0.0000096,
-0.00000046,
0.00000531,
0.0000205,
-0.000021,
-0.0000066,
64.2,
86.6,
44.6,
3.1,
-1.9,
-1.9,
-1.9,
-2,
-2,
-2,
-2,
-2,
-2,
-1.9,
2.1,
35.6,
130,
197,
326,
404,
145,
213,
165,
211,
151,
61.4,
61.3,
4.77,
-1.9,
-1.9,
-1.9,
-2,
-2,
-2,
-2,
-2,
-2,
-2,
-0.85,
12.8,
86.5,
273,
323,
360,
371,
390,
355,
305,
161,
93.5,
33.1,
2.36,
-1.8,
-1.9,
-1.9,
-1.9,
-1.9,
-1.9,
-2,
-2,
-2,
-2,
3.36,
60.1,
174,
277,
353,
394,
351,
270,
367,
319,
251,
111,
51,
1.89,
-1.8,
-1.8,
-1.8,
-1.9,
-1.9,
-2,
-2,
-2,
-2,
-1.9,
3.01,
65.7,
157,
269,
302,
352,
395,
381,
146,
151,
124,
91.4,
28,
2.75,
-1.8,
-1.8,
-1.9,
-1.9,
-1.9,
-2,
-2,
-2,
-2,
-1.9,
0.339,
29.2,
47.7,
105,
92.1,
223,
385,
243,
200,
20.5,
51.5,
8.2,
-1.5,
-1.9,
-1.9,
-1.9,
-1.9,
-1.9,
-1.9,
-2,
-1.9,
-1.9,
-1.9,
-1.9,
-1.9,
2.6,
11.5,
55.2,
162,
257,
232,
180,
249,
280,
244,
116,
68.4,
5.56,
-1.9,
-1.9,
-2,
-2,
-2,
-2,
-2,
-2,
-2,
-1.9,
4.14,
65.4,
183,
288,
359,
397,
405,
403,
378,
328,
246,
125,
39.3,
4.88,
-1.9,
-1.9,
-1.9,
-1.9,
-2,
-2,
-2,
-2,
-1.9,
-1.9,
4.29,
64.1,
178,
278,
348,
389,
399,
397,
375,
324,
246,
143,
55.3,
6.72,
-1.8,
-1.8,
-1.8,
-1.9,
-1.9,
-1.9,
-2,
-2,
-2,
-2,
3.33,
64.2,
146,
272,
330,
363,
166,
227,
188,
141,
127,
70.4,
14,
-1.7,
-1.8,
-1.8,
-1.8,
-1.9,
-1.9,
-1.9,
-1.9,
-2,
-2,
-2,
4.9,
65.2,
168,
221,
199,
13.4,
45.8,
148,
349,
255,
148,
36.7,
1.39,
-0.85,
-1.9,
-1.9,
-1.9,
-2,
-2,
-2,
-2,
-2,
-2,
-2,
-1.1,
6,
5.36,
13.4,
18,
14.4,
18,
22.7,
10.2,
14.4,
10.8,
8.02,
0.173,
-1.6,
-1.9,
-1.9,
-1.9,
-2,
-2,
-2,
-2,
-2,
-2,
-2,
1.17,
51.7,
122,
235,
288,
378,
287,
312,
186,
156,
141,
142,
47.6,
4.28,
-1.9,
-1.9,
-1.9,
-2,
-2,
-2,
-2,
-2,
-2,
-1.9,
7.17,
70.1,
189,
195,
270,
204,
218,
256,
188,
181,
237,
142,
49.5,
2.94,
-1.9,
-1.9,
-2,
-2,
-2,
-2,
-2,
-2,
-2,
-2,
5.3,
72.2,
189,
291,
362,
399,
404,
401,
380,
327,
247,
146,
47.8,
4.39,
-1.8,
-1.8,
-1.9,
-1.9,
-1.9,
-2,
-2,
-2,
-2,
-2,
23.7,
104,
227,
253,
302,
339,
297,
211,
209,
309,
83.1,
112,
39,
3.97,
-1.8,
-1.8,
-1.8,
-1.9,
-1.9,
-1.9,
-2,
-2,
-2,
-2,
8.76,
56.4,
152,
248,
311,
387,
378,
225,
214,
127,
79.8,
70.6,
59.9,
8.29,
-1.9,
-1.9,
-1.9,
-1.9,
-2,
-2,
-2,
-2,
-2,
-2,
-0.81,
10,
72.5,
161,
262,
238,
247,
212,
193,
89.1,
54.3,
22,
11.4,
-0.47,
-1.9,
-2,
-2,
-2,
-2,
-2,
-2,
-2,
-2,
-2,
-1.3,
2.18,
5.37,
15.4,
42.9,
69,
182,
98.3,
18.6,
40.1,
24.5,
12.9,
4.76,
-1.3,
-1.8,
-1.9,
-1.9,
-1.9,
-2,
-2,
-2,
-2,
-2,
-2,
-1.9,
-0.37,
3.43,
56.6,
81.2,
86.6,
53.1,
49.2,
71.1,
110,
156,
138,
16.3,
-0.25,
-1.8,
-1.9,
-1.9,
-2,
-2,
-2,
-2,
-2,
-1.9,
-1.9,
11.9,
73.7,
193,
280,
361,
367,
384,
370,
272,
292,
259,
152,
35.4,
6.58,
-1.8,
-1.8,
-1.9,
-1.9,
-1.9,
-2,
-2,
-2,
-2,
-1.9,
9.98,
74.5,
151,
122,
148,
220,
213,
196,
107,
70.2,
92.8,
59.3,
29.2,
3.36,
-1.8,
-1.8,
-1.9,
-1.9,
-1.9,
-2,
-2,
-2,
-2,
-2,
4.63,
38.5,
97.8,
127,
192,
196,
110,
145,
98.8,
89.8,
108,
98.8,
32.4,
1.88,
-1.8,
-1.8,
-1.9,
-1.9,
-1.9,
-2,
-2,
-2,
-2,
-2,
-1.9,
1.83,
36.5,
67.2,
119,
144,
78.4,
54.6,
118,
65.5,
59.6,
5.1,
20.5,
11,
-1.9,
-1.9,
-1.9,
-1.9,
-1.9,
-2,
-2,
-2,
-2,
-2,
4.27,
33.1,
85.8,
32.3,
31.6,
25.3,
37,
73.8,
50.1,
53.1,
24.4,
21.1,
23.2,
3.45,
-1.9,
-1.9,
-1.9,
-2,
-2,
-2,
-2,
-2,
-2,
-2,
-1.8,
3.2,
38.1,
52.1,
62.1,
80.7,
99.9,
77.7,
67.1,
103,
60.3,
-1.2,
-1.7,
-1.9,
-1.9,
-1.9,
-1.9,
-1.9,
-2,
-2,
-2,
-2,
-2,
-1.9,
13.1,
60.2,
101,
209,
300,
295,
176,
110,
81.8,
106,
135,
55.2,
61.3,
10.8,
-1.8,
-1.9,
-1.9,
-1.9,
-1.9,
-2,
-2,
-2,
-2,
-1.8,
3.67,
66,
178,
276,
348,
392,
400,
398,
235,
97.3,
106,
84.1,
58.5,
6.63,
-1.8,
-1.8,
-1.9,
-1.9,
-1.9,
-2,
-2,
-2,
-2,
-1.7,
11.8,
75,
186,
280,
341,
315,
382,
350,
83.6,
100,
171,
92,
43.1,
4.98,
-1.8,
-1.9,
-1.9,
-2,
-1.9,
-1.9,
-1.9,
-2,
-1.9,
-1.9,
5.25,
56.2,
90.1,
186,
109,
141,
261,
168,
83.3,
64.3,
107,
161,
78.8,
6.39,
-1.7,
-1.8,
-1.9,
-1.9,
-1.9,
-1.9,
-2,
-2,
-2,
-2,
3.39,
41.6,
156,
153,
186,
254,
212,
265,
103,
110,
57.3,
29.9,
5.4,
-1.3,
-1.9,
-1.9,
-1.9,
-1.9,
-2,
-2,
-2,
-2,
-2,
-1.9,
3.37,
57,
185,
281,
369,
381,
239,
333,
225,
247,
275,
163,
55,
6.06,
-1.7,
-1.9,
-1.9,
-1.9,
-2,
-2,
-2,
-2,
-2,
-1.6,
11.3,
77,
189,
284,
351,
390,
407,
403,
376,
326,
250,
153,
45.1,
6.74,
-1.7,
-1.8,
-1.9,
-1.9,
-1.9,
-2,
-2,
-2,
-2,
-1.6,
9.59,
75.4,
186,
283,
359,
398,
408,
403,
378,
325,
217,
128,
56.3,
8.14,
-1.8,
-1.8,
-1.8,
-1.9,
-1.9,
-1.9,
-1.9,
-1.9,
-1.9,
-1.5,
18.9,
43.3,
78.6,
250,
251,
363,
169,
115,
156,
139,
127,
123,
55.9,
16.2,
-1.4,
-1.8,
-1.8,
-1.9,
-1.9,
-1.9,
-2,
-2,
-2,
-1.8,
8.5,
75.6,
185,
283,
351,
387,
401,
394,
364,
312,
217,
153,
54.2,
7.13,
-1.6,
-1.8,
-1.8,
-1.9,
-1.9,
-2,
-2,
-2,
-2,
-1.7,
5.81,
74.2,
185,
277,
337,
340,
358,
342,
215,
84.1,
117,
93.8,
46.5,
9.9,
-1.7,
-1.8,
-1.8,
-1.9,
-1.9,
-1.9,
-1.9,
-2,
-2,
-1.5,
15.5,
71.6,
160,
250,
343,
254,
101,
77.3,
158,
129,
151,
96.1,
43,
13.2,
-1.7,
-1.9,
-1.9,
-1.9,
-2,
-2,
-2,
-2,
-2,
-2,
-1.3,
3.87,
23.2,
19.7,
35.7,
68.9,
73.5,
38.8,
2.47,
0.0401,
5.63,
25,
13,
-1.2,
-2,
-2,
-2,
-2,
-2,
-2,
-2.1,
-2.1,
-2,
-2,
-0.92,
5.97,
16.9,
18.8,
86.8,
181,
136,
256,
65.6,
53.5,
54.8,
57.5,
53.5,
11.5,
-1.6,
-1.9,
-2,
-2,
-2,
-2,
-2.1,
-2,
-2,
-1.7,
3.47,
68,
185,
157,
197,
348,
368,
201,
44.4,
94.7,
46,
135,
56.2,
11.6,
-1.8,
-1.9,
-1.9,
-2,
-2,
-2,
-2,
-2,
-2,
-1.6,
15.1,
50.7,
141,
271,
305,
369,
405,
385,
374,
316,
204,
158,
58.8,
8.65,
-1.5,
-1.8,
-1.9,
-1.9,
-2,
-2,
-2,
-2,
-2,
-1.4,
12.8,
74.4,
177,
267,
335,
373,
394,
385,
360,
312,
241,
149,
55.1,
8.37,
-1.4,
-1.8,
-1.8,
-1.8,
-1.9,
-1.9,
-1.9,
-2,
-2,
-1.4,
10.3,
71.4,
175,
265,
330,
367,
382,
379,
354,
309,
238,
149,
54.3,
7.33,
-1.5,
-1.8,
-1.9,
-1.8,
-1.9,
-1.9,
-1.9,
-1.9,
-2,
-0.57,
12.5,
62.1,
0,
0,
0,
0,
0,
0,
352,
284,
43.6,
53.1,
57.3,
22.6,
-0.98,
-1.8,
-1.8,
-1.8,
-1.9,
-1.9,
-1.9,
-1.9,
-1.9,
-1.7,
15.6,
77,
129,
81.8,
133,
290,
275,
372,
221,
88.7,
62.2,
14.1,
8.89,
5.68,
-1.8,
-1.8,
-1.9,
-1.9,
-1.9,
-2,
-2,
-2,
-2,
-1.4,
9.02,
77.2,
175,
268,
326,
344,
157,
276,
336,
62.9,
60.4,
115,
56.2,
17.4,
-1.6,
-1.8,
-1.8,
-1.8,
-1.9,
-1.9,
-2,
-2,
-2,
-1.8,
9.6,
69.9,
171,
262,
328,
366,
384,
378,
355,
309,
189,
78.1,
19.2,
14,
-1.9,
-1.8,
-1.9,
-1.8,
-1.8,
-1.9,
-1.9,
-1.9,
-1.9,
-1.7,
9.44,
71.1,
174,
266,
330,
370,
364,
380,
354,
309,
239,
150,
56.7,
5.93,
-2.1,
-1.8,
-1.8,
-1.8,
-1.8,
-1.9,
-1.9,
-1.9,
-1.9,
-1.8,
10.3,
70.9,
125,
180,
226,
315,
355,
319,
120,
83.2,
128,
98.7,
83.5,
7.29,
-2.1,
-1.8,
-1.8,
-1.8,
-1.8,
-1.8,
-1.9,
-1.9,
-1.9,
-1.5,
12.8,
70.1,
173,
269,
340,
383,
400,
395,
365,
315,
245,
153,
58.2,
8.56,
-1.8,
-1.8,
-1.8,
-1.9,
-1.9,
-1.9,
-2,
-2,
-2,
-1.7,
10.8,
70.1,
172,
263,
328,
366,
384,
381,
354,
308,
243,
157,
57.6,
10.9,
-1.8,
-1.8,
-1.8,
-1.8,
-1.8,
-1.9,
-1.9,
-1.9,
-1.9,
-1.7,
10.9,
67.2,
165,
253,
318,
357,
372,
377,
146,
300,
240,
138,
0,
0,
0,
0,
0,
0,
0,
0,
0,
0,
0,
0,
0,
0,
0,
0,
0,
0,
0,
0,
0,
271,
226,
142,
55.5,
9.17,
-1.8,
-1.8,
-1.8,
-1.8,
-1.8,
-1.8,
-1.8,
-1.8,
-1.9,
-1.6,
9.81,
65.8,
163,
251,
313,
348,
361,
359,
332,
289,
198,
123,
56.1,
11.5,
-2.1,
-1.8,
-1.8,
-1.8,
-1.8,
-1.8,
-1.8,
-1.8,
-1.8,
-1.4,
15.9,
62.7,
152,
167,
241,
225,
196,
202,
315,
209,
125,
54.1,
54.3,
18.2,
-1.6,
-1.8,
-1.8,
-1.8,
-1.8,
-1.8,
-1.8,
-1.8,
-1.9,
-1.1,
15.1,
63.9,
134,
232,
296,
329,
295,
199,
203,
122,
105,
98,
30.5,
11.9,
-1.2,
-1.8,
-1.8,
-1.8,
-1.8,
-1.8,
-1.8,
-1.8,
-1.8,
-1.6,
18.5,
65.7,
133,
211,
270,
333,
369,
360,
327,
129,
101,
64.6,
57.7,
16.9,
-1.4,
-1.8,
-1.8,
-1.8,
-1.8,
-1.8,
-1.9,
-1.9,
-1.9,
-2,
10.8,
69.4,
103,
146,
309,
227,
328,
95.3,
236,
168,
77.9,
96,
41.6,
10.6,
-0.73,
-1.8,
-1.8,
-1.8,
-1.8,
-1.9,
-1.9,
-1.9,
-1.9,
-1.4,
11.4,
77.9,
169,
261,
328,
370,
390,
334,
284,
337,
143,
51,
47.3,
6.61,
-1.8,
-1.8,
-1.8,
-1.9,
-1.9,
-2,
-2,
-2,
-2,
-1.8,
3.77,
40.3,
95,
137,
99.4,
109,
98.4,
179,
261,
188,
121,
170,
65.3,
10.7,
-0.88,
-1.8,
-1.9,
-1.9,
-1.9,
-2,
-2,
-2,
-2,
-1.3,
11.4,
68.6,
164,
0,
0,
0,
0,
0,
0,
0,
0,
0,
0,
0,
0,
0,
0,
0,
0,
0,
0,
0,
0,
0,
0,
0,
0,
183,
252,
347,
312,
214,
196,
201,
123,
102,
39.4,
9.68,
-0.86,
-1.8,
-1.8,
-1.8,
-1.8,
-1.8,
-1.8,
-1.9,
-1.9,
-1.8,
6.15,
54.6,
186,
177,
306,
252,
304,
278,
203,
108,
73.7,
40.4,
36.2,
11.4,
-1.8,
-1.9,
-1.9,
-1.9,
-1.9,
-1.9,
-1.9,
-1.9,
-1.9,
-0.49,
19.5,
48,
74.6,
259,
279,
260,
166,
84.7,
83.7,
6.43,
9.58,
31,
27.5,
17.7,
-1.8,
-1.9,
-1.9,
-1.9,
-2,
-2,
-2,
-2,
-2,
-2,
13.1,
83.9,
164,
187,
220,
208,
145,
243,
38,
29.7,
119,
39.1,
26.9,
13.5,
-1,
-1.9,
-1.9,
-1.9,
-2,
-2,
-2,
-2,
-2,
-0.93,
20.1,
56.4,
127,
268,
351,
355,
295,
303,
141,
215,
134,
22,
-1.6,
9.69,
-1.5,
-1.9,
-1.9,
-2,
-2,
-2,
-2,
-2,
-2,
-1.6,
14.3,
85.7,
186,
253,
340,
308,
284,
253,
186,
263,
207,
167,
66.1,
8.4,
-1.8,
-1.8,
-1.9,
-1.9,
-1.9,
-2,
-2,
-2,
-2,
-1.6,
9.72,
59.8,
158,
266,
316,
361,
365,
286,
188,
125,
143,
98.4,
61.8,
32.8,
1.12,
-1.9,
-1.9,
-1.9,
-2,
-2,
-2,
-2,
-2,
-1.8,
9.02,
65.9,
170,
267,
337,
375,
385,
397,
280,
164,
69.8,
104,
59.6,
7.78,
-1.7,
-1.8,
-1.8,
-1.9,
-1.9,
-1.9,
-1.9,
-1.9,
-1.9,
-1.7,
15.8,
60.7,
110,
231,
299,
113,
53.7,
355,
189,
31.5,
0.0385,
-0.12,
15.4,
10.6,
-1.1,
-1.9,
-1.9,
-1.9,
-1.9,
-2,
-2,
-2,
-2,
-1.9,
11.6,
50,
155,
271,
325,
372,
393,
363,
366,
233,
148,
70.8,
46.9,
29.8,
0.165,
-1.8,
-1.8,
-1.8,
-1.9,
-1.9,
-1.9,
-1.9,
-1.9,
-1.7,
8.14,
63.7,
166,
255,
322,
264,
308,
319,
69.6,
304,
199,
84.9,
26.7,
21.3,
-1.5,
-1.8,
-1.8,
-1.8,
-1.8,
-1.9,
-1.9,
-1.9,
-1.9,
-1.7,
10.7,
62.4,
160,
251,
321,
318,
370,
244,
318,
233,
240,
191,
70.6,
8.35,
-0.84,
-1.8,
-1.8,
-1.8,
-1.8,
-1.9,
-1.9,
-1.9,
-1.9,
-1.6,
9.29,
62.4,
162,
254,
320,
360,
379,
291,
42,
118,
74.4,
49.6,
42.9,
21.2,
0.914,
-1.7,
-1.8,
-1.8,
-1.8,
-1.9,
-1.9,
-1.9,
-1.9,
-1.6,
10.2,
42.8,
167,
258,
324,
370,
360,
338,
386,
254,
107,
112,
31.2,
-1.8,
-2.5,
-1.8,
-1.8,
-1.8,
-1.8,
-1.9,
-1.9,
-1.9,
-1.9,
-1.9,
6.62,
61.6,
163,
257,
330,
369,
380,
376,
357,
312,
243,
157,
64.4,
10.6,
-1.8,
-1.8,
-1.8,
-1.8,
-1.8,
-1.8,
-1.9,
-1.9,
-1.9,
-1.9,
7.78,
25.2,
99.6,
254,
325,
350,
355,
279,
213,
179,
109,
103,
32.4,
3.76,
-2.2,
-1.7,
-1.8,
-1.8,
-1.8,
-1.8,
-1.8,
-1.8,
-1.8,
-1.8,
16.1,
75.9,
163,
258,
304,
356,
374,
363,
286,
69.7,
124,
62.3,
38.9,
10,
-0.77,
-1.8,
-1.8,
-1.8,
-1.8,
-1.8,
-1.9,
-1.9,
-1.9,
-1.8,
11.3,
60.7,
158,
249,
319,
359,
383,
379,
353,
298,
234,
146,
61.8,
15.5,
-1.3,
-1.8,
-1.8,
-1.8,
-1.9,
-1.9,
-1.9,
-2,
-2,
-1.9,
13,
57.2,
138,
235,
307,
356,
377,
378,
345,
295,
214,
131,
57.1,
19.8,
-1.5,
-1.8,
-1.9,
-1.8,
-1.9,
-1.9,
-1.9,
-1.9,
-1.9,
-1.9,
8.39,
45.5,
97.5,
168,
231,
292,
337,
333,
321,
275,
209,
132,
31.3,
18.6,
-0.87,
-1.8,
-1.8,
-1.8,
-1.8,
-1.8,
-1.8,
-1.9,
-1.9,
-1.8,
11.7,
35.5,
2.95,
0.00000242,
-0.0000019,
-0.000005,
-0.0000053,
-0.00001,
0.0000156,
0.0000212,
-0.000014,
-0.0000068,
0.00000187,
0.00000587,
-0.00000031,
0.00000196,
-0.00000098,
0.00000358,
-0.0000052,
0.00000117,
0.0000111,
0.00000852,
0.00000238,
0.00000316,
-0.0000025,
-0.000016,
-0.0000024,
-0.000005,
-0.0000057,
-0.00000069,
0.00000264,
82.8,
162,
228,
66.9,
0.598,
25.9,
7.64,
-2.3,
-1.8,
-1.9,
-1.9,
-1.9,
-2,
-2,
-2,
-2,
-2.1,
9.66,
58.6,
148,
239,
310,
353,
345,
352,
252,
71.8,
180,
149,
60,
7.72,
-2.2,
-1.8,
-1.8,
-1.8,
-1.9,
-1.9,
-1.9,
-1.9,
-1.9,
-2,
6.62,
52.7,
145,
233,
306,
347,
380,
355,
283,
63,
111,
45.1,
63.1,
9.2,
-1.9,
-1.8,
-1.8,
-1.8,
-1.8,
-1.9,
-1.9,
-1.9,
-1.9,
-2,
7.6,
56.3,
152,
244,
311,
352,
384,
167,
363,
302,
148,
69.3,
47.8,
9.97,
-1.9,
-1.8,
-1.8,
-1.8,
-1.9,
-1.9,
-1.9,
-1.9,
-1.9,
-2,
6.47,
55.4,
154,
246,
312,
354,
378,
373,
350,
308,
240,
154,
61.3,
10.2,
-2,
-1.8,
-1.8,
-1.8,
-1.8,
-1.9,
-1.9,
-1.9,
-1.9,
-1.9,
7.4,
52.7,
135,
226,
301,
343,
364,
362,
336,
285,
226,
142,
59.6,
13,
-2,
-1.8,
-1.8,
-1.8,
-1.8,
-1.8,
-1.8,
-1.8,
-1.9,
-1.9,
8.31,
52.8,
136,
225,
297,
288,
363,
353,
338,
294,
206,
50.7,
11.6,
8.16,
-0.69,
-1.8,
-1.8,
-1.8,
-1.8,
-1.8,
-1.8,
-1.9,
-1.9,
-1.8,
8.81,
48.5,
81.7,
123,
292,
204,
290,
336,
288,
228,
29.2,
8.11,
13.4,
12.7,
-2,
-1.8,
-1.8,
-1.8,
-1.8,
-1.8,
-1.8,
-1.9,
-1.9,
-1.8,
4.88,
53.7,
159,
226,
307,
356,
377,
382,
312,
317,
234,
90.3,
30.6,
10.6,
-1.7,
-1.9,
-1.8,
-1.8,
-1.8,
-1.8,
-1.8,
-1.8,
-1.8,
-1.8,
10,
27.5,
-0.000009,
-0.000004,
-0.0000073,
-0.0000023,
0.00000615,
0.00000172,
0.00000508,
0.0000217,
0.00000593,
0.000000862,
-0.0000016,
0.00000286,
-0.0000033,
0.00000318,
0.0000174,
0.000000315,
0.00000387,
-0.0000067,
-0.0000063,
0.00000329,
-0.0000039,
-0.0000026,
-0.0000027,
-0.0000047,
-0.0000022,
0.000000177,
-0.000004,
-0.0000089,
-0.0000049,
0.00000279,
-0.0000018,
0.000000957,
0.0000072,
0.00000612,
0.0000136,
0.00000338,
0.00000428,
-0.0000037,
0.00000168,
-0.00000038,
0.000000929,
0.00000878,
0.00000458,
-0.0000031,
-0.0000043,
-0.0000034,
0.00000189,
-0.0000044,
-0.0000031,
-0.00001,
-0.0000068,
-0.000006,
-0.0000034,
0.00000134,
0.00000346,
0.00000106,
0.00000288,
0.0000113,
0.0000148,
0.0000172,
0.00000211,
-0.0000099,
-0.0000037,
0.00000435,
-0.0000074,
0.00000312,
0.00000297,
0.00000771,
-0.000002,
0.00000397,
-0.00000072,
4.61,
143,
235,
303,
344,
367,
367,
346,
300,
232,
144,
58.3,
9.79,
-2.1,
-1.8,
-1.8,
-1.8,
-1.8,
-1.8,
-1.9,
-1.9,
-1.9,
-1.9,
4.77,
52.8,
86.3,
49.7,
314,
358,
377,
376,
356,
312,
244,
153,
58.2,
8.32,
-2,
-1.8,
-1.8,
-1.7,
-1.7,
-1.8,
-1.8,
-1.8,
-1.8,
-1.8,
5.8,
52.1,
143,
234,
304,
346,
368,
363,
122,
0.0000046,
71.9,
112,
37.4,
10.2,
-1.8,
-1.8,
-1.8,
-1.8,
-1.7,
-1.8,
-1.8,
-1.8,
-1.8,
-1.8,
5.72,
52.4,
151,
250,
325,
359,
360,
378,
361,
310,
234,
82.1,
24.5,
-0.84,
-1.8,
-1.8,
-1.8,
-1.8,
-1.7,
-1.8,
-1.8,
-1.8,
-1.8,
-1.8,
3.26,
36.8,
114,
196,
256,
313,
376,
374,
352,
312,
128,
72.6,
15.6,
13.2,
-1.7,
-1.8,
-1.8,
-1.8,
-1.9,
-1.9,
-1.9,
-1.9,
-1.9,
-1.9,
-0.91,
12.5,
120,
103,
161,
145,
98.8,
107,
62.7,
70.3,
9.98,
16.1,
27,
1.15,
-1.8,
-1.9,
-1.9,
-1.9,
-1.9,
-1.9,
-2,
-2,
-2,
-2,
1.64,
35.8,
120,
211,
261,
295,
298,
275,
290,
303,
216,
81.4,
48.5,
10.2,
-1.8,
-1.8,
-1.8,
-1.8,
-1.9,
-1.9,
-1.9,
-1.9,
-1.9,
-1.9,
4.97,
48.6,
131,
233,
294,
337,
371,
365,
330,
290,
112,
14,
2.7,
3.16,
-1.8,
-1.8,
-1.8,
-1.8,
-1.8,
-1.8,
-1.9,
-1.9,
-1.9,
-1.8,
-1.8,
3.05,
21.7,
120,
118,
-0.00000042,
0.000000498,
-0.0000045,
-0.00039,
8.2,
-3.1,
0.00000123,
0.00000158,
0.0000108,
0.0000119,
0.0000181,
0.0000095,
0.00000181,
0.00000355,
0.00000489,
0.0000121,
0.00000784,
-0.00000095,
-0.00000011,
0.00000412,
-0.00000062,
-0.0000047,
-0.0000073,
-0.000001,
-0.0000013,
-0.0000027,
0.00000179,
-0.00000054,
-0.00000023,
0.00000465,
0.0000067,
0.00000808,
0.0000118,
0.00000878,
0.0000114,
0.000000485,
0.00000274,
0.00000199,
-0.0000015,
0.00000388,
-0.0000072,
-0.0000065,
0.00000721,
0.00000638,
-0.00001,
-0.000015,
0.00000477,
-0.0000027,
-0.0000034,
-0.0000074,
1.14E-08,
0.00000449,
0.00000307,
0.00000173,
0.00000769,
0.0000133,
0.0000178,
0.00000864,
0.00000476,
0.0000011,
0.00000649,
0.00000151,
0.00000502,
0.00000849,
0.00000388,
0.0000173,
-0.00000086,
-0.0000034,
-0.00001,
-0.0000067,
-0.0000016,
0.00000381,
-0.0000045,
-0.0000008,
0.00000782,
0.00000294,
0.0000218,
-0.000015,
0.0000214,
0.0000102,
0.00000992,
0.00000416,
0.00000884,
0.00000392,
0.00000999,
0.00000204,
-0.000004,
0.00000194,
0.00000468,
0.0000117,
0.00000536,
0.00000277,
0.0000037,
-0.0000073,
-0.0000025,
0.00000235,
0.0000019,
0.00000488,
0.00000407,
0.00000284,
-0.0000034,
0.00000097,
0.00000651,
0.0000122,
0.00000965,
0.0000184,
0.0000182,
8.78E-08,
0.00000482,
0.00000838,
0.00000338,
-0.0000079,
0.00000311,
0.0000011,
0.00000366,
0.00000537,
-0.0000037,
-0.0000031,
0.00000364,
-0.0000073,
-0.000001,
0.00000585,
0.00000726,
0.00000481,
0.00000663,
0.0000087,
0.000013,
0.00000613,
0.0000163,
0.0000128,
-0.00000094,
0.000000943,
0.000000997,
0.0000038,
-9.9E-09,
0.00000202,
0.00000586,
0.00000849,
-0.0000042,
0.00000129,
0.00000507,
0.00000103,
-0.0000033,
-0.0000026,
0.00000356,
0.00000745,
0.00000296,
0.00000633,
0.00000845,
0.00000816,
0.0000162,
0.00000895,
0.0000101,
0.0000109,
0.00000674,
-0.00000068,
0.00000808,
0.00000894,
0.00000264,
0.00000914,
0.0000104,
-0.0000095,
-0.0000031,
-0.000002,
0.00000144,
0.00000208,
-0.0000027,
-0.000012,
-0.0000096,
-0.0000011,
0.000000998,
0.00000437,
0.00000153,
0.0000113,
0.0000117,
-0.0000011,
0.000000642,
-0.00000055,
0.000000923,
0.000000422,
0.00000125,
-0.0000009,
0.00000198,
0.00000424,
-0.0000083,
0.00000127,
-0.000000094,
0.0000114,
-0.000012,
-0.0000091,
-0.0000063,
28.8,
47.7,
99.9,
78.1,
99.7,
-132,
118,
0.00000318,
0.00000774,
0.0000124,
0.00001,
-0.0000015,
-0.0000019,
-0.0000024,
0.00000214,
-0.00000006,
-0.0000004,
-0.0000049,
0.00000114,
0.00000431,
0.0000133,
-0.000014,
-0.000011,
-3.7,
-100,
50.4,
-261,
-86,
-4.2,
-4.2,
353,
5.74,
0.0000205,
0.0000139,
0.00000854,
0.00000203,
0.00000222,
0.00000614,
0.0000125,
0.0000125,
0.0000104,
0.00000458,
0.00000969,
0.00000807,
0.00000198,
-0.0000026,
-118,
-42,
-0.044,
-201,
-5.7,
0.00000107,
3.29E-08,
0.00000834,
0.00000877,
0.00000185,
0.0000069,
0.00000473,
0.00000187,
0.0000019,
0.00000204,
0.00000924,
-0.00000096,
0.00000137,
-0.00000023,
0.000000385,
0.00000702,
-0.0000036,
-0.00001,
-0.000004,
-0.000017,
-0.0000042,
-0.00001,
-0.0000032,
0.00000032,
0.000000184,
0.00000402,
0.00000369,
-0.0000012,
0.0000068,
0.0000131,
0.00000557,
0.00000144,
0.00000165,
0.00000317,
-0.00000087,
-0.0000014,
0.000000144,
-0.0000021,
0.00000481,
0.00000433,
-0.0000011,
0.00000152,
-0.000009,
-0.000014,
-0.0000029,
-0.000017,
0.00000366,
-0.0000077,
-0.00000048,
0.00000757,
0.0000145,
-0.0000015,
0.00000242,
0.00000987,
0.0000017,
0.00000333,
0.0000034,
0.00000686,
0.00000399,
0.00000324,
-0.0000074,
0.00000509,
0.0000068,
6.41E-08,
-0.0000019,
-0.0000036,
-0.0000075,
-0.000013,
-0.0000069,
-0.0000069,
-0.0000084,
0.00000138,
0.00000354,
0.00000535,
0.00000324,
0.00000361,
0.00000385,
0.000012,
0.00002,
0.00000568,
0.00000363,
0.00000156,
0.00000237,
-0.0000034,
-0.0000013,
0.000000992,
-0.0000051,
-0.0000052,
0.000000848,
0.00000383,
-0.000012,
-0.0000069,
-0.000011,
-0.000012,
-0.000004,
0.000000729,
0.00011,
0.000000071,
6.76,
11.8,
-0.33,
0.000000287,
0.00000111,
0.00000285,
-0.0000035,
-0.0000021,
-0.0000033,
0.000000642,
0.00000358,
0.00000804,
-0.0000047,
-0.00000067,
-0.0000038,
0.00000944,
-0.0000031,
-0.0000073,
-73,
3.47,
-1.7,
0.00000411,
0.00000769,
-0.16,
-19,
76.3,
42.8,
0.0000153,
0.0000133,
0.00000578,
0.00000694,
0.00000714,
0.00000474,
0.0000078,
0.00000173,
0.00000491,
0.0000111,
0.0000072,
0.0000122,
0.00000233,
0.000000889,
-42,
-240,
67.4,
-1.9,
159,
106,
-0.64,
-80,
18,
13.8,
0.000018,
0.00000931,
0.00000035,
-0.0000088,
0.000000476,
0.00000297,
0.0000101,
-0.00000036,
0.00000455,
-0.0000018,
-0.0000052,
-0.0000031,
0.00000122,
-0.00000085,
-0.00001,
-0.0000054,
-0.000011,
-0.0000058,
-0.0000023,
-1.3,
-0.55,
0.00000525,
0.00000067,
0.00000456,
0.00000209,
0.00000293,
0.0000136,
0.0000139,
0.00000102,
0.000000235,
0.00000379,
-0.00000046,
-0.0000039,
-0.00000072,
-0.00000046,
0.00000376,
0.00000157,
-0.0000014,
-0.000005,
-0.000023,
-0.000011,
-0.000002,
-0.0000059,
-0.0000036,
-0.0000018,
0.00000867,
0.000000587,
0.00000954,
0.0000303,
0.00000404,
0.0000014,
-0.0000035,
0.0000039,
0.000000982,
0.00000561,
-0.0000048,
-0.0000016,
0.00000206,
0.000000545,
-0.00000087,
-0.0000016,
-0.0000046,
-0.000015,
-0.000019,
-0.0000036,
-0.0000028,
-0.000011,
-0.00000086,
0.00000793,
0.00000167,
0.00000167,
0.00000411,
0.0000164,
0.0000163,
0.000000152,
0.0000021,
0.00000017,
0.00000516,
0.0000015,
0.00000119,
-0.0000017,
0.000000604,
0.00000033,
0.00000515,
0.00000878,
-0.000019,
-0.00002,
-0.0000018,
-0.0000016,
-0.0000053,
-0.046,
-0.011,
-0.0000036,
-0.021,
-0.06,
-0.0042,
0.0000149,
0.0000222,
0.00000943,
0.00000232,
0.0000111,
0.0000145,
0.00000966,
0.0000076,
0.00000888,
0.00000983,
0.0000196,
0.00000926,
0.00000139,
-0.0000053,
-0.0000071,
0.000000967,
-0.0000028,
0.000000623,
-0.5,
-20,
-54,
72.7,
76.4,
-47,
0.00000952,
0.0000207,
0.00000267,
0.00000124,
0.000008,
-0.0000011,
-0.000003,
-0.0000079,
0.00000716,
0.00000458,
0.00000379,
0.00000426,
-0.00000018,
-0.000004,
-0.003,
-0.00088,
-50,
-79,
-226,
-170,
65.6,
0.0000028,
-2.7,
-1.1,
0.0000145,
0.000016,
0.00000511,
-0.0000024,
-0.0000051,
0.00000355,
0.00000016,
0.00000322,
0.00000469,
0.00000365,
0.00000544,
0.00000213,
0.00000312,
-0.0000085,
-0.000021,
-2.9,
-4.1,
-4.2,
-0.3,
-3.1,
9.94,
197,
-3.5,
-0.0000015,
0.00000546,
0.00000363,
0.00000529,
0.0000029,
-0.000001,
-0.0000032,
0.00000849,
0.00000141,
-0.0000097,
0.00000195,
0.00000242,
0.00000532,
-0.00000019,
-0.000018,
-0.00002,
-0.034,
-0.059,
-0.055,
-0.052,
-0.06,
-0.058,
-0.046,
-0.054,
-0.001,
0.0000145,
0.0000101,
0.000000775,
-0.0000014,
-0.0000025,
0.00000211,
-0.0000014,
0.000000221,
-0.0000042,
0.0000123,
-0.0000058,
0.00000405,
0.00000813,
-0.000011,
-0.000017,
-0.00000053,
-0.000011,
-0.000011,
-0.0000041,
0.000000451,
0.00000113,
0.00000212,
0.000000133,
0.00000723,
0.0000117,
0.00000992,
-0.0000025,
0.00000127,
0.00000388,
0.00000999,
-0.0000033,
0.00000251,
0.00000477,
0.00000108,
-0.0000034,
0.00000201,
0.00000539,
0.00000157,
-0.0000085,
-0.000017,
-0.0000051,
0.000000819,
-0.000000092,
-0.0000091,
-0.0000053,
0.00000135,
0.00000704,
0.00000649,
0.00000971,
0.0000137,
0.00000123,
0.000000761,
0.00000505,
0.00000309,
0.0000122,
-0.0000005,
0.00000862,
0.00000161,
-0.0000013,
-0.0000071,
-0.00000022,
-0.000011,
-0.000027,
-0.0000056,
-0.0000079,
-0.0000069,
0.00000137,
-0.0000033,
-0.026,
-0.059,
-0.052,
0.00000399,
0.00000157,
0.0000157,
0.00000602,
0.00000132,
0.00000199,
-0.0000003,
-0.00000097,
-0.0000014,
0.00000131,
0.00000189,
-0.0000035,
0.000000612,
-0.0000062,
-0.012,
-0.052,
-0.029,
-0.047,
-0.044,
-0.0086,
-0.33,
48,
40.4,
167,
-0.36,
0.000015,
0.000014,
0.00000214,
-0.00000013,
-0.0000052,
0.00000142,
-0.0000001,
-0.000005,
-0.00000036,
0.00000467,
0.00000341,
-0.0000021,
-0.0000014,
10.4,
18.1,
47.6,
159,
-0.0000078,
0.000000691,
-0.000006,
0.00000542,
0.00000345,
0.00000102,
0.00000568,
0.00000337,
0.00000135,
0.00000204,
0.000000536,
0.00000666,
0.00000403,
0.00000415,
0.00000363,
-0.00000085,
0.0000021,
0.00000699,
0.000000737,
0.00000531,
-0.0000087,
-0.00001,
-0.000013,
-0.0000039,
-1.8,
-4.2,
-1.7,
-0.0033,
-0.025,
-0.065,
-0.0051,
0.00000192,
3.32E-08,
0.000000795,
-0.0000016,
-0.0000011,
0.00000245,
-0.00000054,
0.00000242,
0.000000183,
0.000000552,
0.00000296,
0.00000496,
-0.0000042,
-0.0000038,
-0.0000064,
-0.0021,
-0.0072,
-0.0047,
-0.0035,
-0.00055,
-0.00002,
0.00000581,
-0.00000061,
0.00000801,
0.00000805,
0.0000087,
0.0000109,
0.00000692,
-0.000000068,
0.000000255,
0.00000167,
-0.0000021,
-0.0000019,
-0.00000061,
-0.0000011,
0.00000257,
-0.0000011,
0.00000189,
-0.000022,
-0.00002,
-0.0000054,
-0.000004,
-0.0000048,
-0.0000063,
0.00000286,
-0.0000012,
0.00000329,
0.00000997,
0.0000122,
0.00000449,
0.00000224,
0.0000103,
-0.00000032,
-0.0000021,
0.00000286,
0.000000314,
0.00000619,
0.0000126,
-0.0000028,
-0.0000025,
-0.00000099,
-0.0000077,
-0.000022,
-0.00001,
-0.000011,
-0.0000051,
-0.0000047,
-0.0000026,
0.00000187,
0.00000196,
0.00000145,
0.000000257,
0.000011,
0.0000178,
0.0000113,
0.00000156,
-0.0000055,
0.0000035,
0.00000118,
-0.000011,
-0.0000028,
0.00000229,
0.00000671,
-0.0000066,
0.000000764,
-0.000013,
-0.0000082,
-0.0000085,
-0.000014,
-0.0000024,
-0.00000088,
-0.00000035,
0.00000151,
-0.0000018,
0.00000137,
0.00000122,
0.00000976,
0.0000141,
0.00000463,
0.000000258,
-0.0000054,
-0.00000035,
0.00000385,
-0.0000025,
-0.00000044,
-0.00000093,
0.00000379,
0.00000366,
0.00000709,
-0.014,
-0.056,
-0.057,
-0.06,
-0.053,
-0.0055,
-0.0000042,
0.000000208,
0.00000275,
-0.00000056,
0.00000452,
0.0000182,
0.000012,
0.0000102,
0.00000914,
-0.0000063,
-0.0000052,
0.00000382,
0.00000929,
0.000000749,
0.00000122,
0.00000262,
-0.0000015,
0.00000436,
-0.0000081,
-0.000016,
-0.81,
434,
-53,
-34,
-414,
8.28,
8.23,
36.8,
4.29,
0.0000139,
0.0000147,
0.00000758,
0.00000464,
0.00000239,
-0.00000013,
-0.0000056,
-0.000004,
0.00000265,
0.00000909,
-0.00000048,
0.00000474,
-0.00000046,
-0.0000043,
-0.00003,
4.64,
69.2,
161,
-93,
-126,
89.6,
85,
47.4,
185,
0.0000127,
0.0000236,
0.00000558,
-0.0000047,
-0.000002,
0.000000513,
0.00000311,
0.00000706,
-0.0000047,
-0.0000089,
-0.0000044,
-0.0000017,
0.00000222,
-0.0000052,
-0.0000065,
-0.034,
-0.067,
-0.06,
-0.056,
-0.054,
-0.057,
-0.06,
-0.045,
-0.013,
0.00000677,
0.0000265,
0.00000213,
-0.0000024,
0.00000511,
-0.000003,
-0.0000078,
-0.000002,
-0.0000025,
-0.000004,
-0.000000096,
-0.00000091,
0.00000362,
-0.0000042,
-0.0000062,
-0.000011,
-0.000013,
-0.000000034,
0.000000541,
0.000000178,
0.00000298,
0.0000267,
-0.000013,
0.0000158,
-0.0000038,
0.00000158,
-0.0000033,
0.0000029,
0.00000197,
0.000000339,
0.0000134,
0.00000313,
-0.0000025,
0.0000029,
0.00000148,
-0.0000051,
-0.000011,
-0.0000094,
-0.0000049,
-0.0000037,
-0.000004,
-0.0000052,
0.00000165,
-0.0000016,
-0.000013,
0.0000174,
0.00000335,
1.87E-08,
0.0000119,
0.0000105,
0.00000857,
0.00000449,
0.00000651,
0.000000809,
-0.0000019,
-0.0000042,
0.00000146,
-0.0000017,
0.00000267,
0.00000261,
-0.0000017,
-0.0000071,
-0.000011,
-0.0000029,
-0.000011,
-0.05,
-0.029,
-0.0000029,
-0.00000093,
0.000000126,
0.0000386,
0.00000517,
0.00000591,
0.0000108,
0.00000377,
-0.00000099,
0.00000487,
0.0000109,
0.00000882,
0.00000022,
0.00000681,
-0.0000043,
0.00000129,
-0.00000067,
0.000000149,
-0.0000079,
-0.0000014,
-0.000013,
-0.000009,
0.00000125,
-0.0000018,
-0.0000079,
-0.0000027,
0.0000113,
0.00000679,
-0.000001,
0.00000281,
0.0000126,
0.0000121,
0.00000121,
0.00000279,
0.00000567,
-0.00000093,
-0.0000018,
-0.0000033,
-0.0000053,
0.00000137,
0.00000494,
-0.0000028,
-0.0000081,
-0.000025,
-0.00000059,
-0.0000055,
-0.00001,
-0.018,
17.8,
-3.8,
19.3,
51.9,
0.00000334,
0.0000133,
0.000013,
0.000000176,
0.00000117,
0.00000213,
0.00000593,
-0.000001,
-0.0000033,
0.00000219,
0.00000244,
0.00000723,
0.00000874,
-0.0000051,
-0.000017,
-0.000017,
-0.0000081,
-0.0000068,
-0.0000045,
-0.045,
-0.056,
-0.065,
-0.056,
-0.0041,
0.0000023,
0.00000786,
0.00000825,
0.00000163,
-0.0000026,
0.000000256,
0.00000171,
0.0000105,
0.000017,
0.00000468,
-0.0000019,
0.00000171,
0.00000231,
-0.000005,
-0.000004,
-0.0000042,
-0.0000019,
-0.0000096,
-0.00002,
-0.0000038,
-0.00000089,
-0.000001,
0.00000549,
-0.0000016,
0.00000716,
0.00000773,
0.0000193,
0.0000118,
-0.0000027,
0.00000118,
-0.0000012,
-0.0000011,
0.000000567,
0.00000171,
0.00000192,
-0.0000028,
-0.0000064,
-0.00000051,
-0.000013,
-0.000017,
-0.000003,
-0.000011,
-0.0000072,
-0.0048,
-0.035,
0.00000296,
0.00000209,
0.00000963,
0.00000968,
0.00000803,
0.00000196,
0.00000439,
-0.0000027,
0.00000118,
-0.00000011,
0.00000391,
0.00000204,
-0.0000011,
-0.0000025,
-0.0000018,
0.00000378,
0.00000182,
-0.0000032,
-0.000011,
-0.0000037,
-0.0000029,
0.000000687,
-0.0000037,
-0.000011,
-0.0000061,
0.00000153,
0.00000116,
0.00000712,
0.0000195,
0.00000841,
0.0000099,
0.000005,
-0.0000041,
0.00000261,
0.000015,
0.00000211,
0.00000162,
-0.0000015,
0.000000921,
0.000000206,
-0.000002,
0.00000248,
-0.0000063,
159,
323,
397,
388,
408,
308,
95.6,
99.5,
-0.24,
0.0000107,
0.00000528,
-0.00000031,
0.00000666,
3.23E-08,
0.00000186,
-0.0000029,
0.0000101,
0.00000307,
0.00000845,
0.000000948,
0.0000112,
-0.0000056,
-0.000011,
-0.000026,
19.7,
24.2,
39.3,
-3.2,
-0.85,
4.78,
6.05,
5.22,
-3.1,
0.0000173,
0.0000211,
0.00000607,
0.00000657,
-0.0000067,
-0.0000042,
0.00000364,
0.00000349,
0.000015,
-0.000000075,
0.00000997,
0.000000572,
-0.0000033,
-0.00002,
-0.000012,
-1.5,
-1.9,
-4.3,
-3.3,
-4.2,
-3.9,
50.2,
-0.98,
0.00000942,
0.0000182,
0.0000172,
0.0000109,
-0.00000068,
-0.0000049,
0.000000571,
0.00000149,
-0.0000095,
-0.0000061,
-0.00000029,
0.00000574,
0.00000308,
-0.000002,
-0.0000028,
-0.000011,
-1.1,
52,
18.4,
-4.2,
13.5,
20.3,
62.5,
51.7,
-0.48,
0.00000503,
0.00000783,
0.00000872,
0.00000997,
0.00000935,
0.0000219,
0.00000332,
0.00000288,
0.00000654,
-0.00000025,
-0.00000035,
0.00000594,
0.00000923,
0.0000056,
0.00000367,
-0.0000051,
-0.000015,
-0.000002,
-0.00000067,
0.0000686,
-0.0000061,
0.0000016,
0.00000627,
0.0000149,
0.00000713,
0.0000275,
0.00000881,
0.00000529,
0.0000033,
0.00000494,
0.000000637,
0.00000409,
0.00000178,
0.00000293,
0.00000206,
0.00000344,
0.0000032,
0.00000054,
-0.000011,
-0.000015,
-0.00000069,
-0.00000044,
-0.0000041,
-0.0000014,
0.000000841,
0.00000409,
0.00000938,
0.0000116,
0.0000211,
0.0000132,
0.00000676,
0.000000166,
0.00000204,
0.00000228,
0.00000858,
0.00000717,
-0.0000036,
-0.000002,
0.00000847,
0.00000768,
-0.0046,
0.000000937,
-0.0056,
-0.061,
-0.041,
-0.0000022,
0.00000204,
0.00000479,
0.00000418,
0.00000471,
0.000000543,
0.0000155,
0.000024,
0.0000129,
0.00000895,
0.00000584,
0.00000514,
0.00000798,
0.00000721,
0.00000964,
-0.000000023,
0.00000333,
0.00000729,
0.00000821,
0.0000101,
-0.0000062,
-0.000016,
-0.058,
-0.059,
-0.024,
-0.0065,
-0.068,
-0.07,
-0.029,
-0.0044,
0.0000154,
0.0000246,
0.00000735,
0.00000893,
0.00000341,
0.00000198,
0.00000262,
0.00000978,
0.00000438,
0.00000498,
0.00000231,
0.00000654,
0.00000493,
0.00000418,
0.00000459,
8.75,
57.8,
2.36,
4.07,
-0.0000026,
0.115,
-72,
13.4,
40.5,
0.00000717,
0.00000216,
0.0000082,
0.00000359,
0.00000232,
-0.0000022,
-0.000000032,
0.00000184,
0.000000655,
-0.0000037,
-0.0000045,
0.000000399,
0.00000125,
-0.0000044,
-1.3,
5.98,
27.6,
41,
91.6,
29.6,
6.38,
21,
8.23,
-1.3,
0.00000838,
0.00000796,
0.0000101,
0.00000791,
0.0000112,
0.00000847,
0.00000552,
0.00000853,
0.00000699,
0.00000121,
0.00000986,
0.00000541,
-0.00000073,
0.00000774,
-0.39,
9.81,
-1.4,
70,
221,
49.5,
92.3,
186,
34.3,
0.00000155,
0.00000813,
0.00000338,
0.00000478,
0.0000023,
0.00000547,
0.00000393,
0.00000236,
0.0000091,
0.0000134,
0.000012,
0.00000107,
-0.0000019,
0.00000888,
0.00000187,
0.00000242,
-0.000011,
0.00000053,
-0.011,
-0.06,
-0.039,
-0.062,
-0.085,
-0.041,
0.00000415,
0.0000183,
0.00000939,
0.00000316,
0.00000077,
-0.00000054,
0.00000293,
-0.0000034,
-0.0000023,
-0.0000009,
0.00000107,
0.000000555,
-0.00000095,
0.00000167,
0.0000043,
-0.0000066,
-0.0000047,
-0.000011,
-0.000019,
-0.0000079,
-0.0000035,
-0.000001,
-0.0000043,
-0.0000012,
-0.0000013,
0.0000108,
0.00000668,
0.0000222,
0.00000521,
-0.0000042,
0.00000289,
-0.0000014,
-0.0000014,
-0.0000026,
0.0000016,
0.00000978,
0.00000116,
0.00000722,
-0.0000054,
-0.000015,
-0.0000065,
-0.000022,
-0.00001,
-0.0000041,
-0.0000025,
-0.0000056,
-0.0000033,
-0.0000033,
0.000000821,
0.0000125,
0.0000159,
0.0000269,
-0.000003,
0.000000207,
-0.0000011,
-0.000000022,
0.00000132,
-0.00000092,
-0.0000011,
-0.0000032,
0.00000429,
-0.00000053,
-0.0000023,
-0.0000065,
-0.000013,
-0.00002,
-0.0000039,
-0.0000011,
-0.0000065,
-0.0000072,
-0.0000034,
-0.0000029,
0.00000434,
0.0000082,
0.0000205,
0.0000207,
0.000000393,
-0.0000018,
-0.0000031,
-0.0000036,
5.75E-09,
0.000000238,
0.00000235,
-0.0000038,
-0.00000098,
-0.00000014,
0.00000131,
-0.0000017,
-2.4,
56.5,
85.2,
7.98,
-0.0000038,
-0.37,
-4.2,
-4,
-0.78,
0.0000227,
0.000015,
0.0000199,
0.0000124,
0.00000518,
0.00000196,
0.00000949,
0.00000312,
0.00000433,
0.00000918,
0.0000062,
0.0000089,
0.00000776,
0.00000313,
44.8,
10.7,
131,
587,
331,
-0.34,
428,
219,
192,
0.00000646,
0.00000461,
0.00000567,
0.00000245,
0.00000613,
0.00000159,
-0.0000029,
0.00000305,
0.00000301,
-0.0000015,
0.00000273,
0.00000853,
-0.0000018,
-0.0000026,
-0.000001,
-0.0000038,
-0.0000055,
-0.033,
-0.034,
-0.0028,
-0.00017,
-0.0000062,
0.00000169,
0.0000118,
0.0000145,
0.0000173,
0.0000146,
0.0000137,
0.0000123,
0.00000592,
0.0000115,
0.0000141,
0.00000263,
0.00000344,
0.00000681,
0.00000134,
0.00000836,
0.00000913,
0.00000963,
0.00000514,
-0.0000015,
-0.029,
-0.056,
-0.058,
-0.019,
0.00000195,
0.0000136,
0.000012,
0.0000111,
0.00000826,
0.0000104,
0.00000935,
0.0000168,
-0.025,
-0.063,
-0.063,
-0.032,
0.00000866,
0.00000515,
0.00000738,
0.00000749,
0.00000423,
0.00000394,
0.0000166,
0,
0,
-0.000004,
0.0000113,
-0.0000058,
0.00000384,
-0.0000041,
0.0000063,
0.0000206,
0.0000181,
0.0000151,
0.00000337,
0.00000527,
0.00000461,
0.00000902,
0.00000424,
0.00000496,
0.00000534,
0.00000703,
0.0000165,
0.0000187,
0.0000175,
0.00000131,
-0.0000085,
-0.000016,
0.000000903,
-0.000011,
-0.0000059,
-0.00000018,
0.00000551,
0.00000886,
0.00000414,
0.0000107,
0.0000229,
0.00002,
0.00000758,
0.00000377,
0.0000077,
0.00000443,
0.00000758,
0.00000797,
0.00000561,
0.0000112,
0.0000215,
0.0000236,
0.00000795,
0.00000596,
-0.000018,
-0.000021,
0.000000122,
-0.0000016,
-0.0000092,
-0.0000011,
239,
335,
268,
167,
32.5,
0.0000278,
0.0000132,
0.00000539,
0.00000997,
0.00000423,
0.00000535,
0.00000822,
0.0000093,
0.0000127,
0.0000094,
0.00000286,
0.00000685,
0.0000163,
0.00000327,
-3,
217,
381,
135,
-0.39,
0.0000147,
71.8,
129,
-1.2,
0.00000695,
0.0000244,
0.0000197,
0.0000169,
0.0000161,
0.00000651,
0.00000909,
-0.0000049,
0.00000177,
-0.000016,
-0.000004,
0.00000268,
0.00000143,
0.00000372,
-0.51,
316,
197,
450,
616,
347,
-6.5,
348,
244,
-4.3,
-1.2,
0.00000774,
-0.00000042,
0.0000076,
0.00000837,
0.0000116,
0.00000604,
0.00000769,
0.0000105,
-0.00000067,
0.00000334,
0.00000431,
0.00000438,
-0.47,
-3.3,
742,
926,
243,
193,
51.2,
-0.074,
-0.071,
-0.034,
-0.000018,
-0.029,
0.0000148,
0.0000219,
0.00000563,
-0.0000022,
-0.0000013,
-0.000016,
-0.000004,
-0.0000079,
-0.0000014,
0.000000165,
0.00000274,
0.000000549,
0.00000321,
-0.00061,
-0.0025,
-0.00096,
-0.056,
-0.042,
-0.064,
-0.048,
-0.058,
-0.038,
-0.052,
-0.0054,
0.0000212,
0.0000108,
0.000012,
0.0000192,
-0.000004,
-0.0000022,
0.00000652,
0.0000204,
0.0000221,
0.0000024,
0.00000584,
0.00000424,
0.000032,
-0.00000014,
-0.000033,
0.0000021,
-0.0000066,
-0.0000034,
0.00000331,
0.0000113,
0.00000358,
0.0000035,
0.0000114,
0.0000105,
0.000036,
0.0000163,
0.00000217,
0.00000753,
0.00000266,
0.0000246,
0.0000187,
0.000011,
0.0000175,
0.0000174,
0.00000585,
0.00000838,
0.0000118,
-0.0000052,
-0.000037,
-0.0000031,
-0.000015,
0.00000833,
0.00000638,
0.00000406,
0.00000391,
0.00000809,
0.00000844,
0.0000182,
0.000021,
0.0000182,
0.00000783,
0.00000633,
0.0000137,
0.0000057,
0.00000424,
0.00000544,
0.00000678,
0.0000086,
0.00000815,
0.0000012,
0.00000815,
0.00000605,
0.00000706,
0.00000445,
-0.000012,
233,
368,
350,
229,
169,
142,
11.6,
0.0000143,
0.0000158,
0.000000358,
0.0000011,
-0.000002,
0.00000126,
0.00000212,
0.00000241,
0.00000319,
0.0000178,
0.00000652,
-0.00000049,
-0.000021,
37.4,
605,
647,
743,
551,
-0.09,
625,
384,
69.2,
0.00000588,
0.00000592,
0.0000174,
0.0000213,
0.000000823,
-0.0000049,
0.0000113,
0.00000633,
0.00000668,
-0.0000054,
-0.000011,
0.000000209,
0.00000171,
-0.0000077,
0.0000015,
0.00000571,
-0.000027,
172,
327,
368,
387,
370,
330,
257,
157,
39.5,
-4.1,
-4.3,
-4.4,
-4.4,
-4.5,
-4.5,
-4.6,
-4.6,
-4.6,
-4.6,
-4.5,
-4.5,
-4.4,
-4,
2,
2.65,
-0.0000078,
11.1,
59.1,
150,
153,
192,
140,
34.5,
-4.3,
-4.3,
-4.4,
-4.4,
-4.4,
-4.4,
-4.5,
-4.5,
-4.5,
-4.5,
-4.5,
-4.5,
-4.4,
9.07,
118,
229,
305,
349,
255,
298,
320,
236,
88.3,
4.71,
0.0000308,
0.00000904,
0.00000376,
0.00000304,
0.0000026,
0.00000128,
0.00000927,
-0.00000074,
0.0000125,
0.000000965,
0.00000557,
0.00000638,
0.00000799,
0.00000498,
0.00000707,
-0.0000005,
-0.0000062,
0.00000249,
0.00000679,
-0.0000035,
0.00000607,
0.00000388,
0.0000095,
0.0000214,
0.0000118,
0.00000886,
0.000000624,
0.00000768,
0.00000361,
0.0000033,
0.0000061,
0.00000292,
0.00000515,
0.00000646,
0.0000138,
0.00000981,
0.0000172,
-0.0000014,
-0.0000071,
-0.00000012,
0.00000387,
-0.0000038,
-0.0000059,
-0.0000069,
0.00000846,
0.000000935,
0.000018,
0.0000205,
0.0000143,
0.00000657,
0.0000103,
0.00000613,
0.00000247,
0.00000724,
0.00000778,
0.00000961,
0.00000769,
0.0000142,
0.00000984,
0.0000127,
0.0000141,
-0.97,
689,
41.8,
129,
-55,
184,
137,
-0.0000013,
0.00000378,
0.00000554,
0.00000997,
0.0000246,
0.000014,
0.00000169,
0.0000055,
0.00000768,
0.00000552,
0.00000666,
0.00000369,
0.0000086,
0.0000108,
-0.0000025,
0.00000687,
0.00000255,
-1,
-2.6,
-125,
60.9,
429,
235,
-0.55,
0.000000792,
0.0000011,
0.00000339,
0.00000621,
0.0000274,
-0.0000086,
-0.0000061,
0.0000164,
0.0000216,
-0.00000057,
0.000000712,
-0.0000067,
-0.0000071,
-0.00000087,
-0.0000062,
-0.0000021,
-0.000000048,
-0.00000037,
-0.000017,
-0.000021,
-0.0000048,
-0.0000025,
-0.0000047,
-0.0000016,
0.00000355,
-0.0000045,
0.00000139,
0.00000918,
0.0000141,
0.00000252,
0.00000139,
0.0000116,
-0.000011,
0.0000112,
-0.0000019,
-0.000015,
0.0000157,
0.0000246,
0.00000567,
0.00000379,
-0.0000086,
-0.0000087,
-0.000025,
-0.000016,
-0.014,
355,
374,
360,
322,
252,
140,
18.7,
-4.4,
-4.4,
-4.5,
-4.6,
-4.5,
-4.6,
-4.7,
-4.7,
-4.7,
-4.7,
-4.7,
-4.6,
-4.4,
3.86,
104,
224,
302,
350,
365,
351,
312,
244,
136,
16.3,
-4.3,
-4.3,
-4.3,
-4.4,
-4.5,
-4.5,
-4.6,
-4.6,
-4.6,
-4.7,
-4.7,
-4.6,
-4.5,
4.67,
85.7,
206,
297,
344,
355,
342,
233,
196,
97.5,
3.32,
-4.4,
-4.4,
-4.5,
-4.5,
-4.6,
-4.7,
-4.7,
-4.8,
-4.8,
-4.8,
-4.8,
-4.8,
-4.8,
-4.7,
-4.1,
0.661,
22,
46.9,
55.1,
40.1,
31.5,
30.7,
7.07,
-2.9,
-4.5,
-4.5,
-4.5,
-4.5,
-4.6,
-4.6,
-4.7,
-4.7,
-4.7,
-4.7,
-4.6,
-4.6,
-4.5,
-4.4,
-0.94,
6.03,
22.1,
48.3,
15.6,
39.1,
37.6,
17.8,
2.85,
-0.29,
0.00000786,
0.00000411,
0.00000656,
0.00000699,
0.0000014,
0.00000586,
-0.0000017,
0.00000369,
0.0000104,
0.00000759,
0.00000864,
-0.0000016,
0.00000183,
-1.3,
277,
365,
451,
325,
28.2,
299,
13.3,
-1.1,
0.00000575,
0.0000123,
0.0000142,
0.00000804,
0.00000652,
0.00000538,
0.0000102,
0.00000812,
0.0000103,
0.00000476,
0.00000419,
0.00001,
0.000000645,
0.00000976,
0.00000908,
-0.00059,
77,
168,
188,
68.1,
-0.86,
218,
-0.000014,
-0.00000082,
0.0000124,
0.0000254,
0.0000245,
0.0000129,
0.00000275,
0.0000164,
0.0000183,
-0.000014,
0.00000674,
0.00000622,
0.0000054,
0.0000366,
0.000014,
0.00000962,
-0.000016,
42.7,
346,
371,
539,
123,
197,
277,
537,
734,
0.00000655,
0.0000191,
0.0000124,
0.000000321,
0.00000204,
0.000000142,
0.00000108,
-0.0000046,
-0.0000006,
0.00000327,
0.00000029,
-0.0000048,
-0.0000015,
0.00000709,
0.00000116,
0.000000711,
-0.0000073,
-0.000016,
-0.0000081,
-3.2E-09,
0.0000025,
-0.0000018,
-0.0000057,
0.00000311,
0.00000998,
0.000007,
0.0000137,
0.0000048,
0.000000739,
-0.0000011,
-0.000000043,
-0.0000003,
-0.00000094,
-0.0000015,
-0.0000022,
0.00000507,
0.0000188,
0.00000324,
0.00000632,
-0.0000058,
-0.0000004,
-0.000033,
-0.000029,
0.00000249,
-0.0000032,
-0.0000046,
0.00000189,
0.00000688,
0.00000215,
0.0000148,
0.0000148,
0.00000344,
0.0000121,
0.00000149,
-0.0000038,
0.000000432,
0.00000444,
-0.0000032,
0.00000599,
0.00000329,
-0.0000058,
-0.0000079,
0.00000775,
-0.0000007,
-0.0000052,
-0.000014,
-0.000018,
-0.0000031,
-0.000003,
-0.0000053,
-0.00000061,
0.00000173,
0.00000483,
0.0000149,
0.0000221,
-0.0000029,
-0.0000019,
0.00000251,
0.00000423,
-0.00000011,
-0.00000094,
0.0000059,
0.0000104,
0.0000179,
-0.00000046,
0.00000948,
0.00000436,
0.0000115,
-0.000041,
-0.000027,
-0.055,
263,
518,
272,
798,
0.0000018,
0.00000264,
0.00000737,
0.0000103,
0.000015,
0.0000171,
0.00000782,
-0.0000055,
-0.000002,
0.00000864,
-0.000011,
-0.00000048,
-0.0000076,
-0.00000081,
0.00000364,
0.000000784,
0.0000024,
-0.000022,
-0.000027,
523,
689,
496,
25.3,
-4.3,
13.8,
144,
0.00000966,
0.00000787,
0.00000872,
0.00000137,
0.00000575,
0.0000027,
-0.00000026,
-0.000016,
-0.0000062,
-0.00000056,
0.00000117,
-0.0000018,
0.00000211,
0.00000327,
0.00000395,
-0.55,
-0.084,
209,
372,
619,
90.8,
471,
106,
-0.0000036,
0.00000731,
0.0000115,
0.00000822,
0.00000539,
0.00000614,
0.0000078,
-0.000000099,
-0.0000014,
0.000000209,
0.00000565,
0.00000632,
-0.000001,
-0.00000046,
-0.0000031,
0.00000186,
151,
785,
616,
84.2,
-3.6,
161,
888,
114,
0.00000391,
0.0000087,
0.00000524,
0.000000156,
0.00000246,
-0.0000018,
0.0000057,
0.0000237,
0.0000144,
-0.0000038,
-0.0000026,
0.000000234,
0.0000028,
0.00000395,
0.00000193,
0.00000594,
3.89E-08,
-0.000029,
-0.000026,
-0.0000062,
-0.0000022,
-0.000013,
-0.000005,
0.0000116,
-0.0000061,
0.0000156,
0.00000232,
0.00000121,
-0.0000028,
-0.0000056,
-0.0000022,
0.00000103,
0.00000583,
-0.00000005,
0.00000153,
-0.000003,
0.00000316,
0.0000012,
-0.0000011,
0.00000154,
-0.000001,
-0.00000013,
-0.0000061,
-0.00001,
-0.0000012,
0.00000714,
-0.000015,
-0.00000084,
0.000000481,
0.0000188,
0.00000531,
0.00000162,
-0.0000028,
-0.0000013,
-0.0000026,
0.0000187,
0.0000277,
0.0000143,
0.00000338,
0.00000334,
-0.00001,
-0.000013,
0.00000152,
-0.0000077,
-0.0000023,
-0.000024,
-0.000012,
-0.0000056,
0.00000677,
0.00000521,
-0.0000027,
-0.0000048,
-0.00000082,
0.00000776,
0.00000156,
-0.0000012,
-0.0000012,
-0.00000074,
-0.0000019,
-0.00000014,
-0.0000022,
-0.0000012,
0.00000363,
0.000005,
0.0000027,
0.00000375,
0.00000145,
-0.0000012,
-0.0000027,
-0.000013,
-0.000007,
0.0000109,
7.23,
46.6,
40.1,
90.3,
67.2,
1.91,
-0.29,
-0.0000035,
-0.00000019,
0.00000158,
-0.0000041,
-0.0000084,
0.00000445,
0.00000447,
-0.000000075,
0.00000216,
0.00000136,
-0.0000034,
0.00000286,
-0.0000055,
-0.0000061,
-0.0000035,
-0.0000032,
-0.00001,
-0.0000063,
-0.0000049,
0.898,
228,
117,
2.03,
0.00000512,
0.00000175,
-0.00000081,
-0.0000054,
0.00000268,
0.0000125,
0.0000114,
0.0000175,
0.00000447,
0.0000127,
0.00000452,
0.000000754,
-0.0000027,
-0.0000041,
-0.1,
-3.4,
-2.1,
-0.000017,
67.1,
597,
368,
87.2,
83,
1.28,
-0.059,
0.0000134,
0.00000765,
0.00000272,
0.0000019,
0.00000333,
0.00000821,
0.00000258,
-0.0000024,
-0.0000023,
0.00000193,
0.00000254,
-0.0000044,
-0.00000015,
-0.000026,
-0.000034,
-0.000036,
-0.00000052,
-0.000011,
0.00000884,
-0.000026,
-0.00000072,
0.00000977,
0.0000442,
0,
0,
0,
0,
0,
0,
0,
0,
0,
0,
0,
0,
0,
0,
0,
0,
0,
275,
238,
262,
287,
207,
91.8,
-0.084,
-4.3,
-4.4,
-4.4,
-4.5,
-4.5,
-4.6,
-4.6,
-4.7,
-4.7,
-4.7,
-4.7,
-4.7,
-4.6,
-4.5,
37,
164,
138,
205,
236,
227,
132,
75.8,
2.08,
-4.4,
-4.4,
-4.4,
-4.4,
-4.5,
-4.5,
-4.6,
-4.6,
-4.6,
-4.6,
-4.6,
-4.6,
-4.6,
-4.5,
-4.4,
44.3,
164,
272,
334,
355,
340,
290,
205,
90.1,
1.13,
-4.3,
-4.3,
-4.3,
-4.3,
-4.4,
-4.5,
-4.5,
-4.5,
-4.6,
-4.5,
-4.5,
-4.5,
-4.5,
-4.3,
46.1,
155,
266,
324,
342,
337,
292,
202,
86.7,
0.775,
-4.2,
-4.3,
-4.3,
-4.3,
-4.4,
-4.4,
-4.5,
-4.5,
-4.6,
-4.6,
-4.6,
-4.5,
-4.5,
-4.3,
42.5,
161,
158,
324,
345,
338,
154,
57.7,
18.9,
-2.8,
-4.3,
-4.3,
-4.3,
-4.4,
-4.4,
-4.5,
-4.5,
-4.6,
-4.6,
-4.6,
-4.6,
-4.5,
-4.5,
-4.4,
0.44,
21.3,
17.1,
-0.000011,
-0.000012,
-0.0000054,
0.00000123,
0.0000194,
0.0000248,
0.0000204,
-0.0000047,
0.00000183,
-0.00000096,
0.000000172,
0.00000219,
0.0000061,
0.00000728,
0.00000808,
-0.000000069,
-0.0000024,
-0.0000075,
-0.0000063,
0.000000591,
0.00000815,
-0.0000084,
-0.000028,
-0.00003,
-0.00000099,
-0.000001,
-0.0000019,
0.00000331,
-0.0000018,
0.000011,
0.00000598,
0.00000801,
-0.0000011,
0.00000231,
-0.0000096,
-0.0000012,
0.00000026,
-0.0000016,
-0.0000019,
-0.00000068,
-0.0000023,
-0.000001,
-0.00000022,
0.0000037,
-0.0000051,
-0.0000029,
0.00000266,
-0.0000099,
-0.000011,
-0.0000026,
0.00000491,
0.00000329,
0.00000728,
0.0000135,
0.0000033,
0.00000555,
-0.0000032,
-0.0000034,
-0.00000083,
0.00000097,
-0.0000024,
2.08E-08,
-0.00000084,
-0.0000043,
0.0000011,
0.00000161,
0.00000341,
0.0000196,
0.00002,
0.000000702,
-0.000025,
-0.000016,
-0.0000034,
-0.0000022,
-0.0000031,
0.00000486,
0.00000249,
0.0000108,
0.0000101,
0.0000199,
0.0000133,
-0.0000062,
0.0000122,
0.00000577,
0.00000113,
0.00000145,
0.00000103,
0.00000082,
-0.0000059,
0.00000151,
-0.000013,
-0.000031,
-0.0000072,
0.0000204,
-0.000014,
-0.0000041,
-0.000016,
-0.0000054,
0.00000374,
0.000000381,
-0.0000026,
0.0000123,
0.0000135,
0.00000199,
-0.0000056,
-0.0000028,
0.00000234,
-0.00000056,
0.00000336,
0.00000137,
-0.0000027,
-0.00000032,
0.00000579,
-0.000002,
-0.0000028,
0.00000272,
-0.0000014,
-0.24,
524,
682,
854,
652,
432,
380,
394,
104,
69,
37.2,
0.00000382,
0.00000148,
0.00000433,
0.000000439,
-0.0000084,
0.00000175,
0.00000121,
0.00000138,
0.00000293,
0.00000327,
0.00000727,
0.0000273,
0.0000113,
0.00000149,
-0.000028,
-0.000021,
-0.000005,
-0.0000066,
-0.0000043,
-0.000012,
0.00000361,
0.00000919,
0.00000421,
-0.0000013,
0.000000672,
0.00000768,
-0.0000051,
-0.0000016,
-0.000003,
0.00000182,
-0.000003,
-0.00000071,
0.00000267,
0.00000211,
-0.0000011,
-0.0000029,
0.00000167,
-0.0000012,
-0.0000046,
-0.0000056,
7.51,
329,
198,
175,
-4.1,
11,
-0.78,
-0.9,
-0.000004,
-0.00000043,
0.00000311,
-0.0000032,
0.00000255,
0.00000402,
0.00000275,
1.94E-09,
-0.000001,
-0.000001,
0.00000108,
-0.0000015,
-0.00000066,
-0.0000025,
190,
475,
342,
364,
234,
539,
175,
0.00000307,
0.000016,
0.0000106,
-0.00000053,
-0.0000027,
-0.0000073,
0.0000027,
0.00000231,
-0.0000014,
-0.0000022,
-0.00000067,
0.000000498,
-0.0000022,
0.0000029,
0.0000297,
0.0000112,
0.00000631,
-0.000022,
-0.000025,
-0.0000055,
-0.000016,
-0.0000085,
-0.0000066,
0.000000804,
0.00000895,
0.0000286,
0.0000109,
0.00000375,
0.00000862,
0.00000667,
0.0000253,
0.0000021,
-0.000015,
0.00000204,
-0.0000086,
-0.0000087,
-0.0000075,
0.0000183,
0.00000452,
-0.000012,
-0.000013,
-0.00002,
-0.0000079,
-0.0000068,
-0.000013,
0.00000188,
0.00000237,
-0.0000011,
0.00000299,
0.00002,
0.00000484,
1.59E-08,
0.00000298,
-0.0000016,
-0.000002,
0.00000182,
-0.0000022,
0.00000174,
0.00000109,
0.00000139,
0.000000391,
-0.0000018,
0.000000314,
-0.0000023,
-0.00000052,
-0.0000039,
0.00000129,
-0.0000027,
-0.0000068,
-0.000013,
-0.0000051,
-0.0000035,
0.0000372,
0.0000528,
0.00000305,
0.00000172,
0.00000467,
0.00000214,
0.0000032,
0.00000514,
-0.0000016,
-0.0000027,
0.00000395,
0.00000226,
0.00000952,
0.00000127,
-0.0000032,
0.00000133,
-0.0000048,
438,
379,
70.1,
151,
511,
602,
104,
51.9,
-1,
-3.9,
-4.4,
-4.5,
-4.5,
-4.5,
-4.6,
-4.6,
-4.7,
-4.7,
-4.7,
-4.7,
-4.7,
-4.6,
-4.5,
-0.43,
43.4,
132,
120,
284,
305,
278,
28.7,
-4.2,
-4.1,
-4,
-4.3,
-4.4,
-4.4,
-4.5,
-4.5,
-4.6,
-4.6,
-4.6,
-4.6,
-4.7,
-4.6,
-4.6,
-4.4,
19.7,
102,
115,
187,
90.6,
44.9,
16.7,
1.84,
-0.4,
-1.5,
-1.3,
0.00000432,
0.00000205,
0.000000534,
-0.00000044,
0.00000265,
-0.0000018,
0.000006,
0.000000445,
0.00000233,
0.00000211,
0.000000522,
0.0000113,
0.000014,
0.00000797,
626,
47.9,
305,
606,
304,
359,
59.2,
0.00000288,
0.0000125,
0.0000146,
0.00000758,
0.0000055,
0.00000404,
0.00000559,
-0.0000032,
-0.0000064,
0.0000103,
0.00000285,
0.00000377,
0.00000893,
0.00000445,
-0.0000015,
0.00000527,
40.8,
416,
302,
21.7,
-0.0000004,
-0.000016,
0.00000703,
0.00000343,
0.0000322,
0.0000192,
0.0000104,
-0.0000049,
-0.0000003,
-0.0000057,
0.0000109,
-0.0000017,
-0.0000042,
0.000000195,
0.00000196,
-0.00000073,
0.0000035,
-0.0000047,
-0.0000059,
-0.0000068,
16.5,
274,
302,
321,
312,
432,
384,
230,
333,
0.0000203,
0.0000155,
-0.000014,
-0.0000099,
0.000000412,
-0.0000046,
-0.00000086,
0.00000254,
-0.0000034,
0.00000305,
0.0000152,
0.00000075,
0.00000162,
0.00000575,
0.00000719,
0.000000394,
-0.000018,
-0.000019,
-0.000016,
-0.0000062,
0.00000214,
-0.0000014,
0.00000285,
0.000000687,
0.0000254,
0.00000558,
0.00000373,
0.0000114,
0.0000105,
-0.0000072,
-0.0000087,
-0.00000044,
0.00000592,
0.00000143,
0.0000157,
0.00000951,
-0.0000011,
0.0000085,
-0.0000056,
0.00000298,
447,
-2.8,
0.00000395,
-0.0000032,
-0.59,
-4.1,
-4.1,
-2.6,
-3.5,
-4.4,
-2.7,
-0.0000048,
0.00000113,
-0.0000045,
0.00000598,
-0.0000041,
-0.0000018,
0.00000517,
0.00000108,
0.000000725,
-0.000012,
0.000002,
0.00000819,
-0.0000029,
-0.000019,
-0.000016,
1.65,
0.127,
203,
144,
40.3,
42.7,
14.8,
-2.6,
-4.3,
-4.4,
-4.4,
-4.5,
-4.5,
-4.6,
-4.6,
-4.6,
-4.6,
-4.6,
-4.6,
-4.5,
-4.4,
3.09,
7.26,
26.3,
231,
319,
337,
291,
200,
81,
-0.91,
-4.3,
-4.4,
-4.4,
-4.4,
-4.4,
-4.5,
-4.6,
-4.6,
-4.6,
-4.6,
-4.6,
-4.5,
-4.5,
-4.4,
12.6,
114,
220,
295,
328,
307,
231,
141,
70.9,
0.78,
-4.3,
-4.3,
-4.4,
-4.4,
-4.4,
-4.4,
-4.5,
-4.5,
-4.5,
-4.5,
-4.5,
-4.5,
-4.4,
-4.3,
11.4,
116,
219,
302,
341,
351,
299,
206,
74.6,
-1.9,
-4.3,
-4.3,
-4.3,
-4.3,
-4.4,
-4.4,
-4.4,
-4.5,
-4.5,
-4.6,
-4.6,
-4.6,
-4.5,
-4.5,
11.5,
114,
225,
303,
332,
321,
273,
190,
80.8,
-0.35,
-4.3,
-4.3,
-4.3,
-4.3,
-4.3,
-4.4,
-4.4,
-4.5,
-4.5,
-4.6,
-4.6,
-4.5,
-4.5,
-4.4,
13.6,
106,
217,
295,
331,
330,
300,
83.6,
14.9,
0.146,
-4.3,
-4.3,
-4.3,
-4.3,
-4.3,
-4.4,
-4.5,
-4.5,
-4.6,
-4.6,
-4.5,
-4.5,
-4.5,
-4.4,
1.47,
103,
121,
141,
26.3,
65.1,
68,
65.7,
55.4,
0.0000175,
0.0000126,
0.0000148,
0.0000418,
-0.000026,
-0.0000079,
0.00000999,
-0.0000036,
-0.0000012,
0.0000103,
0.00000339,
0.00000538,
0.00000665,
0.0000111,
0.7,
11.5,
46.1,
46.7,
139,
233,
261,
207,
87.2,
85.8,
0.0531,
-4.3,
-4.3,
-4.4,
-4.4,
-4.4,
-4.5,
-4.6,
-4.6,
-4.6,
-4.6,
-4.6,
-4.6,
-4.5,
-4.4,
8.85,
51.2,
97.5,
52.3,
45.9,
43.6,
34.8,
33.3,
26.2,
-0.53,
0.0000045,
0.00000678,
0.00000993,
0.00000289,
0.0000118,
0.0000062,
0.0000102,
0.00000501,
0.00000591,
-0.0000081,
-0.00000066,
0.00000538,
0.0000138,
0.0000157,
-0.74,
10.5,
-0.000004,
-0.000013,
-0.000011,
113,
66.4,
26.6,
4.21,
-3.1,
-4.3,
-4.4,
-4.4,
-4.4,
-4.5,
-4.5,
-4.6,
-4.6,
-4.7,
-4.7,
-4.7,
-4.6,
-4.6,
-4.6,
8.2,
74.3,
55.3,
28.9,
44.8,
27.5,
52.2,
18.4,
14.6,
3.07,
-4.4,
-4.5,
-4.6,
-4.6,
-4.6,
-4.5,
-4.5,
-4.6,
-4.6,
-4.6,
-4.6,
-4.6,
-4.6,
-4.5,
13,
128,
167,
229,
282,
283,
258,
181,
87.2,
-2,
-4.5,
-4.5,
-4.5,
-4.5,
-4.5,
-4.5,
-4.5,
-4.6,
-4.7,
-4.7,
-4.7,
-4.6,
-4.6,
-4.5,
7.43,
113,
144,
195,
293,
279,
142,
54.7,
10.8,
-2.7,
-4.3,
-4.3,
-4.4,
-4.4,
-4.4,
-4.5,
-4.5,
-4.5,
-4.6,
-4.6,
-4.6,
-4.6,
-4.5,
-4.5,
9.74,
111,
211,
253,
187,
84.1,
87.4,
53.8,
15.7,
-2.4,
-4.3,
-4.4,
-4.5,
-4.4,
-4.5,
-4.5,
-4.6,
-4.6,
-4.7,
-4.6,
-4.6,
-4.6,
-4.5,
-4.4,
2.98,
88.5,
211,
271,
273,
292,
266,
160,
82,
0.978,
-4.3,
-4.4,
-4.4,
-4.4,
-4.4,
-4.5,
-4.5,
-4.6,
-4.6,
-4.6,
-4.6,
-4.5,
-4.5,
-4.5,
4.75,
102,
220,
168,
225,
250,
203,
115,
58,
3.04,
-4.4,
-4.5,
-4.5,
-4.6,
-4.5,
-4.6,
-4.6,
-4.6,
-4.6,
-4.6,
-4.5,
-4.5,
-4.5,
-4.4,
9.51,
57.8,
75.1,
264,
290,
295,
264,
209,
98.3,
2.71,
-4.3,
-4.4,
-4.4,
-4.4,
-4.5,
-4.5,
-4.5,
-4.5,
-4.5,
-4.5,
-4.5,
-4.5,
-4.5,
-4.5,
8.22,
28.5,
24.5,
11.2,
15.4,
15.4,
6.1,
-0.25,
-4.3,
-4.2,
-4.2,
-4.3,
-4.4,
-4.5,
-4.5,
-4.5,
-4.6,
