P [kW],Q [kVA]
-8.6,18.8
,
,
,
,
,
,
,
,
,
,
,
,
,
,
,
,
,
,
,
,
,
,
,
,
,
,
,
,
,
,
,
,
,
,
,
,
,
,
,
,
,
,
,
,
,
,
,
,
,
,
,
,
,
,
,
,
,
,
,
,
,
,
,
,
,
,
,
,
,
,
,
,
,
,
,
,
,
,
,
,
,
,
,
,
,
,
,
,
-4.8,11.8
-4.7,11
-4.9,11.8
-5,12
-4.9,12.1
-5.1,12.9
-5.3,13.5
-5.2,14
-5,13.8
-7.3,17.3
-9.5,20.2
-8.9,19.7
-6.2,15.2
-5.1,12.1
-5.1,12.6
64.4,16
609,33.8
-5.4,12
-5.3,12
-8.5,15.1
928,58.5
1370,84.1
1480,95.1
1450,93.8
1190,76.3
983,54.8
972,49.2
196,12.4
9.63,13.5
-7.4,15.5
-9.2,19.3
-8.4,17.5
-8.6,17.9
-8.4,17.5
-8.7,17.6
-9,18.2
23,13.8
205,12.7
44.2,15.5
-8.8,15.6
-8.5,15.7
-8.1,14.7
-7.9,14.8
-8.4,15.3
-8,15.1
-7.7,14.8
-8,15.1
-7.5,14.5
-7.8,14.1
-8.2,15
-8,14.5
-8,14.6
-8.3,15.1
-8.4,15.6
-8.2,15.9
-8.2,16.1
0.925,14.5
-8,16
-8.2,16.6
-9.7,19.8
-8,15.9
-8.7,16.3
-8.9,17.2
-8.2,14.8
89.2,12.6
194,13.6
87.3,11.9
4.5,13.5
-7.8,15.9
-8.3,17
-7.6,15.4
-7.7,15.2
-7.9,15
-8.6,16.7
-8.4,16.4
95,16.6
109,15.4
279,21.3
903,62.6
475,29.7
,
,
,
,
,
,
,
,
,
,
,
,
,
,
,
,
,
,
,
,
,
,
,
,
,
,
,
,
,
,
,
,
,
,
,
,
,
,
,
,
,
,
,
,
,
,
,
,
,
,
,
,
,
,
,
,
,
,
,
,
,
,
,
,
,
,
,
,
,
,
,
,
,
,
,
,
,
,
,
,
,
,
,
,
,
-7.8,18
-5.6,13.1
-5,12.2
-5.3,12.7
1.59,11.9
-5.1,12.5
-5.1,12.1
-5,12
-9.1,18.7
-9.5,19.4
-10,20.9
-9.1,19.3
-6.7,15
-5.9,14.2
-5.6,13.6
-7.9,17.7
-6.7,15.2
79,13.5
2.47,13
-6.1,12.2
-5.4,10.8
-5.2,10.2
-5.1,10.3
-4.9,10.6
-6.5,15.1
-5.1,13.1
-4.5,12.1
-4.5,11.6
-4.6,11.8
-4.6,12
-4.4,11.8
-4.8,12.5
-4.9,13.3
-4.8,13.3
-4.5,13.6
-8.3,18.7
-8.6,19.8
-8.6,19.8
-6.4,16.1
-4.5,13.2
-4.8,12.9
-4.3,12.2
716,52.5
1500,98
1470,94.5
1490,94.5
1330,87.4
1080,73.8
1360,82.7
712,42.1
831,46.9
783,47.3
656,37
149,22.5
113,20.7
433,32.1
201,20.3
873,58.1
1430,93.5
1480,96.6
1280,83.6
1440,93.9
1360,81.3
1310,78.7
545,28
314,17.7
335,18.6
11.6,15.4
-7.8,15.3
-8.8,17
120,10.7
213,13.1
229,17.8
484,27.6
171,12.3
232,13.1
412,19.5
25.6,16.1
209,13.6
364,17.9
304,16.4
441,20.4
447,21.5
251,15.4
244,16.6
475,40.6
1150,68.6
-5.9,16.1
148,15.5
419,21.1
193,18.1
22.2,13.6
37.8,13.5
124,14.2
75.7,13.9
248,14.3
232,12.9
96.1,11.4
-9,18.5
-3.8,15.6
-8.7,17.8
436,30.6
1200,66.4
576,30.5
18.7,14.9
33.3,17.9
1020,60.8
1320,80.6
1320,81.4
957,56.7
819,44.4
317,20.4
27.1,13.7
25,17.8
35.8,14.8
53.8,12.7
116,16
261,17.8
83.3,13.1
1170,65.2
1430,85.6
445,35.7
24.5,15.4
74.3,11.7
64.5,11
2.88,16
-8.2,15.7
-7.9,15.5
49.3,12.7
281,15
387,17.7
27.5,13.2
34.4,14.7
309,15.5
297,15
329,17.6
264,14.6
353,15.5
111,14
-9,18.6
0.287,18
545,27.4
552,36.3
1430,87.2
1500,90.9
1490,87.9
1490,87
954,63.1
1430,87.6
1230,75
538,29.1
577,34.2
922,50.3
1260,72.8
1210,69
612,40.5
727,50.3
14.2,18.5
132,12.9
122,11.9
245,14.3
757,35.3
255,16.4
146,11.9
139,11.9
35.2,12.5
-8.2,17.3
16.2,16.2
16.4,13.8
-2.4,14.5
-7.8,15.7
8.33,12.1
110,12.6
227,12.9
-1.4,13.8
-8.1,15.6
-7.8,15.3
20.3,12.8
147,13.1
248,14.1
192,13
59.2,10.9
-7.6,14.7
-7.7,14.4
-8.3,15
-8,13.7
-7.7,13.6
-11,19.4
-8.6,15.8
148,12.7
69.3,13
-8.1,16
-8.3,16.8
-8.4,16.8
-7.9,15.4
-7.6,14.4
8.92,13.3
22,11.3
-10,17.9
166,16.4
62.5,13.3
35.4,12.7
76.9,13.4
382,18.8
268,17.4
678,34.9
1120,67.8
1410,88.4
1480,95.3
1490,98.1
1500,98.9
1480,94
1400,89.4
1430,92.1
934,64.5
413,37.6
1390,84.9
1160,67.8
779,37.8
1260,75
1390,82.6
1340,81.2
1130,64.4
1450,87.9
1390,84.5
1460,90.4
1500,93.1
148,23.6
259,27
259,19.1
182,19.8
192,20.1
341,19.6
612,37.5
-4.2,19
-0.78,15.4
-4.7,15.9
47.5,11
122,10.9
-9,9.19
-7.7,14.6
-8.1,16.9
-7.2,14.7
-7.9,16
-7.5,15
60.6,14.7
100,10.9
95.8,11.3
104,11.4
13.4,14.9
-8,17
-8,16.8
-8.7,18.1
-9.1,18.9
-11,23.4
-10,20.5
15.7,13
32.4,12.3
-6.2,16.2
-8.9,17.3
-8.7,16.5
-8.7,16.6
-8.7,16.3
-8.5,16
-7.6,14.5
-7.8,15
-7.7,14.5
59.6,11.9
126,10.2
10.8,10
-7.4,14.5
-7.6,14.8
-7.9,15.5
-7.8,15.4
-7.9,15.5
-7.9,15.5
-8.1,15.7
-12,25
-9.4,18.3
-8.4,15.7
-10,19.1
-9.7,19.6
-11,22.4
-12,27
-8.6,17
-8.8,17.1
-8.6,16.9
-7.9,15.9
128,12.6
141,12.2
131,11.4
144,13.6
107,12
53.8,13.8
-7.1,14.3
-8,16.3
-8.2,16.7
-7.9,16.2
-8,16.2
-8.4,16.9
-8.5,16.9
-8.2,17.3
-10,19.5
-9.5,18.8
-9.4,17.7
-9.6,18.1
-9.6,19
-9.6,17.9
-9.7,18.6
-10,19.4
-9.2,17.5
-8.4,15.4
-9,17
-7.8,15.7
-4.9,13.1
-5.5,12.9
-5.1,12.5
-5.4,12.7
24.8,11.4
-4,13.8
-3.2,14
-5.5,14.7
-5.8,15.2
-5.4,15.3
-8.3,16.4
-6.1,16.3
-6.3,15.2
-5.9,14.2
-5.4,13.2
-5.9,12.9
-6.1,13.3
-6.1,13.4
-4.9,11.7
-5.3,11.6
-5.6,11.4
-5.3,11.6
-7.1,13
60.4,10.2
142,11.6
170,11.7
25.3,9.92
20.8,9.76
-8.3,14.9
-7.9,14.4
-8.7,16.5
-8.5,15.9
-8.7,16.1
-8.9,16.6
-9.7,17.9
-8.7,16.6
-9.3,16.5
-8.3,15.6
-6,14.4
-6.2,12.9
-5.4,12.3
-5.7,12.4
-5.6,11.7
-5.8,12.4
-6.8,13.9
96.4,13.1
171,13.2
177,13.5
190,14.1
113,11.8
18.7,10.3
-6,13.1
-8.2,14.8
-8.5,15.5
-10,18.4
-10,18.4
-9.2,16.6
-0.6,15.5
-9.9,16.5
73.5,12.9
8.93,14.2
-9.8,17.5
-10,18.7
-9,15
-9.3,14.9
3.5,13.6
65.3,15.1
-9.4,17.8
-8.7,16.4
-7.6,14.2
-7.9,14.5
-8.6,16.4
-9.8,17.9
-8.9,15.9
-9.7,18.1
-9.6,18.4
-9.2,16.5
-8.6,17.2
-9.4,17.5
49.2,19.9
261,25.9
-9.1,19.4
-7.6,17.4
-8.8,18.1
-8.8,18.6
-9.1,18.3
-7.8,15.2
-8.3,15.3
-7.8,14.7
-8.6,15.3
-8.7,14.8
-8.8,15.2
-8.2,14.5
-7.7,14.3
-7.7,14.4
-7.7,14.6
-7.8,14.4
-7.9,13.8
-7.9,13.8
-8.2,13.9
-7.9,14.3
-8.1,14.7
-8.2,15.2
-8.3,15.4
-8.3,15.4
-8.2,15.7
-8.4,15.8
-8.4,15.6
-8.2,15.5
-8.5,15
-8.1,14.5
-8.5,13.9
-8.1,14.4
-9,15
-8.7,15.4
-8.6,15.4
-8.7,15.7
-8.4,15.9
-8.7,15.7
-8.5,15.4
-8.3,15.2
-8.4,14.6
-8.4,14.5
-8.5,15.2
-8.6,15.6
-8.5,15.7
-8.6,15.7
-8.7,16
-9,16.9
-8.8,17.1
-7.2,16
-5.5,14.8
-6,15.1
-5.6,14.8
-5.7,13.7
-5.5,14.1
-5.8,13.9
-5.9,13.9
-5.5,13.8
-5.9,14.3
-5.8,14.5
-5.9,14.2
-5.7,14.8
-5.9,14.6
-5.5,13.5
-7.1,14.5
-9.2,17.6
-9.3,18.2
-8.3,17.5
-5.6,14.2
-5.7,14.1
-5.7,14.9
-9,19.4
-9.8,20.8
-9.6,20.7
-9.4,20.6
-9.3,20.2
-6.3,14.8
-5.6,14.1
-5.9,13.3
-5.4,14
-8,16.9
-9.9,20.1
-9.8,20.2
-9.7,20.4
-6.7,15.8
-5.9,14.7
-5.9,14.3
-5.6,14.4
-5.5,13.7
-5.5,13.6
-5.3,13.2
-5.5,13.9
-5.5,14.2
-5.4,14
-8.1,18.2
-9.6,20.6
-9.5,20.7
-7.1,16.9
-5.4,14.4
-5.4,14.4
-5.7,14
-5.3,13.2
-5.4,12.5
-8.5,17.4
-9.2,18.4
-9.7,18.6
-9.9,19
-7.4,15.9
-5.6,12.9
-5.3,13.5
-5.3,13.6
-4.9,13.1
-5,13.2
-5.2,13.3
-5.3,13.5
-4.9,13
-5.1,14
-5.2,14.7
-5.2,14.5
-5.2,15.3
-8.4,19.7
-9,20.5
-6,16.7
-5.4,14
-5.1,13.9
-5.2,13.1
-5.1,12.9
-5.1,13.2
20.7,16
14.1,15.3
126,19.6
550,34.8
1290,72.7
440,24
562,36.5
802,40.5
300,17
28.2,10.4
-8,16.6
-8.5,17.5
-8,16.9
-3.7,16.4
706,37.6
1460,89.3
537,33.6
169,18.4
259,17.7
1120,65.2
68.1,15.6
6.68,16.7
33.8,15
-5.8,17.4
-7.6,15.3
-8.1,14.7
-7.9,14.4
-8.3,14.3
672,51.6
879,54.3
902,48.3
1360,80.7
1330,81
857,44.6
531,28.6
1180,68.3
426,21.5
-8.8,19.1
1.29,17
296,19.6
-7.9,17.7
-7.7,16.8
-7.6,16.6
28.2,13.8
1080,67.3
627,29.6
347,18.2
-9.2,15.3
11.1,13.7
373,21.2
338,31.9
-8.5,16.3
996,61.4
1080,65.2
1110,68.3
913,54.2
645,35.5
1020,59.4
1240,73.8
1210,76.7
1360,87.1
1400,87.3
1190,70.7
1140,60.3
881,45.7
977,52.5
1260,69.2
587,27.1
568,26.5
631,34.1
969,51.6
579,29.6
464,25.8
122,19.3
10.5,14.2
8.93,15.7
233,25.4
569,33.7
959,54.9
1120,62.8
1440,90.8
846,47.8
291,15.8
470,25.8
754,39.4
659,34.7
845,41.6
94.8,13.8
115,18
90.2,17.7
-5.2,17.6
-8.2,17.8
30.2,16.4
-7.8,15.8
-1.3,15.8
253,23.9
745,38.3
983,57.7
1130,64.4
973,56.2
503,33.5
518,32.9
607,32.8
210,15.7
0.291,18.4
-7.4,15.3
-7.9,16.3
786,47.2
833,45.5
120,13.2
310,19.2
3.79,22.8
18.1,17.5
95.6,17.3
-3.7,19.5
-10,24.5
331,24.4
264,28.3
-9.6,19.8
-7.8,17
-8.3,17.3
-8.2,17.2
-8.5,17.4
-8.8,18.1
-8.9,17.9
-8.8,18.1
-8.7,17.6
-8.8,17.3
-8.5,17
-8.1,16.8
-5.5,14.3
-5.3,13.6
-6,15.2
-6.4,15.4
-6.3,15.9
-7.7,18
-7.4,17.2
-8.6,19.4
-13,24.2
-9.4,20
-7.8,17.3
-11,19.6
-12,21.6
-11,20.1
-11,19.6
-10,19.3
-9.5,19.2
-6.4,14.2
-7.2,16.3
-5.7,14.4
-9,18.7
-9.4,19.5
-9.1,18
-9.1,18.9
-11,23.4
-8.3,17.9
-6.7,16.1
-8.2,18.9
-9,21
-10,21.8
-12,25.9
-12,23.7
-12,25.1
-11,22
-12,23.8
-13,25
-12,22.1
-12,21.1
-11,20.9
-11,20.8
-10,19.6
-9.6,19.2
-9.6,19.2
-8.2,18
-6.1,14.6
-6.2,15.2
-6.7,15.5
-6.8,15.7
-7.7,16.9
-12,23.6
-11,21
-6.9,17.1
-7.4,17.2
-8.6,18.9
-11,21.7
-10,21.4
-10,20.1
-10,20.4
-9.9,19.4
-10,19.3
-11,19.1
-11,19.9
-11,20.1
-11,18.6
-9.7,17.7
-9.9,19
-9.7,19.1
-9.9,19.4
-7.2,16.1
-7.4,16.5
-6.2,14.2
-7.8,18
-8.1,15.9
-10,20.2
-11,22
-12,23.4
-11,21.8
-11,23.1
-11,22.1
-11,22.9
-12,24.9
-8.9,18.8
-7.4,15.8
-7.8,16.5
-12,21.3
-12,21.6
-12,22.7
-11,21.4
-10,20.6
-9.2,19
-6.4,14.6
-6.9,14.9
-11,20.4
-11,19.6
-10,18.9
-10,18.9
-11,20.5
-11,20.3
-10,19.2
-11,19.9
-11,20.8
-11,20.4
-12,21.1
-11,20.3
-11,21
-11,20.4
-11,19
-11,18.5
-10,18
-11,18.4
-11,18.6
-10,17.9
-11,18.3
-12,19.7
-11,18.8
-11,19.3
-11,19
-11,19.2
-11,18.5
-11,17.7
-10,17.8
-11,18.5
-11,18.9
-11,19.2
-11,20.6
-11,19.9
-12,19.6
-11,19.6
-11,19.5
-11,19.2
-12,18.9
-11,19.1
-12,19.2
,
,
,
,
,
,
,
,
,
,
,
,
,
,
,
,
,
,
,
,
,
,
,
,
,
,
,
-12,18.7
-11,18.1
-12,19.2
-11,18.1
-11,18.6
-11,18.1
-11,17.8
-11,18.9
-11,19
-11,19.1
-12,19.7
-11,20.1
-14,23.6
-11,19.1
-11,19.2
-12,19.2
-13,21.7
-12,19.7
-13,21.4
-11,18.5
-11,17.7
-10,17.5
-10,17.5
-9.7,17.4
-9.3,17.6
-9.2,17.8
-9.1,18
-9.2,18.1
-9.4,18.6
-9.2,17.6
-9,17.1
-9.4,16.9
-9.1,17.2
-9.5,17.6
-9.5,18.1
-9.3,19
-9.6,19.4
-7.3,16.3
-5.5,13.6
-5.9,13.9
-9.7,18.6
-9.4,18.3
-9.1,18.1
-8.9,17.5
-9.1,17.6
-8.2,17.7
-8.7,18
-8.5,18.2
-8.5,18
-8.6,17.9
-8.4,17.7
-8.4,17.6
-6.7,15.6
-4.9,12.8
-4.8,12.7
-4.7,12.2
-5.3,12.8
-4.9,13.1
-8.1,16.8
-9,19
-9.2,18.9
-7.8,17.1
-5.3,13.8
-5.9,13.8
-9.7,19.2
-9.3,19
-9.1,18.3
-8.9,17.8
-8.7,17.7
-7.9,16.3
-6.3,13.7
-6.6,15
-9.1,17.8
-9.1,17.6
-8.7,17.5
-8.7,17.4
-8.9,17.4
-8.5,17.4
-8.7,17.1
-5.7,13
-5.8,13.3
-6.3,14.2
-10,19.9
-10,20.4
-10,20.6
-11,22.2
-11,22.8
-11,22.8
-12,24.5
-12,26
-11,22
-10,19.3
-10,19.4
-13,25.1
-10,20.5
-8.9,19.4
-6.2,15.6
-6.5,15.6
-6.3,15.8
-6.8,18.2
-6,15.4
-9.5,20.6
-8.7,19.8
-6.6,15.1
-5.5,14
-9.7,18.6
-11,20.5
-10,21.6
-10,20.7
-10,20.5
-11,22.3
-11,22.9
-11,21.9
-9.3,19
-5.5,13.5
-5.2,12.7
-5.3,12.2
-7.2,15.6
-8.8,18.1
-9,18.3
-9.1,18.8
-8.8,18.8
-6.7,16.1
-4.9,13.9
-4.9,14.1
-5,13.8
-7.7,17.8
-8.7,18.5
-8.2,18.5
-8.5,18.5
-8.6,18.6
-8.6,19
-8.7,19.3
-7,17
-5.1,14.3
-4.8,14.3
-5.1,13.6
-5,13.9
-5.4,13.7
-7.4,16.5
-6.4,15.4
-5.1,13.2
-5.4,14.1
-8.9,19
-8.7,18.7
-8.3,18.6
-7.7,18.1
-4.5,12.8
-4.7,13.4
-4.6,13.3
-4.7,12.8
-4.7,12.3
-5.4,14
-8.6,18.3
-8.5,18.7
-8.7,19.1
-8.9,19.2
-8,18.7
-5.2,13.9
-5.1,14.1
-5.6,14.4
-8.4,18.8
-9.4,19.4
-9.3,19.1
-9.1,19
-8.1,17.9
-5.1,13.8
-6,14.4
-8.9,19
-9.2,19.4
-9.2,19.7
-9.1,19.6
-9.2,19.7
-8.6,19.4
-8.7,18.5
-8.8,17.7
-8.6,17.8
-8.7,18
-8.6,18.6
-9,19.2
-5.4,15.1
-5.1,14.5
-4.6,14
-5.1,14.5
-8.1,18.5
-8.6,19.6
-8.7,18.7
-8.3,17.7
-8.7,17.7
-8.7,18.1
-8.9,18.3
-7.5,16.5
-4.9,13.1
-4.9,12.9
-4.8,12.9
-5.1,13.2
-5,13.2
-4.9,12.6
-4.6,12.7
-6.8,15.2
-8.6,18
-8.6,18.6
-8.9,19
-8.7,19.5
-7,17.6
-5.1,14.5
-5,14.7
-5,14.1
-5.1,14.7
-5.1,14.1
-4.6,13.2
-4.9,12.8
-4.9,12.9
-8.5,17.9
-9.2,18.5
-9.3,18.4
-7.4,16
934,61.6
1050,65.8
1000,61.6
1400,89.5
797,42
762,39.6
558,28.9
296,17
159,16.7
720,39.9
879,56.3
606,29.1
1190,65.7
559,26.3
682,34.6
973,53.4
32.2,19.5
-8.7,17.7
179,17.5
494,23.6
202,13.3
2.33,14.9
-8,16
-8.2,16.3
-8.4,16
-8.6,16.8
-8.5,16.3
-7.7,15.8
-7.8,15.6
1320,83.7
723,40.2
584,31.4
485,28.1
438,25
393,24
205,16.5
59.1,12.3
14.3,14.2
19,12.4
-8.6,16.8
-8.2,16.4
-8.1,15.1
-7.8,14.7
-8.4,14.4
-7.9,14.1
-8,13.8
-8.4,14.9
-8.1,15.2
-8.9,16.7
-7.6,14.4
-10,20.5
-8.5,16.6
-7.8,14.5
-7.6,14
3.26,13.8
201,14.7
18.1,15.3
-4.7,11.7
56.3,11.1
-1.9,17.2
-9.8,19.3
-8.8,16.9
23.2,15.5
-7.6,17.2
-10,20.5
-9.5,17.6
564,31.5
712,39.4
184,15.7
813,45
1050,60
1510,94.3
814,44.2
657,30.8
941,48.6
980,52.3
304,15.5
128,11.6
193,12.8
199,11.8
281,14
121,11.4
148,14.7
89.6,14
41.2,13.9
-9.3,18.6
-8,16.8
-8.1,16.6
-8.6,18
-8.5,17.3
-8.3,16.1
-8.2,16.2
-8.6,17.1
-8.2,15.5
-8.6,16.3
-8.3,15.9
42.2,14.9
755,48.2
1200,71.4
1330,84
1500,95.5
1110,61.2
410,16.9
677,34.5
739,55.3
-8.1,15.9
-7.9,15.9
-8,15.9
-8.2,16.1
-8.6,16.3
-8.7,16.2
-8.9,16
-8.6,15.9
-10,17.2
-9.3,16.1
-9.3,16.5
-9.2,15.9
-10,18.2
-9.3,16.8
-10,17.7
-11,19
-11,19.7
-11,18.8
-10,18
-9.4,17.2
-8.8,15.1
-8.5,14.3
-8.9,15.1
-9.4,15.5
-9.3,16.1
-9.8,17.2
-9.6,17.5
-9.6,17.3
-9.2,16.3
-8.8,16.2
-9.2,16.2
-9.3,16.4
-9.9,17.2
-6.9,14.1
-6,13.8
-5.5,14.2
-6.1,16.2
-6,15.8
-5.8,15.3
-5.9,15.3
-5.8,15.2
-6.1,16.4
-5.6,15.3
-5.5,15.2
-5.1,14.7
-5.2,14.3
-4.9,13.6
-6.7,17.7
-9.6,20.9
-8.8,19.4
-2,14.8
-5.4,15.1
-5,14
-7.2,19.9
-5.5,15.5
-5.5,14.7
-5.6,15
-7.4,13.8
-5.9,14.2
-6.4,15.4
-5.8,14.2
-5.3,13.1
-5.1,12.9
-5.4,13.7
-5.7,14.2
-5,12.6
-5.1,13.1
-5,12.8
-4.7,12.6
-4.8,12.6
-5,13.2
-5.1,13.4
-5,13.2
-5.2,14.3
-5.2,14.7
-5.2,14.9
-5.2,14.9
-5.3,15.2
-5.3,15.1
-8.4,18.6
-9.1,19.6
-6.1,15.2
-5.2,12.6
-5.5,13.5
-5.3,13.3
-5.2,13
-5.2,13
-5.3,13.5
-5.2,13.1
-5.2,12.8
-5.3,13.3
-4.9,13.3
-4.7,12.8
-4.7,12.6
-5,13.2
-5,13.6
-4.9,13.5
-5.2,14.4
-5.3,15
-5.2,14.8
-5.2,14.9
-7,17.4
-9.2,20.9
-9,20.4
-7.2,16.8
-4.8,12.7
-5.1,13
-5.1,12.9
-5.4,13.1
-5.1,13.7
-5.1,13.8
-5.7,13.5
-9,18.8
-8.2,17.2
-4.9,12.6
-4.6,11.7
-6.2,13.7
-8.6,18.1
-8.6,18.2
-8.6,18
-8,18.3
-5,12.9
-4.8,13.9
-5.1,14.2
-4.8,14
-7.9,18.5
-5.8,15.2
-5.1,14.2
-5.7,13.8
-8.9,18.5
-8.9,18.4
-9.2,19
-9.2,19.2
-7.3,16.5
-5.3,13.2
-5.2,13.9
-5.3,14
-5.3,13.8
-5.2,13.8
-5.4,14.2
-4.9,13.7
-4.8,12.9
-5.1,13.8
-5.1,14.1
-5.1,13.8
-5,13.8
-5.2,14.3
-5.2,14.6
-5.1,14.2
-8.4,19.4
-6,15.9
-5.5,14.6
-5.1,13.6
-5.2,14.1
-7.5,16.9
-9.4,20
-9.1,19.9
-8.2,18.9
-5.6,14.6
-5.3,14.1
-5.5,14.7
-5.5,14.7
-5.2,14
-5.1,14.3
-5.2,13.7
-4.9,13.1
-4.7,12.9
-5,14
-5.1,14.4
-5,14.2
-5.1,15.2
-5.6,15.7
-5.3,15.6
-5.4,14.9
-5.2,15.4
-5.5,15.3
-5.2,14.7
-5.5,15.3
-5.2,15.2
-5.6,15.3
-5.3,14.4
-5.6,14.8
-5.5,14.7
-5.2,14
-5.1,14.4
-5.2,14.2
-5.3,14.1
-4.9,13.2
-4.9,13.6
-4.8,13.1
-4.7,12.7
-4.9,13.7
-5.1,14.3
-5.2,14.9
-5.1,15
-5.3,15.7
-5.3,15.8
-5.2,15.3
-5.4,15.8
-6.6,17.1
-9.2,20.8
-9.3,19.7
-7.6,17.4
-5.5,13.3
-5.3,12.9
-4.9,12.1
-5.4,12.7
-5.6,12.5
-5.5,11.9
-5.7,11.5
342,26.7
1090,65.5
710,47.1
210,18.7
766,48.9
197,15.9
-7.8,17
2.8,16.8
255,15
83.5,14.1
76.4,12.6
94.5,13
78.6,12.9
-2.9,17
-0.091,18
-8.8,19.4
-10,23
-8.3,16.7
-8.3,16.9
-6.1,12.7
-5.4,11.4
-5,11
-5.2,10.7
-4.8,10.8
22,14.1
-7.4,14.6
-7.4,14.3
-7.5,14.2
-7.6,14.4
-7.6,14.6
-7.8,15.1
-8,15.8
-8.3,16.6
-8.3,17
-7,16.3
-5.3,15.3
-5.3,15.1
-5,13.9
-5.1,13.9
-5.1,13.1
-5.1,12.4
-5.3,12
-4.9,12.4
-5.3,12.7
-5,12.2
524,40.1
1480,92.9
1440,87.5
1270,80.8
-7.6,16.1
-7.3,14.7
-7.5,14.1
-7.5,14.2
-7.5,14.3
-7.6,14.7
-7.9,15.3
-8.1,16
-8.3,16.3
-8.3,16.6
-8.5,16.7
-8.6,16.6
-8.3,16.2
-6.7,14.8
-5,12.7
-5.8,13.1
-5.7,13.3
-5.4,12.5
-5.1,12.7
-5.4,13
62.8,12.4
131,11.4
26.3,12.8
84.6,14.1
-7.7,14.2
-7.6,13.8
-7.6,13.2
-7.7,13.3
-8,13.8
-8.1,14.1
-8.2,14.9
-5.9,14.6
-4.9,13.6
-5.1,14.2
-5.2,14.3
-5.4,14.1
-5.1,13.8
-5.3,13.6
-5.2,13
-5,12.3
-8.9,16.8
-8.1,16
-8.5,16.4
-8.5,17.3
-8.7,19.2
-8.9,19.9
-8.9,20.2
-5.3,14.5
-5,14.4
-5.2,14.3
-4.8,12.9
-5,13.2
-5.1,13.6
-4.8,13.4
-5.9,15.3
-9,19.7
-8.9,20.4
-9.1,20.9
-9.3,21
-9.1,21.1
-6.4,17.2
-5.3,14.5
-5.3,14.9
-5.5,14.5
-5.1,14
-8.4,18.2
-9.1,19
-8.8,18.7
-8.7,18.6
-9,18.5
-8.7,18.7
-9.1,18.7
-8.7,18.7
-8.7,18.2
-8.6,17.6
-6.3,14.2
-5,12.6
-5.6,13.1
-5.3,13.6
-9,17.9
-9.3,19.4
-5.9,14.1
-6.2,15.3
-9.5,19.9
-9.2,19.7
-9.3,19.2
-9.1,19.1
-9.2,18.7
-8.9,18.3
-9,18.1
-5,12.5
-6.4,13.8
-8.8,17.7
-9.1,17.9
-8.8,18
-9.1,18.1
-8.9,17.6
-6.9,14.7
-5.4,11.9
-8,15.7
-9.3,17.6
-9.3,18.7
-9.3,19.4
-9.5,19.8
-9.3,19.9
-9.7,20.1
-9.8,19.9
-9.4,19.7
-9.6,19.5
-9.5,18.7
-9.6,18.7
-7.8,16.7
-5.7,13.4
-5.6,13.3
-6.5,15.3
-8.6,19.2
-9,19.2
-8.6,19
-8.6,19.1
-6,15.2
-5.2,13
-5.3,13.3
-5.2,12.7
-5.1,12.8
-4.9,12.7
-7.9,18.1
-8.6,19.1
-6.2,15.4
-4.9,13.9
-5,14.1
-6.3,15.6
-9.4,19.3
-9.1,18.6
-9.4,17.3
-8.9,17.1
-8.7,17.1
-8.5,17.5
-8.4,17.3
-6.7,14.8
-4.8,11.9
-5,12.8
-5,12.8
-4.7,12.3
-4.8,12.8
-4.8,12.7
-4.8,12.7
-7,15.5
-8.5,17.9
-8.8,18.1
-8.7,18.4
-8.4,18.8
-5.4,13.4
-5.1,13.7
-5.3,13.7
-4.9,13
-7,15.3
-8.9,17.9
-8.9,17.9
-8.7,17.5
-8.6,17.5
-8.4,17.6
-5.1,12.4
-5.2,13.1
-5.4,13.2
-4.9,12.2
-5,12.7
-4.9,13.1
-5.2,13.1
-4.9,12.3
-6.4,14.9
-8.3,17.4
-8.6,17.8
-8.6,17.8
-8.7,18
-8.7,18.6
-9.2,19.1
-9,19.2
-9.4,19.4
-6.5,16.1
-5.7,13.6
-5.7,13.5
-5.3,12.7
-5.7,12.1
-7.1,14.5
-8.8,17.4
-8.5,17.5
-8.2,16.7
-5.4,11.5
-5.4,11.6
-4.9,12.3
-5.1,13.1
-4.9,13.1
-5.2,13.2
-4.8,13
-4.7,12.3
-5.1,12.8
-5.1,12.9
-5.1,13.3
-5.5,13.8
-5.3,14.4
-6.9,16.5
-9.4,20.4
-9.2,20
-9.2,19.2
-8.7,18.2
-7.8,15.4
-5.2,11.7
-5.5,12.1
-5.8,11.5
-5.6,11.5
-5.4,11.4
-4.9,10.3
-5.3,10.6
-5.3,10.6
-5.5,11.8
-5.6,13.7
-5.2,13.3
-4.8,13
-4.6,12.1
-4.8,12.9
-4.9,13.1
-5,13.2
-5.1,13.8
-5.3,14.3
-5.2,14.2
-5.1,14
-5.6,14.5
-5.2,14.3
-5.1,13.8
-5.5,13.5
-5.4,13.6
-5.2,13.5
-5.3,13.3
-5.4,13.8
-5.2,13.7
-5.3,13.8
-5.2,13.7
-4.9,14.1
-5.1,14
-4.6,13.3
-5.2,13.7
-4.8,13.3
-4.7,12.5
-4.9,12.3
-4.8,13.4
-4.9,13.7
-4.8,13.8
-5.1,14.8
-5.4,14.8
-4.9,14.7
-4.9,14.7
-4.9,14.7
-5,14.3
-5,13.4
-6.9,16.4
-8.9,19.8
-9,20.3
-9.3,19.9
-9,19.6
-8.8,19
-8.8,18.3
-8.4,18.3
-4.9,12.9
-4.8,12.4
-4.9,12.2
-4.9,12
-5,12.3
-6.4,14.3
-8.7,18.1
-9,19
-8.6,20
-9,20.3
-8.7,20.3
-6.1,16.1
-5.4,14.8
-4.9,13.9
-5.4,13.9
-5,13
-7.7,15.4
-8.7,16.9
-8.6,16.4
-8.1,16.6
-8.4,17.1
-6.2,14.8
-4.8,12
-4.7,12.4
-4.7,12.5
-4.6,11.9
-5.1,12.6
-4.8,12.7
-4.8,12.4
-4.8,11.7
-8.8,16.9
-8.7,17.9
-9.1,18.5
-6.6,16.1
-5,13.4
-5.1,13.4
-5.4,13.6
-4.9,12.9
-7,15
-8.8,17.6
-9,18.2
-9.2,18.8
-9.3,19
-9.3,19.2
-6.7,16.2
-5.3,13.6
247,19.5
464,24.7
405,21.6
15.6,15.4
-7.2,15.4
377,19.3
-7.2,14.7
-7.4,14.8
-7.6,15.1
-7.5,14.8
-7.8,14.9
-7.9,15.2
-8,15.4
-8.3,15.6
-5,13.2
-5.5,13.5
-5,12.9
-5.4,11.8
-4.9,11.9
-5.2,11.9
-5,12.1
-5.2,12
-5.5,12.7
-5.6,13
-6.2,15.1
-8.9,19.5
-8.7,18.2
-7.2,16.9
-4.8,12.8
-4.7,12.1
-4.9,12.2
-4.9,11.9
-5,12.7
-7.4,16.1
-9.1,18.8
-8.7,18.6
-7.4,17
-5.5,13.7
-5.1,13.5
-5.3,13.2
-5.2,13.1
-7.8,15.9
-9.2,18.6
-6.9,15.2
-5.7,11.9
-5.6,12.2
-5.9,12.5
-5.4,11.3
-5.2,10.9
-5.3,12
-6.8,14.2
-7.5,16.2
-8.7,18.6
-8.4,17.8
-6.7,15.4
-5,12.7
-5.2,13.3
-5.1,13.5
-5.3,14.4
-5.7,14.6
-6.2,16
-9.6,21.2
-9.4,21.2
-9.3,20.9
-7.6,17.9
-5.5,13.8
-5.3,13.2
-5.2,12.4
-6,13.4
-5.7,13.6
-5.7,13.2
-6.1,14.6
132,14.6
79.4,10.9
0.0432,14.9
-9.2,16.4
-8,15.3
-7.8,15
-7.7,14.7
-7.7,14.5
-7.9,14.9
-7.9,15.2
-7.9,15.5
-7.7,15.7
-5,13.9
-5.4,14
-5.1,13.9
-5.3,13.9
-4.8,13.5
-5.1,13.5
-5.5,13.5
-5.4,13.2
-5.4,13.9
-5.5,14.2
-5.9,14.3
-9,19.7
-9.3,20.2
-9.2,20.3
-6.7,16.5
-5.4,14.5
-5.2,13.6
-5,13.8
-5.1,13.8
-5.1,13.5
-5.3,14.4
-5.4,14.9
-5.5,15.7
-5.4,15.4
-6,15.9
-9.5,21.1
-9.2,20.6
-9.4,20.2
-9,19.8
-5.8,14.8
-5.6,13.9
-5.5,13.8
-5.5,14.4
-5.5,14.3
-5.4,14.1
-5.2,14.2
-5.4,14.7
-5.1,14.6
-5.3,13.9
-5.3,14.2
-5.4,14.3
-4.8,13.6
-4.9,13.4
-6.1,15.1
-8.9,19.6
-7.2,17.4
-5.5,14.7
-5.2,14.8
-5.1,14.4
-5.4,15.1
-5.6,14.8
-5.2,14.5
-5.1,13.5
-5.3,13.2
-5.4,13.2
-5.5,13
-9.2,18.7
-9.1,18.9
-8.1,17.6
-5.2,12.9
-5.8,13.1
149,21
90,15.8
495,32.9
-5.7,16.5
-7.3,14.6
-7.4,14.5
-7.6,14.6
-7.9,15.3
-8.3,16
-8.5,16.5
-8.4,16.6
-8.4,16.6
-5.4,14.8
-5.2,14.5
-5.2,14.1
-5.1,13.5
-5.4,13.2
-5.3,12.9
211,21.7
1150,67.1
639,31.9
569,27.2
69.9,12.8
34.8,12.2
-8.5,16.9
-8.2,17.1
-7.2,14.8
-7.3,14.4
-7.2,14.6
-7.3,14.5
-7.4,14.6
-7.6,14.7
-7.6,15.2
-7.8,15.7
-7.8,15.9
-8.2,16.5
-8.4,16.5
-8.1,16.4
-8.6,16.4
-8.2,15.8
-5.2,12.7
-5.9,13.8
-5.4,13.2
-6.3,13.5
-6.4,12.6
-5.9,12.8
-5.6,12.6
-6.2,13
-6.1,13.1
-6,13
-5.6,12.9
-6.1,12.9
-5.4,12.8
-5.6,12.5
-7.2,15.5
-8.9,19.2
-8.7,19.7
-8.9,19.9
-8.8,20
-6.1,15.6
-5,14.3
-4.9,13.5
-5,13.5
-5.4,12.9
-4.9,12.5
-5.5,12.2
-5.9,13.6
-6.1,12.2
-6.3,12.6
-6.1,12.5
-6.1,12.5
-5.8,12.5
-5.7,12.2
-5.9,12.1
-5.9,12.4
-6,11.7
-8.9,17.7
-6.9,16.3
-4.8,12.9
-4.9,13.4
-4.9,13.4
-5.3,14.8
-5.2,14.9
-5.2,14.6
-5.4,15.2
-5.7,15.3
-5.2,15.1
-5.3,13.9
-5.1,13.9
-5.5,13.6
-4.9,12.9
-5.4,13.2
-5.4,13.2
-5.3,13.4
-5.1,12.6
-5.1,13
-5.2,12.9
-4.7,12.4
-5,12.7
-4.7,13
-5,13
-4.7,12.7
-4.9,13.6
-5,14.1
-4.9,14
-5.1,15.1
-5.3,15.5
-5.4,15.8
-5.3,15.4
-5.5,16.2
-5.5,16.1
-5.7,15.4
-5.4,15.4
-5.4,15.1
-5.4,14.8
-5.4,14.3
-5.5,14.6
-5.4,14.3
-5.2,13.7
-4.8,13.9
-4.8,13.8
-5,13.6
-4.6,12.7
-4.8,13.1
-4.8,12.9
-4.7,12.4
-5.3,13.1
-5.1,13.5
-5,13.8
-5,14.1
-5.2,15.1
-5.1,15.2
-5,15.1
-5.2,15.7
-5.3,16
-5.4,16.1
-5.6,15.4
-5.4,15.8
-5.7,15.5
-5.6,14.8
-5.7,14.8
-5.5,14.5
-5.3,14.2
-5.3,13.7
-5.3,14.4
-5.2,14
-5.1,13.4
-5.2,13.6
-5.1,13.5
-5.3,13.4
-5,12.9
-5,13.7
-5,14.2
-5.1,14.5
-5.2,15.6
-5.3,16.1
-5.3,16.2
-5.3,15.9
-5.5,16.1
-5.7,15.5
-5.1,14
-5.1,13.7
-5.7,13.6
-5.5,13.2
-5.2,12.5
-5,12.4
-4.9,12.9
-4.6,12.5
-4.7,12.6
-4.9,12.6
-4.7,12.7
-4.5,12
-4.7,12.8
-4.7,12.8
-5.1,12.3
-4.8,13.2
-4.9,14.2
-5,14.7
-4.9,14.5
-5.1,15.4
-5.2,15.8
-5,15.2
-5.2,15.6
-5.3,15.1
-5.1,14.1
-4.8,12.9
-5.1,13.4
-4.8,13.3
-4.8,12.8
-5,13.2
-5,13.1
-4.9,12.7
-4.6,12
-4.7,12.5
-4.7,12.6
-7.8,16.8
-8.3,18.4
-8.2,18.3
-7.2,17
-5,13.7
-4.7,14
-5,14.9
-5,15.6
-8,19
-6.9,18.3
-4.9,15.2
-5.3,14.9
-6.6,16.4
-8.5,17.9
-8.4,17.7
-8.7,18.2
-7.7,17.6
-4.9,12.7
-5.1,13.7
-5.3,14
-5.1,13.4
-5,13
-5.1,13.5
-5,13.5
-5,13
-4.8,13.5
-4.8,13.4
-4.7,13.1
-4.7,13.3
-6.8,17.2
-7.1,18.1
-5.5,15.8
-5.2,15.9
-5,15.4
-5.2,15.2
-7.9,18.5
-6.5,16.4
-4.6,12.8
-5,13.3
-5.6,14.2
-5.6,12.6
-5.5,12.3
-5.2,11.5
-5.2,11
-5.6,12.3
-9.1,18.9
-7.8,17
-4.9,13.1
-5,12.8
-4.6,13.3
-4.7,13.7
-4.6,13.2
-4.8,14.1
-5,15
-5.1,15.5
-4.9,15.2
-5,16
-5.1,16.1
-5,15.7
-5.2,15.7
-5.2,15
-5.1,14.1
-8.9,19.1
-6,15.3
-4.9,13.5
-5,13.7
-7.3,16.8
-9,19.3
32.1,19.4
189,15.4
-2.9,16.6
-7.6,16.1
-7.8,15.9
-7.6,15.7
-7.5,15.4
-7.8,15.5
-7.7,15.9
-7.9,16.6
-8,17.2
-8,17.5
-7.9,17.7
-8,17.7
-8,17.6
-7.9,17.3
-8,16.9
-8.1,16.5
-7.9,16.4
-7.9,16.3
-8.1,16.4
-8.1,16.5
-8,16.5
-8.1,16.7
-8.3,16.9
-8.2,16.8
-8.1,16.6
-8.2,16.4
-8.1,16.2
-7.5,16.1
-7.5,15.9
-7.5,16
-7.5,16
-7.9,16.6
-7.8,16.9
-7.8,17.2
-7.9,17.2
-7.9,17.4
-8.3,17.4
-7.9,17.4
-8,17.4
-8.2,17.5
-8.2,17.4
-7.9,17.2
-7.9,17.2
-7.9,17.1
-8.4,17.1
-8,17
-8.4,17.1
-8.2,17
-8.1,16.9
-8.1,16.4
-7.7,16
-7.8,15.6
-7.9,15.3
-8,15.2
-5.3,14.3
-5.1,14.7
-5,15
-5.3,15.9
-5.2,16
-5.2,15.7
-5.1,15.7
-5.2,15.6
-5.2,14.9
-7.7,16.8
-9,19.3
-9.2,18.3
-4.8,11.4
-5.1,11
-5,11.2
-5.4,13.3
-7.1,16.5
-9.1,19.8
-9.4,19.9
-9.2,20.3
-9,19.1
-8.7,19
-9,18.8
-9.6,19
-5.9,14.6
-5.6,14.7
-5.8,14.6
-5.5,15.4
-5.9,15.3
-5.7,15.3
-9.6,21
-9.6,21.1
-9.5,20.3
-9.2,19.2
-9.2,18.1
-8.8,17.8
-8.9,17.8
-8.2,18
-8.6,18.3
-8.1,18.3
-7.5,16.7
-4.9,13.1
-5.2,13.6
-5,13.6
-4.9,13
-5,13.3
-8.3,17.2
-9.4,18.7
-9.1,19.2
-9.1,19.9
-9.2,20.5
-9.3,21.1
-9.5,21.5
-9.7,21.6
-9.2,21.1
-9.5,20.7
-9,19.7
-9.1,18.9
-7.3,15.6
-5.2,12.5
-5.5,12.5
-5.2,13.6
-5.5,12.7
-7,15.4
-8.6,18.2
-8.7,18.3
-8.7,18.4
-8.7,18.1
-8.6,17.9
-8.7,18.4
-8.8,17.8
-5.3,12.5
-5.5,13.4
-5.6,13.9
-5.7,14.3
-9.5,20
-10,20.7
-9.6,20.9
-9.8,20.8
-9.5,20.4
-9.3,19.6
-9.7,19.1
-8.7,18.3
-8.9,18.9
-8.8,18.3
-8.9,18.1
-8.8,17.9
-8.5,17.8
-5.6,13.8
-5,12.6
-4.6,12.3
-4.9,12.8
-6.4,14.9
-8.8,18.1
-8.6,18
-8.8,18.2
-9.4,18.7
-9.1,19.4
-7.8,17.3
-5.8,14.8
-6.2,14.9
-10,20.6
-10,20.6
-9.5,20.4
-10,19.7
-9.5,19.1
-9.1,18.1
-9.3,17.6
-8.9,17.6
-8.9,18.9
-9.2,19.2
-8,18.1
-5.1,13.3
-4.7,12.8
-4.9,13.2
-4.9,13.2
-4.8,12.7
-5.1,13
-5.7,13.7
-8.1,16.8
-7.2,15.7
-5.5,13.7
-7,16.2
-9.4,20.3
-9.7,20.8
-9.7,21.2
-9.8,20.5
-9.7,20.7
-10,20.2
-9.1,19.7
-6.7,16.6
-4.8,13.7
-6.2,15.5
-5.1,14.6
-5.3,14.2
-5.7,15.8
-5.1,14.3
-5.6,15.5
-5.7,16
-5.9,16.6
-5,14.2
-5.4,14.9
-5.2,14.8
-6.3,17.2
-5.4,14.8
-5.2,14
-9,20.3
-6.4,17.3
-5.6,15.3
-5.6,15.1
-6.7,16.9
-10,21.1
-7.8,18.1
-5.8,14.9
-5.8,15.2
-5.9,15.4
-7.1,17.3
-9.7,21.8
-7.8,19.2
-5.7,15.5
-6.2,16.5
-5.7,15.7
-5.7,16.1
-5.6,15.7
-5.7,15.6
-5.6,15.5
-5.6,15.7
-5.6,15.1
-5.7,15.5
-5.9,16
-6.3,16.9
-7.9,19.6
-9.7,22
-6.1,16.5
-6.2,15.5
-6.4,16.1
-7.6,17.6
-8.5,18.5
-5.6,14.6
-5.3,13
-7.2,15.7
-9.4,19
-8.9,18.1
-8.5,18
-5.2,12.8
-4.9,12.8
-5.4,12.7
-7.4,15.2
-7.9,16.1
-5.7,12.4
-7.5,15.3
-9.6,17.6
-7.6,15.3
-5.8,13.3
-9.1,18
-10,19.6
-9.7,19.6
-11,22.7
-11,21
-9.3,19.3
-9.9,19.1
-9.8,18.4
-9.2,18
-9,18
-8.8,17.7
-8.6,17.9
-8.7,18.1
-8.8,18.3
-5.5,13.9
-5.3,14.1
-5.3,13.5
-5.4,12.7
-4.8,13.4
-4.9,13.3
-4.8,12.7
-5.5,12.8
-5.3,13.6
-5.9,14
-9.2,20.2
-9.6,20.7
-5.5,15.2
-6.1,16
-5.7,15.6
-6.7,15.6
-10,21.6
-10,20.9
-9.5,20.4
-8.9,18.7
-5.4,13
-5.7,13.4
-5.8,13.4
-8.2,16.7
-9.4,18.3
-8.8,18.2
-9.5,18.3
-9.2,18.3
-8.9,17.7
-9.4,19.3
-7.5,17.2
-5.9,13.1
-5.8,12.6
-5.8,12.8
-6.1,14
-8.1,17
-9.7,19.8
-10,19.9
-9.8,20.1
-10,19.4
-9,19
-5.9,13
-5.9,13.8
-7.5,16.9
-5.2,11.7
-4.9,10.3
-4.6,10.7
-4.8,10.7
-4.8,10.7
-4.7,10.8
-5.1,11.4
-8.4,17.9
-8.5,18.8
-8.9,19.2
-8.6,19
-5.2,13.9
-5.3,14.3
-5.4,14.6
-5.3,15.1
-5.9,15.8
-5.7,15.9
-8.7,20
-9.2,21.3
-5.7,15.6
-6.1,15.5
-5.6,14.9
-6.8,16.1
-9.8,19.9
-9.6,20
-9.3,20
-9.7,20
-9.3,20
-6.2,15.7
-5,14.3
-5.9,16.6
537,43.8
874,64.1
-8.9,20.9
-7.8,17.7
-7.9,17.2
-8.2,17.5
-8.2,17.8
-8.4,18.2
-9.6,21.1
-8.8,18.9
-8.9,19.3
-9.1,19.5
-9,19.3
-8.9,18.2
-9.2,18.4
-8.4,17.8
-9,18.2
-10,21.7
-9.2,19
-9,18.7
-9,18.6
-9,18.5
-8.9,18.4
-8.6,17.7
-8.6,17.7
-8,17
-8,16.3
-8.3,17.7
-1.4,16.9
-8.3,16.5
-8.5,16.8
-8.5,17
-8.4,17.4
-8.3,17.6
-8.3,17.9
-8.4,18.1
-8.6,18.1
-8.8,18
-8.4,18.1
-8.5,18.3
-8.3,18.1
-8.4,17.7
-8.3,17.5
-7.8,17
-8.2,16.8
-7.9,16.3
-8,15.9
-7.5,15.4
-7.6,15.1
-7.4,14.7
-7.4,14.6
-7.6,14.7
-8.3,14.6
-7.8,14.8
-7.7,15.7
-7.8,16.6
-8.1,17.3
-8.2,17.7
-8.3,17.9
-8.4,18
-8.5,17.9
-8.4,17.1
-8.4,16.3
-7.8,15.8
-8.2,15.7
-8.3,15.4
-8.4,15.2
-7.9,14.8
-7.8,14.7
-7.7,14.7
-7.8,14.5
-7.7,14.6
-7.8,14.8
-7.8,14.9
-8.1,15.2
-8.1,15.3
1110,68.6
-9,16.8
-8.2,20.2
-8.2,17.9
-7.9,17.4
-8.2,18.1
-8.8,19.5
-8.8,19.6
-8.7,18.8
-8.6,18.3
-8.4,17.6
-8.2,16.9
-8.8,17
-8.1,16.4
-8.5,16.5
-8.2,16.3
-8.8,17.2
-8.7,16.7
-8.8,17
-7.8,15.9
-7.6,15.6
-7.7,15.6
-7.9,16
-8.3,16.1
-8.6,16.9
-8.6,16.8
-8.6,17
-8.6,17.1
-8.6,17.4
-9,18
-8.7,17.5
-8.6,17.5
-8.8,17
-8.8,17.1
-9.2,16.5
-8.3,16.1
-8.6,15.8
-8.5,16
-9.6,17.6
-9.3,16.9
-9.6,17.1
-9.4,17.6
-9.3,17.5
-9.3,17.1
-8.9,16.5
-9,16.8
-9.1,18
-8.4,17.7
-8.3,16.5
-8.5,17.3
-8.6,18
-8.4,18.4
-8.9,19
-8.5,19
-8.7,19.4
-8.9,18.8
-8.6,18.5
-8.6,18.1
-8.4,16.9
-8.4,17.1
-8.8,17.5
-6.7,14.5
-5.3,12.1
-5.3,12.3
-7.7,15.4
-7.8,15.8
-8,15.8
-7.9,15.8
-8,15.7
-7.8,15.6
-7.5,16
-7.5,16.1
-7.9,15.9
-7.9,16.3
-8.2,17
-8.2,17.4
-8.3,17.8
-8.2,18
-8.3,18.2
-8.7,18.1
-8.3,17.5
-8.2,17
-8.2,16.5
-7.8,16.3
-7.9,16
-8.2,15.8
-7.7,15.4
-7.7,15.1
-7.9,14.8
-7.8,14.5
-8.2,14.3
-7.9,13.9
-7.8,13.7
-7.7,14
-7.8,15.1
-7.7,14.9
-8.3,15
-8.8,15.4
-8.5,15.7
-8.4,16.2
-8.4,17
-8.5,17.5
-8.8,17.8
-9.1,17.8
-8.7,17.7
-8.9,17.7
-8.6,17.8
-8.6,17.6
-8.4,17.1
-8.5,16.5
-8,15.8
-7.7,15.3
-7.5,15
-7.5,14.6
-7.5,14.5
-7.5,14.2
-7.4,13.9
-7.4,13.8
-7.5,14
-7.9,14.4
-8.1,14.6
-8.3,15.1
-8.3,15.7
-8.2,15.9
-8.4,16.6
-8.6,16.9
-8.7,17.3
-8.6,17.7
-8.6,17.8
-8.5,17.7
-8.3,17.8
-8.5,17.6
-8.5,17.3
-8,16.8
-8.4,16.2
-8,15.7
-8.2,16.1
-8.2,16.1
-8.5,16.1
-8.7,16.1
-8.3,15.7
-8.5,15.8
-8.3,15.5
-8.6,15.8
-8.7,15.7
-8.9,16.3
-8.9,16.9
-8.9,17.3
-7.5,16.7
-5.9,16.1
-5.9,16.2
-5.8,15.6
-5.9,16
-5.8,15.3
-5.7,14.5
-5.2,13.4
-5.7,13.2
-5.3,12.6
-5.6,12.4
-9.2,18.1
-8.7,18.2
-9.3,18.7
-8.7,18.8
-6.9,15.8
-4.9,13.5
-5.2,13.7
-4.9,13.4
-5.4,13.5
-5.6,13.7
-6.1,15.1
-9.6,20.9
-9.7,21.6
-9.5,21.9
-9.8,22.3
-9.5,22.5
-6.9,18.7
-5.8,15.6
-5.7,16
-5.4,15.3
-5.3,14.2
-6.3,15.6
-9,20.3
-9.1,20.3
-8.9,20.1
-6.8,16.7
-5.1,13.5
-5.3,14.1
-5.3,14.5
-4.9,14.7
-5,14.1
-4.9,14.7
-5.2,14.7
-5,13.8
-5.4,15.1
-5.4,15.5
-5.4,15.7
-5.3,15.3
-5.5,16.1
-9.6,21.6
-8.3,20.6
-5.8,15.8
-5.3,14.7
-5,14.8
-5.4,14.7
-5.1,13.9
-5.2,14.1
-7.1,16.9
-9,19.7
-8.8,19.4
-4.7,14
-5,13.9
-4.7,13.9
-5.2,13.5
-5.4,14.2
-5,14.2
-4.8,14.1
-5.2,14.2
-5.4,14.8
-5.5,15.7
-5.3,15.6
-6.5,18.1
-9.3,22.8
-5.6,16.9
-6,17.1
-6.5,18.2
-9.8,22.7
-9.3,21.8
-9.3,21.1
-9.4,21.1
-7.5,18.4
-5.5,15.2
-6,16.4
-6.1,16.1
-5.8,15.4
-2.3,17.3
-6.5,16.8
-6.7,16.2
-5.1,13.8
-4.8,13.9
-4.7,13.8
-5,13.2
-5.2,14
-5.3,14.6
-5.3,14.7
-5.4,15.4
-5.4,15.8
-5.5,16.1
-5.4,15.9
-5.6,16.5
-5.9,16.3
-4.9,15.3
-5.5,15.4
-5.5,15.1
-5.5,14.6
-6.2,15.7
11.9,13.8
41.2,11.9
58.9,10.7
53.9,11.9
-9.4,17.7
9.33,14.1
63.5,10.3
9.52,14.2
-7.6,15
-8.1,15.8
-8,15.1
-8.1,15.8
-8.5,17.2
-9,18.8
-8.6,17.9
-9.7,21.2
-9.6,20.2
-9.9,21.4
-8.8,19
-8.5,17.7
-8.3,17.8
-9,18.4
-9.1,17.7
-8.5,17.1
-9.1,17.4
-9.4,17.8
-8.5,16.2
-9,16.9
-8.4,16.4
-8.5,16.8
-8.2,16.3
-8.8,17.4
-8.6,17.1
-8.8,17.1
-9,17.4
-9,18.2
-9.9,21
-9,18.4
-8.9,18.2
-9.2,19.2
-9.1,19
-9.8,21.5
-8.9,19.3
-8.8,18.9
-8.9,18.6
-8.3,18.1
-9,18.7
-9.4,19.9
-8.8,18.6
-9,19.2
-9.2,19.4
-8.9,19
-8.9,18.5
-8.8,19
-8.6,18.5
-8.4,17.7
-8.8,18.2
-9.1,17.2
-8.7,17.3
-9,17.8
-9,18.4
-9.2,19.4
-10,21
-9,19.1
-9,18.9
-9.4,18.9
-9.1,18.3
-8.9,17.3
-8.5,16.7
-9,16.6
-8.4,15.4
-8.2,14.8
-8.6,14.8
-8.4,14.6
-8.4,15
-8,15.1
-5.3,13.6
-5.2,13.3
-5.4,13.6
-5.4,13.6
-5.4,13
-5.8,13.4
-5.8,13.7
-6.3,14.3
-9.8,20.6
-6.6,16.1
-6,15.8
-9.7,21
-10,21.6
-10,21.6
-10,20.9
-9.4,20.1
-9.4,19.4
-9.2,19.2
-9.5,18.7
-8.8,17.9
-9,17.7
-8.9,17.7
-6.7,14.6
-5.3,13.2
-5.7,13.6
-5.6,13.5
-5.6,13.3
-5.2,13.5
-9.4,18.8
-9.3,19
-9.5,19.3
-9.5,20.2
-6.5,16.6
-6,15.6
-5.8,15.3
-5.8,15.8
-6.1,15.6
-5.7,15.1
-8,18
-9.6,20.1
-9.1,19.7
-9,19.3
-5.6,13.6
-5.4,13.7
-5.5,13.8
-5.4,13.6
-5.2,13.3
-5.6,13.6
-5.5,13.5
-5.3,12.9
-5.6,13.3
-5.1,13.3
-5.4,13.2
-5.4,13.1
-5.6,13.7
-5.7,14.4
-5.7,14.6
-5.9,15.5
-6,15.7
-6.1,15.7
-10,21.6
-9.8,21.5
-10,21
-6.6,16.5
-5.5,13.8
-5.5,14.2
-5.7,14
-5.6,13.4
-5.5,12.7
-5.5,12.8
-5.2,12.6
-5.1,12.1
-5.3,12.6
-5.2,12.7
-5.2,12.5
-4.9,12.6
-5.3,13.3
-5.5,13.3
-5.4,13.2
-5.6,14.4
-5.7,15.3
-5.9,15.7
-5.9,16
-6,16.6
-5.9,16.6
-6.1,15.8
-6,16.3
-5.7,15.7
-5.6,15.1
-5.5,13.3
-5.3,11.9
-5.2,11.9
-5.6,13.2
-5.2,13.6
-5,13.4
-5,12.8
-4.9,12.7
-5,13.1
-5.3,13.4
-4.7,12.8
-5.3,13.6
-5.3,13.6
-5.1,13.4
-5.1,13.7
-5.5,15
-5.5,15.6
-5.4,15.6
-6,16.5
-5.6,16.9
-5.6,16.8
-6.5,18.1
-9.8,22.6
-8.9,21.9
-5.6,15.6
-5.4,15.6
-5.4,15.5
-5.3,14.6
-5.3,14.5
-5,14.4
-5.2,14.6
-5.1,14
-5.1,14.5
-5,14.3
-5.1,14
-4.9,14.3
-5.3,14.3
-5.6,14.3
-5.3,14.1
-5.5,15.3
-5.7,15.6
-5.6,15.4
-5.5,15.8
-5.8,16
-5.6,15.9
-5.3,15.3
-5.5,16
-6.5,17.8
-9.7,21.9
-9.3,21.2
-9.1,20.8
-5.7,16.1
-5.5,15
-5.1,14.5
-5.5,14.9
-5.5,14.9
-5.1,14.2
-5.1,14.4
-5.4,14.3
-5.1,14.5
-5.2,13.9
-5.8,14.7
-5.5,15.3
-5.8,15.4
-5.7,16.1
-5.6,16.5
-5.8,16.8
-5.5,16.1
-5.5,16.4
-5.9,15.9
-5.2,14.7
-5.4,14.5
-6.5,16.2
-9,19.6
-8.9,19.4
-6.4,15.4
-5.4,13.5
-4.7,12.8
-5.2,13.3
-4.9,13.4
-5.2,13
-5,13.1
-5.3,13.7
-5.4,14
-5.2,13.5
-5.3,14.2
-5.4,14.9
-5.8,15.1
-5.5,15.7
-5.7,16.1
-5.8,16.2
-6.9,17.8
-9.7,21.6
-5.7,15.4
-5.1,14.9
-5.5,14.5
-5.2,13.7
-5.1,14
-8.3,17.7
-8.8,18.7
-8.4,18.5
-6.6,14.9
-4.9,13.6
-5.1,13.4
-5.3,13.6
-4.9,13.6
-5.3,13.7
-4.8,13.6
-5.2,14.1
-5.3,14.2
-5.7,14.3
-5.4,14.9
-5.4,15.6
-5.6,16
-5.4,15.5
-6,16.1
-5.6,15.9
-5.4,15.1
-5.4,14.8
-5.2,14.5
-5.4,14.2
-5.2,13.4
-5.4,13.6
-5.3,13.4
-5,12.9
-4.9,12.9
-5,12.8
-4.7,12.6
-4.5,12.1
-5,12.9
-5.1,13.1
-4.6,12.8
-5,12.9
-5.2,13.5
-5.4,14.2
-5.4,14.5
-5.6,15.7
-5.7,15.9
-5.9,15.8
-5.6,16
-5.7,16
-5.9,15.6
-5,14.5
-5.5,14.5
-5.5,13.9
-5.1,13.1
-5.1,12.7
-4.9,12.7
-5,12.4
-4.8,12.2
-5.1,12.6
9.83,12.4
41.8,13.7
48.6,10.4
1.28,14.8
-7.3,14.7
-7.7,15.2
-8.1,16
-8.2,17
-8.2,17.5
-8.3,17.4
-8.3,17.1
-8.5,17.4
-8.3,17.5
-8.1,17.3
-8.5,16.8
-8,16.3
-8.3,16.1
-7.6,15.4
-7.8,15.1
-7.5,14.8
-8.1,15.4
-4.6,14.7
72.5,11.4
150,12.5
49.6,14.7
-8.3,15.9
-7.2,14.5
-7.1,14.5
-7.3,14.5
-7.9,14.6
-7.8,14.9
-7.8,15.6
-8,16.2
-8.2,16.7
-8.3,17.1
-8.2,17.3
-8.3,17.6
-8.1,17.6
-8.1,17.4
-8,17.3
-7.9,17
-8.1,17.1
-8.1,16.8
-8,16.7
-8.4,16.5
-8.1,16.2
-8.2,16.1
-8.2,15.8
-8,16.2
-8.3,15.9
-7.9,16
-7.9,16.1
-8.3,16.2
-8.3,15.7
-8.3,15.9
-8.7,16.4
-8.4,17.1
-8.5,17.4
-8.7,17.9
-8.6,18.2
-8.7,18
-8.3,17.9
-8.4,17.9
-8.2,17.9
-8.3,17.9
-7.9,17.5
-8.2,17.1
13.3,15.7
205,18.3
1320,79.4
1200,77.7
1510,94.1
496,41.8
-7.2,15.8
-7.3,15.5
-7.2,15.1
-7.4,15
-7.8,15.3
-7.9,15.6
-8.1,16.2
-8.3,16.9
-8.1,17.4
-8.1,17.8
-8.3,18
-8.2,17.9
-8.2,17.9
-8.2,17.7
-7.9,16.9
-8.1,16.3
-8,16
-8,16
-8.1,15.8
-7.8,15.5
-7.9,15.2
-7.9,15
-7.9,14.8
-7.6,14.5
-7.4,14.4
-7.3,14
-7.5,13.9
-7.3,14.3
-7.8,14.8
-7.9,15.2
-8.1,16.3
-8.2,17.2
-8,17.3
-8.1,17.7
-8.2,17.9
-8.2,17.8
-8.7,17.9
-8.5,17.4
-8,16.7
-8.2,16
-8.4,16.1
-8.2,15.7
-7.9,15.4
-7.8,15.2
-7.9,14.8
-7.8,14.4
-7.4,14.1
-7.7,13.9
-7.4,13.9
-7.4,13.9
-7.3,14.2
-7.4,14.6
-8.2,15
-8,15.1
-8,15.5
-8,16.4
-8.1,16.7
-8.1,17
-8.1,17.1
-8,17.1
-8.2,17.1
-8.3,16.7
-7.7,16.1
-7.9,15.4
-7.6,15.3
-8.2,17
-8,15.9
-7.9,15.6
-7.6,15.3
-7.4,15.8
-7.9,16.3
-7.6,15.9
-7.7,15.5
-7.3,15.3
-7.3,15.4
-7.4,16.1
-8,14.9
-7.8,15
-8.3,15.6
-8.1,16.5
-8,17
-8,17.4
-8,17.6
-8.1,17.8
-8.3,17.8
-8.1,17.1
-7.8,16.7
-7.9,16
-7.9,15.7
-7.9,15.5
-7.9,15.1
-7.6,14.9
-7.4,14.8
-7.6,14.3
-7.6,14.1
-7.2,14.4
-7.5,14.2
-7.1,14
-7.2,14.3
-7.1,14.7
-7.7,14.3
-7.8,14.6
-7.9,15.6
-8.2,16.8
-8.2,17
-8.3,17.4
-8.5,17.8
-8.5,17.9
-8.5,17.8
-8.4,17.6
-7.9,17.1
-8.2,16.6
-8.4,16.2
-8.3,15.8
-7.9,15
-7.7,14.3
-7.6,14
-7.3,14.8
-7.5,15
-7.6,15.1
-8,15.7
-7.7,15.8
-7.6,16.4
-7.6,15.1
-8.1,14.7
-7.9,15.3
-8,15.5
-8.3,15.9
-8.2,16.3
-8.3,16.8
-8.5,17.4
-8.3,17.8
-8.2,17.8
-8.2,18
-8.1,18.2
-8.2,17.9
-8.4,17.5
-8.1,16.9
-7.6,16.3
-7.6,16
-7.5,15.6
-7.5,15.8
-8.1,15.9
-8,15.8
-8,15.6
-8.2,15.8
-7.7,15.6
-7.8,15.6
-8.1,15.6
-8.1,15.7
-8,16.4
-8.6,17.2
-8.2,17.6
-8.1,18
-8.1,18.4
-8.5,18.7
-8.3,18.7
-8.5,18.5
-8.7,18.7
-8,18.2
-8,17.7
-8.4,17.4
-7.9,17
-8.2,17.1
-8.5,16.9
-7.8,17.2
-5.1,14.5
-5.4,15
-5.1,15
-5.3,14.9
-5.1,15
-5.8,15.6
-5.5,15.5
-5.6,15
-5.7,15.9
-5.5,16.5
-5.9,16.6
-5.5,16.6
-5.8,17.2
-5.8,17.4
-5.4,16.6
-5.7,17
-5.9,17
-5.6,16.9
-9.4,22.1
-8.9,21.6
-9.4,21.5
-7.7,19.4
-5.2,15.7
-5.4,15.6
-5.2,14.9
-5,15.6
-5.4,15.6
-4.8,15
-5.4,15.6
-5.2,15.6
-5.2,15.5
-5.2,14.8
-5.4,16
-5.5,16.8
-5.4,16.5
-5.9,17
-5.5,17.2
-5.6,17.1
-5.4,16.4
-5.9,16.6
-5.9,17.1
-9.4,21.4
-9,20.9
-8.7,20.2
-5.3,14.3
-5.2,14.7
-5.2,14.3
-5.2,13.8
-4.6,13.1
-5.2,14
-4.9,14.1
-4.8,13.6
-5.2,14.2
-5.2,14.3
-5.1,14.4
-5.1,14.2
-5.4,15.3
-5.4,15.9
-5.7,15.7
-5.5,16.6
-5.6,17.1
-5.4,16.9
-5.7,16
-5.5,16.5
-5.3,16
-5.2,14.9
-5.4,15.1
-5.5,14.7
-5.3,14.2
-5.1,13.3
-4.9,13.5
-5.2,13.4
-5,12.5
-4.9,12.8
-4.7,12.6
-4.6,12.3
-4.7,11.9
-4.5,12.6
-4.9,13.1
-5.1,13.2
-5.3,14.5
-5.4,15.4
-5.5,15.9
-5.3,15.8
-5.6,16.8
-5.9,16.9
-5.6,16.1
-5.4,16.3
-5.4,15.8
-5.3,15.1
-5.3,13.9
-5.3,14.1
-5.1,13.5
-4.6,12.4
-4.8,12.5
-4.7,12
-4.6,11.6
-4.6,12.2
-4.8,12.9
-4.5,12.2
-4.5,12.3
-4.7,13.1
-5,13.4
-5.3,13
-5.2,12.8
-5.8,13.8
-5.6,14.5
-5.5,14.7
-5.6,15.7
-5.6,16.1
-5.9,16.1
-5.3,15.4
-5.1,15.4
-5.5,14.7
-5.4,13.3
-4.9,13.4
-5,13.9
-4.8,13.3
-4.7,13.4
-4.8,13.7
-4.8,13.6
-4.6,12.7
-4.7,13.2
-4.7,13.4
-4.7,13.9
-4.5,13.2
-4.9,13.2
-5.2,13.6
-5.2,13.7
-5.3,13.9
-5.4,14.6
-5.5,14.9
-5.4,14.8
-5.8,15.6
-5.5,16
-5.3,15.5
-5.6,16
-5.3,15.3
,
,
,
,
,
,
-4.8,13.2
-4.7,13.1
-4.6,12.9
-4.9,13.7
-5,15
-4.8,14.1
-5.1,13.8
-5.2,13.8
-5.2,13.6
-5,13.3
-5.3,14.4
-5.4,14.9
-5.6,14.7
-5.4,15.6
-5.5,15.9
-5.6,16
-5.2,15.3
-5.1,15.4
-5,14.9
-4.8,13.6
-4.8,13.4
-4.9,14.1
-4.9,14.3
-4.7,13.6
-4.8,13.4
-4.9,14.2
-4.8,13.8
-5,15
-5.1,15.9
-5.1,15.5
-5,13.5
-5.1,13.3
-5.2,14.1
-5.5,14.7
-5.3,15.5
-5.4,15.8
-5.4,16.2
-5.3,15.8
-5.5,16.2
-5.9,15.9
-5,14.7
-5.4,14.3
-5.2,13.4
-5.1,13.4
-4.8,11.8
-5.4,14.9
-5.7,15.6
33.7,14.9
34.5,14.8
-7.3,15.1
-7.2,15.1
-7.1,14.1
-7,14.4
-7.1,14.9
-7.5,15.6
-7.6,15.5
-7.6,14.9
-7.7,15.6
-7.7,16.3
-7.8,17
-7.9,17.6
-8,17.8
-7.9,17.8
-7.8,17.5
-8,16.7
-7.8,15.5
-7.5,15.1
-5.5,12.1
-5.1,11.5
-5,11.4
-6.1,12.7
-7.2,14.5
-7.5,15.4
-7,13.9
-7.2,15.3
-7.2,15.4
-7.3,16.7
-7.3,16.8
-7.3,15.5
-7.6,16
-7.7,16.5
-7.6,15.4
-7.7,15.5
-7.9,16
-8,16.5
-8.4,16.9
-8.1,17.1
-8,16.9
-8.2,16.3
-7.5,15.3
-7.6,14.8
-7.3,14.7
-7.2,15
-7.2,14.9
-7.1,14.8
-7.2,15.1
-7.1,15
-7.1,14.5
-7.2,15.9
-7.2,16.4
-7.1,16.2
-7,15.6
-7.3,15
-7.6,15.3
-7.6,15.4
-7.6,15.5
-7.7,15.8
-7.7,15.9
-7.8,16.3
-8.3,16.5
-7.8,16.6
-7.8,16.5
-7.3,15.8
-7.8,15.3
-7.4,15.1
-7.1,14.8
-7.2,15.7
-7.1,15.9
-6.9,15.2
-6.9,15.5
-6.8,14.9
-6.9,14.9
-6.9,15.3
-6.9,15.6
-6.8,15.9
-6.9,15.7
-7,15
-7.2,14.9
-7.4,15.3
-7.6,15.4
-7.6,15.3
-7.6,15.6
-7.7,16.1
-7.8,16.5
-8.3,16.8
-8,16.7
-7.6,16.3
-7.5,16
547,34.5
678,29
670,29.4
648,27.6
465,19.8
320,15.1
100,12.4
51.1,13.3
69.2,13.9
12.6,12.5
-7.8,16.4
-6.7,14.3
-7,14.3
-7.5,14.7
-7.8,15.6
-8,16.3
-8.1,17
-8.1,17.4
-8.1,17.8
-8.2,18.2
-8.3,18.4
-8.1,18.4
-8.2,18.1
-7.6,17.6
-8,17
-7.9,16.3
-7.6,15.5
-7.1,14.8
-7,14.1
-7,13.5
-7.1,14.1
-7.1,13.6
-7.2,14.4
-7.2,14.3
-7.1,14.4
-7,14.9
-7.1,14.7
-7.5,14.7
-7.7,14.8
-7.7,14.9
-7.8,15.5
-7.9,16.1
-8.3,16.7
-8.2,17.1
-8.1,17.1
-8.3,17.3
-7.7,17.1
-8.1,16.9
-7.4,15.8
-7.3,14.9
-7,14.3
-6.9,13.8
-6.9,13.6
-6.9,14.4
-6.9,14.2
-7,15.1
-6.9,14.7
-6.8,14.8
,
,
,
,
,
,
,
,
,
,
,
,
,
,
,
,
,
,
,
,
,
-7,15.2
-6.9,14.9
-6.8,14.5
-6.7,15
-6.7,14.7
-7,14.7
-7.3,14.9
-7.2,14.3
-7.3,14.6
-7.5,14.8
-7.5,14.6
-7.5,15.2
-7.7,15.8
-7.7,16
-7.6,15.7
-7.2,15.1
-7.5,14.7
-5.3,12.1
-4.8,11.2
-5.4,12.6
-6.9,14.7
-6.9,15
-6.8,14.6
-6.8,15.3
-6.8,14.7
-6.7,14.5
-6.7,14.5
-6.7,15
-6.7,15.1
-7,15
-7.1,14.5
-7.2,14.2
-7.3,14.7
-7.3,15.1
-7.3,14.6
-7.5,15
-7.4,15.2
-7.5,15.3
-7.4,15.3
-7.1,14.8
-5.8,12.5
-4.8,10.5
-4.8,12.1
-4.8,13.2
-5,13.6
17.3,13.9
2.32,18
-7.2,16.9
4.21,14.2
33.8,11.8
-4.5,13
-4.6,13.8
-4.6,13.5
-4.7,12.5
-4.8,11.6
-4.9,11.9
-4.9,11.8
-5,12.5
-5,12.3
-5,12.6
-5,12.9
-5,13.1
-4.9,12.9
-4.6,12.5
-4.5,11.6
-5.2,12.2
-7.5,14.3
-5.4,13.1
-4.8,12
-5,11.9
-5.1,12.2
-5.4,13.2
-6.9,15.4
-6.9,15.7
-7,16.5
-6.9,15.4
-7,14.8
-7.3,15.8
-7.4,14.5
-7.5,15
-7.5,14.6
-7.5,14.5
-7.6,15.1
-7.7,15.8
-7.7,15.9
-7.8,16
-7.8,15.8
-7.5,15.3
-7.1,14.1
-5.6,11.9
-5.1,11.4
-4.9,11.1
-5,11.4
-4.9,11.4
-5.3,12.6
-5.3,12.6
-7.1,14.4
-7,14.7
-7.1,15.2
-7.2,15.6
-7.1,14.4
-7.3,14.4
-7.6,14.9
-7.7,14.8
-7.8,14.7
-7.9,14.8
-7.9,15.4
-7.9,16
-7.9,16.4
-7.9,16.6
-8.3,16.8
-7.5,16.7
-7.4,16.1
-7.4,15.2
-7.7,15.1
-7.2,14.7
-7,14.1
-7,13.9
-6.9,13.9
-6.9,14.2
-7,14.1
-7.1,14.5
-7.1,15
-7.1,15
-7.3,15.2
-7.5,14.7
-7.7,14.3
-7.8,14.6
-7.9,15.2
-8,15.9
-8.1,16.6
-8.1,16.9
-8.2,17.1
-8.2,17.3
-8.2,17.5
-7.9,17.2
-7.9,16.9
-8.1,16.2
-7.7,15.6
-7.6,15
-7.4,15
-7.3,14.8
-7.2,14.5
-7.2,14.3
-7.3,14.4
-7.2,14.4
-7.3,14.6
-7.4,15.4
-7.5,15
-8,14.7
-8,15
-8.1,15.5
-8.1,16
-7.9,16.3
-8,17
-8.1,17.4
-8.1,17.4
-8,17.6
-8.5,17.5
-7.9,16.9
-7.7,16.1
-7.7,15.6
-4.9,13.2
-4.9,13
-5,12.5
-4.9,12.4
-5.1,12.2
-5.2,12.2
-5.6,12
-4.8,11.8
-5.3,11.7
-5.1,11.6
-4.9,12.4
-4.8,13.4
-5,13.2
-5.1,13.8
-5.2,14.6
-5.3,15.4
-5.2,15.1
-5.5,16.1
-5.8,16.2
-5.4,15.9
-5.2,15.6
-5.2,15.1
-5.5,14.5
-5.7,13
-5,12.4
-4.8,12.1
-4.9,12.1
-4.8,11.9
-4.8,12.6
-4.8,12.2
-4.9,12.4
-4.9,12.6
-4.9,13.1
-5,13.7
-5.3,14.5
-5.3,15.3
-5.2,13.7
-5.3,13.7
-5.5,14.3
-5.4,14.2
-5.5,14.5
-5.6,15.5
-5.6,15.8
-5.5,15.2
-5.9,15.3
-5.1,14.8
-5.5,14
-5.5,12.6
-5.5,12.3
-5,12.1
-5.1,12
-5.1,12.8
-5.7,14.9
-6.2,15.5
-5.7,13.7
-5.6,13.3
-6.1,15
-6,15.5
-5.3,15.8
-5.2,14.3
-5.2,13.7
-5.3,14.3
-5.1,13.5
-5.3,14
-5.3,14.1
-5.4,13.7
-5.4,14.7
-5.3,14.6
-5.4,14.1
-5.6,13.7
-5.2,13.3
-4.1,12
-0.24,1.16
-4.6,10
-5.2,12.2
-5.2,12.9
-5.4,13.4
-5,13.1
-5.3,13.6
-5.3,13.7
-5.3,15
-5.1,15
-5.1,13.9
-5,14.2
-4.8,13.7
-4.9,14
-4.9,14.7
-5.1,14.2
-5,15.1
-5.1,15.4
-5.1,15.5
-5,14.9
-5.1,15.3
-5.4,14.7
-5.2,14
-5.3,13.4
-5.4,13
-5.6,12.5
-2.4,13.6
-4.7,16.1
-5.3,13.3
-5.6,13
-5.3,13.3
-5.3,13.4
-5.2,12.9
-5.2,13.2
-5.6,13.5
-5.3,13.6
-5.1,13.4
-5.3,14.5
-5.4,14.9
-5.4,15.3
-5.5,15.6
-5.9,16.1
-5.8,16.3
-5.5,15.6
-6.1,16.2
-5.6,15.9
-5.8,15.4
-5.8,14.9
-5.4,14.6
-5.8,14.3
-5.4,13.5
-5.5,14.2
-5.5,14.2
-5.3,13.7
-5.3,14.1
-5.5,14.5
-5.7,14.6
-5.4,14.1
-5.5,15
-5.5,15.1
-5.4,14.6
-5.8,14.9
-5.6,15.5
-5.9,16.1
-5.6,16
-5.9,16.9
-6.1,16.7
-5.6,16.5
-5.6,16.5
-6.1,16.7
-5.8,16.4
-5.7,15.4
-5.9,15.8
-5.6,15.2
-5.8,14.7
-5.3,14.1
-5.6,14
-5.3,13.8
-5.2,13.5
-5.6,14
-5.2,14
-5.3,14.1
-5.4,14.4
-5.5,14.8
-5.5,14.9
-5.4,14.8
-5.6,15.9
-6,16.2
-5.6,16.1
-5.6,16.2
-6,16.5
-5.6,16.4
-5.5,15.5
-6,15.6
-5.7,15.2
-6,14.9
-5.3,13.7
-6,14.2
-5.5,13.3
-4.8,12.6
-5.2,12.9
-5,13.5
-5.1,12.9
-4.9,12.6
-5,12.6
-4.8,12.8
-4.7,12.7
-4.9,13.6
-5,13.9
-5,14.2
-5.1,14.7
-5.2,15.6
-5.3,16
-5.1,15.7
-5.3,16.3
-5.5,16.3
-5.3,15.8
-5.1,15.3
-6,15.6
-5.6,13.5
-5.7,13
-5.4,12.5
-5.8,12.2
-5,11.5
-5.1,11.8
-5.2,12.1
-5.7,13.1
-5.1,12.8
-5,12.5
-5.3,13.4
-5.3,13.8
-4.8,13.5
-5.2,14.4
-5.4,14.7
-5.4,15.1
-5.2,15.2
-5.3,16
-5.3,16
-5.5,15.5
-5.7,16
-5.7,15.8
-5.8,15.3
-6.1,15.2
-5.8,14.1
-5,12.7
-5.3,12.2
-5.3,13.1
-0.54,2.67
-2.8,5.85
-5.3,12.1
-5.1,13.5
-5.3,14
-4.7,13
-4.5,12.8
-4.7,13.1
-4.8,13.3
-4.7,12.9
-4.9,13.6
-4.8,14.1
-4.8,14.8
-4.7,14.7
-4.9,15.5
-5.3,15.8
-4.7,15.1
-4.9,15.2
-4.8,14.6
-4.9,13.9
-4.8,12.9
-5.2,13.3
-5.3,12
-5,13.3
-4.6,13
-4.6,13
-4.5,12.9
-4.5,12.8
-4.6,14
-4.8,14.4
-4.7,14
-5,14.3
-4.9,14.3
-4.8,14.5
-4.6,14
-4.8,14.9
-4.9,15.2
-4.8,15.1
-5.3,15.9
-5.1,16
-5,15.9
-4.8,15
-5.1,15.1
-5.2,14.6
-4.6,13.5
-5.2,13.8
-4.8,13.8
-5.1,13.6
-4.6,12.8
-4.6,13
-4.6,13.2
-4.6,13
-4.8,13.6
-4.8,13.9
-4.8,14.1
-4.5,12
-4.7,12.6
-4.7,12.6
-4.7,12.7
-4.7,13.6
-4.8,14.2
-4.8,14.8
-4.7,14.6
-4.9,15.4
-5.3,15.4
-4.7,14.9
-5,15.4
-5.1,14.9
-4.8,14.2
-4.6,13.1
-4.7,13.5
-4.7,13.1
-4.5,12.8
-4.6,12.9
-4.7,13.1
-4.7,13.3
-4.5,12.5
-4.6,12.8
-4.7,13.1
-4.5,12.2
-4.6,12.3
-4.7,12.7
-4.7,12.7
-4.6,12.8
-4.8,13.8
-4.8,14.2
-4.8,14.3
-5.3,15.3
-5,15.5
-5,15.7
-5,15
-5.2,15.1
-4.8,14.2
-4.6,12.9
-4.7,13.4
-4.7,13.4
-4.6,12.9
-4.5,12.2
-4.6,12.7
-4.6,12.7
-4.5,12.7
-4.6,13.2
-4.5,12.9
-4.6,12.7
-4.4,11.7
-4.6,12.6
-4.7,13
-4.7,13
-4.8,14
-4.9,14.5
-5,15.1
-4.9,14.8
-5,15.3
-5.4,15.4
-4.8,14.6
-5.1,14.8
-5.2,13.9
-4.7,12.9
-4.4,11.5
-4.5,12.3
-4.6,12.8
-4.5,12.3
-4.6,13.1
-4.6,13.3
-4.7,13.6
-4.7,13.8
-4.7,12.8
-4.6,12.6
-4.5,12.1
-4.7,12.6
-4.8,12.8
-4.8,13.4
-4.7,13.4
-4.9,14.4
-4.9,14.7
-4.6,14.2
-4.8,14.7
-4.8,14.5
-4.7,14
-4.9,13.1
-4.8,13.4
-4.8,12.8
-4.6,13.2
-4.8,13.8
-4.7,13.5
-4.6,13.2
-4.6,13.1
-4.6,13
-4.7,13.3
-4.6,13.8
-4.7,14
-4.7,13.6
-4.6,13
-4.3,12.5
-4.5,13.1
-4.5,13.3
-4.4,13.2
-4.5,14.3
-4.6,14.6
-4.7,14.9
-4.6,14.5
-5,14.8
-4.7,14.4
-4.7,13.2
-4.9,13.1
-4.8,13.2
-4.7,13
24.8,14.2
62.1,11.8
63,12.1
12.4,14.8
30.4,14.9
-8,15.9
-6.7,14.3
-6.7,14.8
-6.8,15.4
-7,15.9
-7.1,15
-7.1,14.7
-7.1,14.3
-7.2,14.9
-7.1,15.6
-7.2,16.1
-7.2,16.2
-7.2,16.2
-7.5,15.9
-7.2,15.4
-7.2,14.9
-7,14.9
-6.9,14.3
-6.7,14
-6.6,13.5
-6.7,15.4
-6.7,14.7
-6.6,14.2
-6.6,14.2
-6.7,14.5
-6.7,15
-6.9,16.2
-7,16.6
-6.9,15.2
-6.9,14.2
-7,14.6
-7,14.4
-7,14.8
-7.1,15.2
-7.2,15.7
-7.2,15.6
-7.2,15.7
-7.2,15.7
-7.2,15.4
-7.1,14.7
-6.9,14.3
-7,14.7
-7,14.8
-6.9,14.3
-6.8,13.7
-6.8,14.1
-6.8,14.5
-6.9,14.4
-7,14.8
-7.1,15
-7.1,15.9
-7.1,15.1
-7.2,14.7
-7.5,15.1
-7.5,14.8
-7.4,14.6
-7.5,14.9
-7.8,15.6
-7.9,16.2
-8,16.4
-8,16.6
-8,16.7
-7.6,16.6
-7.8,15.9
-7.6,15.4
-7.4,14.3
-7.1,13.9
-7.2,14.5
-7.1,14.2
-7.1,14.3
-7,14.2
-7,13.8
-7.1,15.2
-7.1,15.3
-7.1,15.8
-7.2,16
-7.4,14.3
-7.5,14.4
-7.6,14.9
-7.7,15.5
-7.7,16.4
-7.8,17
-7.9,17.6
-8,17.9
-8.1,18
-8.2,18.2
-7.8,18.2
-8,17.7
-7.7,17.3
-8.1,16.9
-7.8,16.1
-7.5,15.2
-7.2,14.5
-7.2,14.5
-7.3,14.8
-7.2,15
-7.1,14.6
-7,15.2
-7,15.4
-7.1,15.9
-7.3,15.4
-7.5,15.5
-7.7,16.1
-7.6,15.4
-7.6,16.3
-7.7,16.6
-7.8,17.1
-7.8,17.3
-8.2,17.1
-8,16.9
-7.6,16.5
-7.5,16.1
-7.8,15.7
-7.7,15.2
-7.3,14.4
-7.1,13.7
-6.9,12.9
-7,13.7
-7,14.4
-7,15.2
-7,15.4
-6.9,15.2
-6.9,15.4
-6.8,14.5
-7.1,14.4
-7.4,14.8
-7.4,14.6
-7.5,14.5
-7.5,14.7
-7.6,15.3
-7.7,15.9
-7.8,16.1
-7.6,15.9
-7.9,15.9
-7.3,15.5
-7.2,15.1
-7.9,15.5
-7.5,14.3
-5.2,12.8
-5.2,13
-5.2,12.5
-5,12.2
-4.6,12.3
-4.6,13.3
-4.8,14
-4.6,13.2
-4.6,13.1
-4.5,11.6
-4.9,11.8
-4.9,11.6
-4.9,11.8
-5.1,12.6
-5.3,12.9
-5.1,13.2
-5.2,13.5
-5.1,13.8
-5,13.8
-5,13.6
-5,13.2
-4.6,12.8
-4.6,12.5
-4.7,12.2
-4.8,11.9
-4.6,11.9
-4.7,11.7
-4.4,11.5
-4.4,11.6
-4.5,11.8
-4.5,11.7
-4.4,11.9
-4.4,12.4
-4.9,12.7
-4.7,12.3
-4.8,12.6
-4.9,13
-5,13.8
-5.1,14.5
-5.2,15.1
-5.6,15.4
-5.3,15.5
-5.3,15.6
-5.3,15.4
-4.9,14.8
-5,13.9
-4.9,13.6
-5,13.2
-4.8,12.4
-4.6,11.6
-4.4,11.5
-4.5,11
-4.6,12.3
-4.7,12.7
-4.7,12.8
-4.6,12.4
-4.5,12.4
-4.6,13
-5,13.7
-5,12.1
-5.1,13.2
-5.1,13
-5.2,13.3
-5.3,13.8
-5.2,14.1
-5.5,14.4
-5.2,14.4
-5.1,14.3
-4.7,13.7
-5.1,13.1
-4.6,12.5
-4.7,12.1
-4.6,11.4
-4.9,13.2
-5.7,13.3
-5.9,14
-6.4,14.6
-5.1,12.8
-4.8,12.5
-4.8,12.7
-4.8,13.3
-4.7,12.1
-4.9,12.2
-5.1,12
-5.2,12.3
-5.2,12.6
-5.3,13.2
-5.4,13.4
-5.4,13.9
-5.5,14.1
-5.8,14.4
-5.5,14.4
-5.1,14.4
-5.2,14
-5.3,13.3
-4.9,12.5
-4.7,11.7
-4.6,10.8
-4.6,11.1
-4.5,11.2
-4.5,11.6
-4.6,11.8
-4.6,12.3
-4.7,12.7
-4.7,12.3
-4.8,12.7
-5.1,13.1
-5.2,12.9
-5.2,12.4
-5.3,13
-5.3,13.5
-5.3,13.7
-5.4,14.2
-5.4,14.4
-5.3,14.6
-5.3,14.7
-5.3,14.6
-4.9,14.2
-5.2,13.7
-4.8,12.7
-4.7,11.8
-4.7,11.5
-4.7,11.9
-4.7,12
-4.7,12.3
-4.6,11.7
-4.6,11.6
-4.6,11.7
-4.6,12.4
-4.7,13.3
-5,13.7
-5.1,12.5
-5.1,12.6
-5.2,13.1
-5.2,13
-5.3,13.3
-5.3,13.5
-5.3,13.7
-5.3,13.7
-5.3,13.6
-5.3,13.1
-4.8,12.5
-4.9,12.1
-5.4,12.5
-4.9,11.4
-4.8,12.5
-4.7,12.5
-4.8,12.8
-4.9,13.3
-4.9,13
-4.9,13
-4.9,12.7
-4.8,12.6
-5,13.6
-5.2,13
-5.3,13.4
-5.4,13.6
-5.5,13.7
-5.4,13.5
-5.4,13.3
-5.5,14.1
-5.5,14.2
-5.5,14
-5.5,13.9
-5.2,13.8
-5.5,13.1
-5,12.6
-5,12.6
-5,13.1
-5,14.6
-4.8,13.9
-4.8,13.9
-4.8,13.5
-4.6,12.2
-4.7,12.9
-4.6,12.4
-4.7,13.2
-4.7,13.5
-4.9,12.9
-5.1,13.2
-5,12.8
-5.2,13.4
-5.2,13.3
-5.2,13.3
-5.3,13.7
-5.4,14.3
-5.3,14.1
-5.2,13.6
-5,13.7
-5.2,13
-4.9,12.6
-4.8,12.6
-4.9,13.3
-4.9,13.9
-4.8,13.5
-4.8,13.3
-4.8,13.1
-4.7,12.7
-4.8,12.8
-4.9,13.9
-5,14
-4.7,12.6
-5.2,13.2
-5.2,13.2
-5.2,13.1
-5.2,13.1
-5.3,13.4
-5.3,13.8
-5.2,13.5
-5.4,14.3
-5.3,14.3
-5.5,13.9
-5.1,13.5
-4.9,13.1
-5,13.9
-4.7,12.5
-4.8,12.8
-4.9,14.6
-4.8,13.6
-4.8,13.6
-5,14.9
-4.9,14.7
-4.7,13.8
-4.9,14.6
-5,15
-4.8,13.9
-5.1,13.8
-5.3,14.6
-5.2,13.7
-5,12.4
-5.2,13.1
-5.2,13.3
-5.1,13.3
-5.2,13.4
-5.2,13.7
-5.2,13.7
-4.8,12.8
-5.3,13.8
-4.9,11.3
-4.8,11.8
-4.8,11.4
-5.3,13.7
-4.8,13.5
-4.7,13.6
-4.8,13.7
-4.8,13.9
-4.9,14.5
-4.8,13.6
-4.8,13.2
-4.7,12.2
-4.9,11.9
-5.1,12.8
-5,12.4
-5,12.3
-5.1,12.9
-5.2,13.4
-5.2,13.7
-5,13.5
-5.6,14.5
-5.4,14.7
-5.1,14.3
-5.4,14
-4.9,13.6
-4.9,13.4
-4.8,13.3
-4.9,13.4
-4.8,12.9
-4.8,14.3
-4.8,14.1
-4.9,14.7
-4.9,14.7
-4.7,13.6
-4.7,12.8
-4.8,12.7
-5,12
-5.1,12.2
-5.2,12.7
-5.3,13.4
-5.1,13.3
-5.3,14.3
-5.4,14.8
-5.4,14.8
-5.8,15.1
-5.5,15.6
-5.3,15.5
-5,14.6
-5.6,14.8
-5,14
-4.8,12.4
-4.7,11.9
-4.8,13.4
-4.8,13.3
-4.7,13.3
-4.7,12.8
-4.8,13.3
-4.7,13.2
-4.8,13.9
-4.9,12.9
-5,12.8
-4.9,12.2
-5,12.6
-5.1,12.7
-5.2,13.3
-5.3,14
-5.4,14.6
-5.4,14.7
-5.7,14.4
-5.5,14.7
-5,14.2
-4.7,13.1
-5.1,12.5
-4.7,12.1
-4.9,12.9
-4.7,12.6
-4.9,14.2
-4.9,14.4
-4.8,13.2
-4.8,13.7
-4.9,14.9
-4.8,14.2
-4.7,14
-4.8,13.5
-5.1,13.7
-5.1,12.5
-5.2,13
-5.2,12.7
-5.2,13.1
-5.1,13
-5.3,14.5
-5.4,14.8
-5.3,14.6
-5.3,14.5
-5.1,14.4
-5.3,13.4
-5.5,12.6
-5.3,13.5
-5.2,13.1
-5.2,14.2
-5.2,13.8
-5.1,13.6
-5.1,14.7
-4.7,13.4
-4.9,14.9
-4.7,14.3
-4.6,13.7
-4.6,13.2
-4.9,12.9
-5,12.6
-5,12.7
-5.1,12.3
-5.1,12.4
-5.1,12.5
-5.1,13
-5.2,13.6
-5.2,13.9
-5.1,13.1
-4.9,13.3
-5.8,12.5
-5.2,13.3
-5.1,13.5
-5,12.8
-4.9,12.3
-6.7,14.7
-7.3,15.2
-7.1,14.3
-7,14.2
-7.1,15.3
-7.1,15.5
-7.2,16.4
-7,14.7
-7.4,15.5
-7.4,14.8
-7.5,14.6
-7.5,14.4
-7.5,13.9
-7.5,14.3
-7.5,15
-7.7,15.6
-7.7,15.5
-7.7,15.1
-7.4,14.8
-5.5,11.9
-5.1,11.4
-5.1,11.1
-5.2,12.3
-5.2,12.7
-7.5,14.8
-7.2,14.9
-7.4,14.9
-7,13.7
-7,14.5
-7,15
-7.2,16.2
-7.2,15.9
-7.5,15.6
-7.4,14.9
-7.3,14.3
-7.4,14.2
-7.5,13.9
-7.5,14.1
-7.5,14.9
-7.6,15.3
-7.7,15.4
-7.7,15.3
-7.5,14.9
-7.6,14.3
-7.3,14.2
-7.2,14.1
-7.1,14.2
-7.1,14.8
-7,14.6
-7,14.4
-7,14.5
-7,15.2
-7,15.6
-7.2,16.4
-7.2,15.1
-7.4,14.8
-7.7,15.1
-7.8,14.8
-7.7,14.8
-7.6,15.2
-7.7,15.5
-7.8,15.7
-7.6,16
-7.7,16.2
-8,16.3
-7.7,16.1
-7.5,16
-7.7,15.8
-7,15.1
-7.1,14.6
-7.6,14.4
-7.4,14.2
-7.4,14.1
-7.3,14
-7.6,14.3
-7.3,14.4
-7.3,14.5
-7.3,15.1
-7.4,15.5
-7.4,15.1
-7.6,15.1
-8,15.4
-7.7,15.8
-7.7,16.4
-7.8,16.9
-8,17.5
-7.8,17.6
-8.1,17.8
-8,17.9
-8.4,17.9
-7.8,17.8
-7.6,17.7
-8,17.3
-7.3,16.3
-7.9,15.8
-7.3,15.1
-7.2,14.4
-7.2,14
-7.2,13.9
-7.2,14.4
-7.2,14.7
-7.1,15
-7.2,15.5
-7.3,15.9
-7.6,14.4
-7.7,14.8
-7.8,14.9
-7.8,15.5
-7.7,16
-7.8,16.4
-7.9,16.8
-7.9,17
-7.9,16.9
-8.3,16.7
-7.6,16.4
-7.4,15.7
-7.7,15.1
-7.3,14.6
-7.2,14.8
-7.2,14.8
-7.2,15.9
-7.1,15.9
-7.1,15.5
-7.1,15.6
-7,15.3
-7.1,15.8
-7.3,17.1
-7.4,17.2
-7.5,14.7
-7.5,14.8
-7.6,14.8
-7.6,15.4
-7.5,14.9
-7.6,15.4
-8.1,15.9
-7.9,16.1
-7.7,15.9
-7.7,15.5
-7.7,15.3
-7.7,15
-7.3,14.8
-7.5,15
-7.7,15.3
-7.4,15.4
-7.4,15
-7.3,15
-7.3,15
-7.4,15.1
-7.4,15.2
-7.4,15.2
-7.4,15.1
-7.4,14.7
-7.9,15
-7.7,14.8
-7.6,14.7
-7.6,15.1
-7.7,15.7
-8,16.1
-7.7,16.4
-7.7,16.7
-7.7,16.5
-7.8,16.2
-7.9,15.8
-7.3,15.5
-7.3,15.2
-7.3,14.9
-7,14.7
-7.7,15
-7.4,14.8
-7.4,14.6
-7.3,14.5
-7.3,14.5
-7.2,14.5
-7.1,14.6
-7.1,15
-7.1,15.9
-7.4,14.5
-7.5,14.9
-7.6,15.2
-7.6,15.3
-7.7,16.1
-7.9,16.7
-7.9,17.1
-8,17.3
-8.3,17.2
-8,17
-7.7,16.7
-7.5,16.1
-7.9,15.4
-7.6,14.9
-7.1,14.7
-7.1,15.1
-7,14.8
-7,15
-7.1,15.6
-7,15.5
-7,15.2
-6.9,14.8
-6.9,15.2
-7.1,15.8
-7.5,14.7
-7.6,15.1
-7.5,15.1
-7.6,15
-7.7,15.3
-7.7,15.6
-7.8,16
-7.7,16.3
-7.7,16.2
-7.6,15.9
-7.6,15.7
-7.3,15.5
-7.3,15.1
-7.1,14.7
-7.1,14.8
-7,15.2
-7,15.3
-6.9,15.2
-6.9,15.1
-7,15.6
-6.9,15.4
-6.9,15.5
-7,15.4
-7,14.5
-7.4,14.5
-7.5,14.5
-7.6,15
-7.5,14.9
-7.4,15.1
-7.5,15.7
-7.8,16.1
-7.8,16.4
-7.8,16.7
-7.9,16.8
-7.7,16.8
-7.6,16.7
-8,16.4
-7.5,15.8
-7.5,15.1
-7.4,14.5
-7.4,14.4
-7.4,15
-7.4,14.7
-7.3,14.4
-7.4,15.4
-7.4,16.2
-7.2,15
-7.2,14.9
-7.6,15
-7.7,15
-7.8,15.6
-7.7,16.3
-7.8,17
-7.9,17.5
-8.3,17.7
-8,17.8
-8,17.7
-8.1,17.7
-8.1,17.7
-7.8,17.6
-7.9,17.1
-7.5,16.5
-7.3,15.6
-7.1,14.5
-7.1,14.5
-7,14.4
-6.9,14.2
-6.9,14.5
-7,15.1
-7,15
-7,15.2
-7.1,15.5
-7.5,15.8
-7.6,15.7
-7.6,14.9
-7.6,15.1
-7.6,15.5
-7.6,15.7
-7.6,16.1
-7.6,16.3
-7.6,16.3
-7.6,16.3
-7.7,15.9
-7.3,15.5
-7.1,14.6
-7.9,14.7
-7.6,14.5
-7.6,15
-7.5,15
-7.5,14.7
-7.6,15.7
-7.6,15.6
-7.6,15.8
-7.6,16
-7.7,16.8
-7.7,16.3
-7.8,14.4
-7.9,14.4
-8.1,14.8
-8,14.6
-8.1,15.1
-8.1,15.7
-8.1,16.2
-8.2,16.6
-8.3,16.8
-8.5,16.4
-8.3,15.9
-7.9,15.4
-8.2,15.2
-7.4,14.9
-7.1,14.6
-7.1,15.5
-7,14.9
-6.9,14.8
28.5,13.8
52,11.2
69.7,10.6
-7.2,16.9
-6.8,15.1
-6.7,14.8
-7.1,14.7
-7.1,14.4
-7.2,14.6
-7.3,14.4
-7.4,15.2
-7.5,16
-7.6,16.4
-7.5,16.4
-7.7,16.4
-7.7,16.2
-7.6,16.2
-6.1,13.6
-5.1,12
-5,11.9
-4.9,11.9
-5,12
-6.4,14
-7.1,15
-7,15.3
-7,14.6
-7.2,15.8
-6.8,15.3
-6.9,15.5
-7,15.3
-7.3,14.2
-7.4,14.3
-7.4,14.2
-7.4,14.2
-7.5,14.9
-7.6,15.4
-7.7,15.9
-7.6,16.1
-7.5,16.1
-7.6,16.1
-7.8,15.7
-7.2,15.2
-7.2,14.7
-7.3,14.6
-7.3,14.4
-7.3,14.5
-7.2,14.3
-7.2,14.1
-7.2,14.3
-7.2,15.3
-7.2,15.4
-7.1,15.5
-7,15
-7.1,15.1
-7.4,14
-7.5,14.7
-7.6,14.6
-7.6,14.5
-7.7,15.1
-7.8,15.6
-7.9,16.1
-8,16.4
-7.8,16.4
-7.8,16.2
-7.6,15.9
-7.8,16
-5.2,12.3
-5.6,12.4
-5.1,11.5
-5.2,11.6
-6.7,13.7
-7,13.9
-7.4,15.3
-7.1,15.5
-7.1,15.9
-7.1,15.9
-7.2,16.7
-7.2,16.2
-7.3,13.9
-7.3,13.6
-7.4,13.8
-7.4,14.1
-7.4,14.8
-7.5,15.5
-8,15.8
-7.6,16.2
-7.6,16.3
-7.6,16.4
-7.4,16.4
-7.7,16.2
-7.5,15.7
-7.1,14.9
-6.9,14.6
-6.8,14.1
-6.8,14.1
-6.8,14.2
-6.7,14.1
-6.7,13.8
-6.7,14.8
-6.7,15.1
-6.9,15.8
-6.9,14.6
-7.1,14.1
-7.1,14.1
-7.1,13.7
-7.2,14.4
-7.3,14.7
-7.3,15.3
-7.4,15.7
-7.5,16.2
-7.6,16.5
-7.9,16.8
-7.5,16.8
-7.2,16.6
-7.5,16
-7.1,15.4
-6.9,15
-6.8,14.4
-6.9,14.4
-6.9,14.4
-7,15.2
-7,15.2
-7,15.3
-7,15.3
-7.1,15.7
-7.1,15.6
-7.1,13.1
-7.2,13.6
-7.3,14.3
-7.4,15.2
-7.5,15.9
-7.6,16.2
-7.9,16.4
-7.7,16.6
-7.7,16.8
-7.6,16.5
-7.3,16.1
-7.5,15.5
-6.1,13.9
-5.3,12.3
-4.8,11.4
-4.9,12.6
-4.6,12.4
-4.4,12
-4.4,12.3
-4.3,11.9
-4.4,12.5
-4.4,12.5
-4.4,12.4
-4.5,13.1
-4.9,13.5
-4.6,10.7
-4.7,11.2
-4.8,11.8
-4.8,12.1
-4.9,12.7
-5,13.2
-5,13.5
-5,13.5
-5.3,13.2
-4.8,13
-4.5,12.6
-5,12.5
-5.2,12.4
-5,11.6
-5.2,12.8
-5.1,12.1
-5,12.2
-4.8,11.6
-4.3,11.7
-4.3,11.8
-4.4,12.5
-4.4,11.6
-4.4,11.7
-4.7,11
-4.7,11.4
-4.7,11.6
-4.7,11.6
-4.7,12
-4.8,12.5
-4.8,12.7
-4.9,12.8
-4.8,12.8
-5.1,12.7
-4.6,12.9
-4.9,13.2
-5.3,12.7
-5,12.4
-4.9,12
-4.9,11.9
-4.3,11.4
-4.1,12.2
-4.4,11.2
-4.7,12.8
-4.5,13.2
-4.3,13.2
-4.3,12.6
-4.4,12.7
-4.6,12.6
-4.5,11.3
-4.4,10.8
-4.5,11.2
-4.6,11.6
-4.7,11.9
-4.7,12.3
-4.7,12.3
-4.7,12.3
-4.7,12.2
-4.5,11.8
-5,12.4
-5,11.5
-4.7,11.3
-5,11.4
-5.5,12.6
-4.7,12.9
-4.4,12.9
-3.4,13.6
-3.6,14
-3.7,12.4
-3.4,12.5
-3.4,12.8
-3.4,13.5
-3.6,11.3
-3.7,11.8
-4.2,12.5
-3.8,12.7
-3.8,13.2
-3.8,13.7
-3.8,13.8
-3.8,13.9
-3.8,13.9
-3.8,13.6
-3.6,13.3
-4.5,14.7
-4.6,13.7
-4.6,11.5
-3.6,10.8
-3.7,10.6
-4.1,11
-3.6,11.3
-6.6,15.8
-5.7,14.5
-3.6,13.3
-3.5,13.4
-3.5,14
-3.5,13.9
-3.9,13.1
-4,13.5
-3.9,13.7
-3.8,13.6
-4,14.9
-4,15.5
-3.9,15.2
-4,16
-4.3,16.4
-4,16.3
-3.8,15.5
-3.7,16
-4,15.7
-3.7,14.7
-4,14.6
-3.8,14
-3.7,13.3
-3.4,12.2
-3.5,12.7
-3.5,13.5
-3.4,12.7
-3.6,13.1
-3.5,13.6
-3.5,13
-3.6,12.3
-3.9,13.2
-3.9,13.9
-3.8,14
-4,15.1
-4.3,15.6
-4,15.6
-3.9,15
-4,15.7
-4.1,15.6
-4.1,14.9
-3.7,15.5
-4,15.4
-4,14.7
-3.9,13.3
-3.7,13
-3.5,12
-3.4,11.9
-3.6,12.2
-3.6,11.7
-3.6,11.2
-3.5,10.4
-3.6,11.8
-3.7,13.5
-3.9,13.8
-4.1,13.5
-4.1,13.8
-4.1,13.4
-4,13.6
-4.2,14.8
-4.2,15.3
-4.1,15
-4.1,15.4
-4.1,15.1
-3.9,14.5
-3.9,13.4
-3.7,13.2
-3.6,12.9
-3.6,13
-3.7,13.4
-3.7,13.1
-3.7,12.7
-3.6,14.3
-3.9,14.2
-4.1,13.8
-3.9,13.2
-4,14.3
-4.1,13.1
-4.4,12.8
-4.3,12.9
-4.4,12.5
-4.4,12.9
-4.4,13.2
-4.5,14.4
-4.6,14.8
-4.6,15
-4.5,14.4
-4.6,14.7
-4.5,14.3
-4.6,12.7
-4.2,13.6
-4,13.2
-3.9,12.2
-3.9,13.2
-3.8,13.6
-3.5,14.7
-3.4,14.6
-3.5,14.5
-3.6,14.5
-3.5,13.8
-3.4,13.9
-3.6,14.3
-3.9,13.1
-3.8,12.7
-3.9,13.4
-3.9,13.8
-4,13.8
-3.9,13.8
-4.1,14.8
-4.1,15
-4,14.6
-4.1,14.8
-3.9,14.4
-3.7,14.1
-4.2,13.6
-4.2,13.2
-4.2,12.9
-4.2,13
-4,13.7
-3.8,14.1
-3.8,14.2
-3.7,14.5
-3.9,14.9
-3.7,14.3
-3.6,13.9
-3.8,13.5
-4.1,13.4
-4.1,13.5
-4,12.7
-4.1,13.1
-4.1,13.7
-4.1,13.8
-4.2,15
-4.2,14.9
-4.1,14.7
-4,13.9
-3.9,14.1
-4.3,13.6
-4.3,12.5
-4.2,12.3
-4,12.4
-3.8,13.9
-3.7,14.4
-3.9,15.2
-5,19.4
-3.7,14.2
-3.8,14.1
-3.7,13.6
-3.8,14.3
-3.9,12.9
-4,12.3
-4.1,13.1
-4.1,13.3
-4.1,13.8
-4,13.8
-4.1,15
-4.4,15.2
-4,14.8
-4.1,15.3
-4.1,15.1
-3.9,14.6
-4.6,14
-4.2,12.4
-4.3,11.8
-4.1,11.6
-3.8,12.4
-3.6,12.1
-3.7,12.9
-3.6,12.8
-4.2,15
-3.6,13.1
-3.6,13
-3.7,14.3
-3.9,15.8
-4,12.5
-3.9,12
-4.1,13.7
-4.1,13.4
-4,13.4
-4.1,14.4
-4.1,14.6
-4.2,14.9
-4.1,14.6
-4.2,15.3
-4.1,15.3
-3.9,14.7
-4.1,14.6
-3.8,14
-3.7,13.2
-3.6,11.9
-3.7,13.5
-3.7,13.7
-3.6,13.1
-3.7,14.1
-3.7,14.1
-3.7,14.1
-3.6,14.1
-3.8,12.8
-4,12.5
-4,11.9
-4.1,12.6
-4.1,13.4
-4.1,13.9
-4,13.8
-4.1,14.8
-4.1,15.1
-4,14.8
-4.1,15.4
-4.1,15.5
-3.8,15.6
-4,14.9
-3.9,15
-4,14.3
-3.7,13.1
-3.6,12.9
-3.7,13.3
-3.7,13.5
-3.6,12.8
-3.8,13
-3.7,12.8
-3.6,12.2
-3.9,12.9
-4.1,12.9
-4.1,12.6
-4.1,12.9
-4.1,14.1
-4.1,14.6
-4,14.6
-4.1,15.4
-4.1,15.5
-4.1,15.4
-4,14.4
-4,14.4
-4.1,14.1
-3.8,13.3
-4.8,13.3
-4.2,13.1
-4.3,14.3
-4.1,13.4
-4.3,15.1
-4,14.9
-3.9,14
-3.9,14.2
-3.7,13.6
-3.7,14.4
-3.8,13.3
-4,13.4
-4.1,13.5
-4,13
-4.1,13.7
-4.1,14.2
-4.1,14.5
-4.1,14.3
-4.2,15.1
-4.3,15.3
-4.3,14.6
-4.1,14.5
-4,14.1
-4.6,13.7
-4.1,12
-3.9,11.6
-4,11.5
47.9,10.3
112,4.38
51.4,10.4
-1.9,16.5
-5.7,14.9
-5.7,15.1
-5.8,15.8
-6,16.4
-6.1,15.5
-6.2,15.4
-6.3,15.3
-6.3,15.3
-6.4,15.5
-6.3,15.6
-6.4,16.1
-6.5,16.3
-6.5,16.3
-6.5,16.3
-6.3,15.8
-6.3,15.2
-6.2,14.6
-6,14.2
-6.3,14.1
-6.1,16.4
-6.1,15.8
-6.1,15.7
-6.1,15.8
-6,16.1
-5.9,15.1
-6,15.2
-6,15.2
-6.4,15
-6.4,15.1
-6.5,15.2
-6.5,15.3
-6.6,15.6
-6.6,16.1
-6.9,16.4
-6.5,16.8
-6.6,16.8
-6.3,16.5
-6.2,16.2
-6.2,15.8
-6.3,15.6
-6.5,15.4
-4.5,13.2
-4.4,12.6
-4.4,12.2
-4.1,12.1
-4.2,12.9
-5.2,14
-6.3,15.4
-6.2,15.2
-6.2,15.7
-6.2,15.2
-6.5,15.2
-6.5,15.1
-6.5,15.2
-6.9,15.1
-6.7,15.5
-6.7,15.9
-6.7,16.4
-6.7,16.6
-7,16.7
-6.6,16.6
-6.6,16.4
-6.7,15.9
-6.4,15.1
-6.2,14.8
-6.7,15.3
-6.1,14.7
-6.3,14
-6.1,14.5
-6.3,15.2
-6.2,15.2
-6.1,14.7
-6,14.9
-6,15
-6.1,15
-6.4,14.7
-6.6,14.2
-6.6,14.8
-6.7,15.5
-6.6,16.1
-6.6,16.8
-6.7,17.4
-6.7,17.6
-6.6,17.7
-6.7,17.7
-6.7,17.7
-6.9,17.7
-6.3,17.4
-6.7,17
-6.6,16.4
-6.5,15.9
-6,15.2
-6.1,14.7
-6.1,14.6
-6.1,16
-6.1,16.1
-6,15.6
-6,15.5
-6,15.4
-6.2,14.7
-6.4,14.6
-6.4,14.6
-6.4,15.2
-6.4,15.5
-6.5,16.2
-6.6,16.8
-6.6,17.2
-6.6,17.6
-6.6,17.8
-6.5,17.7
-6.4,17.6
-6.5,17.5
-6.5,17.3
-6.5,16.7
-6.2,16
-6,15.3
-6,14.7
-5.9,14.3
-5.9,13.7
-5.9,13.4
-5.9,16
-5.9,15.9
-5.9,16.2
-6.1,15.4
-6.4,14.6
-6.5,14.9
-6.6,15.6
-6.6,16.3
-6.6,16.8
-6.5,16.8
-6.7,17
-6.7,17.1
-6.6,17.4
-6.6,17.3
-6.6,17.1
-6.7,17.1
-6.4,16.6
-6.1,15.8
-5.9,15
-5.9,14.2
-5.9,15.2
-5.8,15
-5.8,15.1
-5.8,14.9
-5.8,14.7
-5.8,14.9
-5.8,15.3
-6.1,15.6
-6.2,15.4
-6.3,14.4
-6.4,15
-6.4,15.4
-6.5,16.3
-6.5,17
-6.5,17.3
-6.4,17.3
-6.4,16.9
-6.5,16.4
-6.7,15.9
-6.1,15.3
-6.1,15.1
-6.1,14.4
-6.2,13.8
-6,13.3
-5.9,13.3
-5.9,13.7
-5.9,14.2
-5.9,15.5
-5.9,15.9
-5.9,16.2
-5.8,15.4
-6.1,15.9
-6.3,15.3
-6.3,14.4
-6.4,15
-6.5,15.7
-6.5,16.3
-6.5,16.6
-6.5,16.9
-6.5,17.1
-6.5,17
-6.5,16.6
-6.4,16.1
-6.7,16
-6.6,15.8
-7.1,15.2
-7,15.5
-6.5,16
-6.5,15.6
-6.5,16.3
-6.4,15.8
-6.4,15.1
-6.3,15.5
-6.3,15.9
-6.3,16.7
-6.6,15.3
-6.7,14.8
-6.7,14.6
-6.8,15.1
-6.8,15.9
-6.9,16.4
-6.9,17
-7,17.3
-7,17.7
-7,17.7
-6.9,17.4
-6.9,16.9
-5.3,14.9
-4.7,13.3
-4.7,12.6
-4.4,12.1
-4.2,12.2
-4.2,12.4
-4.1,12.7
-4.1,12.5
-4.2,12.6
-4.1,13.2
-4.8,14.1
-6,15.8
-6.2,14.8
-6.3,14.6
-6.4,15.4
-6.4,16.2
-6.4,15.5
-6.4,16.2
-6.5,16.8
-6.4,17
-6.4,17
-6.7,17
-6.5,16.7
-6.3,16.6
-6.4,16.2
-6,15.5
-5.9,15.1
-5.9,14.9
-5.7,14.5
-5.7,15
-5.7,15.6
-5.7,15.6
-5.8,15.5
-5.8,16.2
-5.8,17.3
-5.7,16.2
-6,14.9
-6.1,16
-6.2,15.9
-6.2,15.3
-6.2,15.2
-6.2,15.8
-6.3,15.7
-6.3,16.1
-6.3,16.4
-6.3,16.7
-6.3,16.9
-6.2,16.7
-6,16.5
-5.9,15.8
-5.8,14.7
-5.8,15.2
-5.8,14.8
-5.8,14.9
-5.9,15.8
-5.9,15.8
-5.9,16.2
-5.9,16.3
-5.9,16.5
-5.9,16.9
-6.3,14.8
-6.3,14.9
-6.3,14.9
-6.4,15.1
-6.4,15.5
-6.4,16
-6.5,16.7
-6.6,17.2
-6.7,17.3
-6.7,17.5
-7,17.7
-6.6,17.7
-6.5,17.5
-6.3,17
-6.5,16.3
-6.2,15.5
-6.2,14.9
-6.1,15
-6.2,14.8
-6.1,14
-6.1,16.2
-6.1,16.1
-6.1,16.3
-6.1,16.5
-6.4,17.5
-6.5,15.1
-6.6,15.7
-6.6,15.7
-6.9,15.9
-6.6,16.4
-6.7,16.8
-6.7,17
-6.6,17.2
-6.9,17.2
-6.6,16.7
-6.6,16.2
-5.3,14.6
-3.9,12.8
-4,12.5
-4.4,12.3
-4.2,12.1
-4.1,12.3
-4.3,12.8
-4.2,12.3
-4.2,12.6
-4.2,12.6
2.61,13.8
-0.29,15.7
63.2,6.56
-0.64,16
27.1,10.6
-2.5,16
-1.7,17.6
-8.2,19.4
-6.7,18
-6.7,18.1
-6.6,18
-6.8,18.5
-6.8,18.3
-6.6,17.2
40.8,10.7
75.7,5.19
52.4,8.13
74.8,5.27
74.8,4.96
37.3,10.3
10.8,14
20.1,13.6
-7.5,19.7
-6.6,18.2
-6.4,16.8
-6.1,15.9
-6.5,16.2
-6.5,16.3
-6.5,16
-6.4,15.8
-6.7,17
-6.6,17
-6.9,18.4
-7.3,20.4
-6.9,18.7
-8.1,22.7
-7.3,18.7
-6.9,17.6
-6.1,16.3
-4.9,13.3
-4.3,11.4
-3.9,11
-3.8,10.6
-3.8,10.8
-3.8,11.1
-3.7,11.8
-3.3,10.6
-3.3,10.7
-3.3,10.5
-3.3,10.9
-3.6,11.8
-3.7,12.7
-3.8,11.8
-3.8,12.7
-3.8,12.5
-3.8,13
-3.8,13.1
-3.9,13.4
-4.2,13.7
-3.9,13.7
-3.9,13.4
-3.9,13.2
-4.8,13.8
-4.3,12.4
-4,11.8
-4,11
-4.1,11.5
-4.1,11.2
-4.2,12.2
-4.1,12.4
-4.1,12.2
-4.1,12.5
-3.9,12.8
-3.7,14.3
-3.5,12
-3.6,11.6
-3.6,11.9
-3.6,12
-3.6,12.5
-3.7,13.3
-3.7,13.4
-3.8,13.8
-3.8,14
-3.8,13.9
-3.8,13.5
-3.8,13
-4.2,13.5
-4.2,13.1
-4,12.5
-4.6,12.7
-4.6,12.6
-4.7,12.5
-4.6,12.1
-4.4,11.6
-5.1,11.4
-4.9,11.3
-4.5,11.3
-4.5,12.2
-3.7,11.2
-3.6,11.3
-3.6,11.7
-3.6,12
-3.7,12.5
-3.7,12.7
-3.7,13
-3.7,13.3
-3.7,13.4
-3.7,13.3
-4,13.3
-3.7,13.3
-4.2,13.9
-4.6,13.5
-4.5,12.9
-4.8,12.2
-4.3,11.4
-4.1,10.6
-4.1,10.5
-4.3,10.7
-4.3,11
-4.1,12.7
-4.1,12.4
-3.9,11.3
-4.5,13.7
-4.2,13.6
-4.2,13.4
-4.3,13.4
-4.3,13.9
-4.4,14.5
-4.3,15.1
-4.5,14.6
-4.3,15.1
-4.3,15.3
-4.4,14.9
-4.1,15.1
-3.8,15.4
-4.2,15
-3.7,13.6
-3.8,13.3
-3.7,13.4
-3.8,13
-3.8,12.7
-3.8,12.6
-3.9,14.9
-3.8,14
-3.9,14.5
-3.8,14.1
-4.1,13.2
-4.2,13.7
-4.3,13.8
-4.3,14.1
-4.2,13.9
-4.2,15
-4.2,15.3
-4.2,15.4
-4.2,15.7
-4.3,15.8
-4.3,15.3
-4.2,14.1
-4.4,15.5
149,9.79
596,-3
565,-8.2
448,-3.4
855,-19
330,8.9
312,-6.1
318,242
133,550
-6.5,16.3
-6.3,15.9
-6.6,15.7
-6.6,16.1
-6.7,16.4
-6.5,16.9
-6.5,17.6
-6.5,17.9
-6.6,18.3
-6.6,18.7
-6.8,18.8
-6.8,18.7
-6.7,18
-6.7,16.9
-6.2,16.4
-4.3,13
-3.9,11.7
-4.5,11.8
-4.4,11.6
-4.7,11.8
-4.3,11.5
-4.3,11.5
-4.4,11.3
-4.6,11.1
-4.8,11.4
-4.4,11.6
-4.1,12.7
-3.7,12.7
-3.7,13.5
-3.8,14
-3.7,13.8
-3.8,14.8
-3.8,15.1
-3.8,15
-3.7,15.1
-4.2,15.2
-3.8,14.6
-3.6,12.9
-4.4,13.7
-4.3,12.4
-4.8,12.5
-5,12.1
-4.5,11.6
-4.3,11.3
-4.8,11.4
-4.3,11.1
-4.3,10.6
-3.9,10.6
-4.2,12.3
-3.4,11.4
-3.6,10.9
-4.1,11.3
-3.8,11.7
-3.8,12.4
-3.8,13
-3.8,13.6
-3.9,14
-4.1,14.5
-4,14.6
-3.8,14.4
-4.2,13.8
-3.8,13.2
-4.2,13.4
-4.4,12.4
-4.2,12.6
-4.4,12.3
-4.1,12.2
-3.9,13.4
-4.2,13.5
-3.5,13.7
-4.2,14.1
-4.5,14.8
20.9,12.2
-6.2,15.8
-6.3,14.3
-6.4,14.6
-6.4,15.2
-6.4,16.2
-6.5,17.2
-6.6,18
-6.6,18.5
-6.7,19
-6.7,19.1
-6.6,18.9
-6.5,18.4
-6.5,17.6
-6.5,16.9
-6.3,16.6
-6.3,16.4
-6.6,16.3
-6.6,16.2
-6.3,16
-6.3,15.4
-6.6,15
-6.2,14.6
-6.4,14.4
-6.1,14.6
-6.1,15.2
-6.9,15.4
-6.5,15.6
-6.5,15.6
-6.4,16.1
-6.4,16.6
-6.4,17.4
-6.4,17.6
-6.5,18
-6.5,18.1
-6.5,18.1
-6.5,17.9
-6.8,17.5
-6.1,17.6
-6.4,17.4
-6.4,17
-6.6,16.4
-6.3,15.6
-6,15.3
-6,15.2
-6,14.9
-5.9,14.4
-5.9,14.5
-5.9,14.7
-6,15.2
-6.4,15.8
-6.4,16.1
-6.3,15.5
-6.4,16.2
-6.4,17.2
-6.8,17.6
-6.4,18.1
-6.4,18.4
-6.4,18.5
-6.7,18.5
-6.5,18.5
-6.5,18
-6.5,17.8
-6.5,17.5
-6,16.4
-5.9,15.8
-5.9,15.7
-5.9,15.5
-5.8,15.1
-5.8,14.7
-5.8,14.7
-5.8,14.6
-5.8,14.5
-5.9,15
-6.2,15.4
-6.2,15.5
-6.3,15.2
-6.3,15.8
-6.3,16.8
-6.3,17.7
-6.4,18.3
-6.4,18.9
-6.4,19.1
-6.5,18.9
-6.7,18.3
-6.4,17.4
-6.1,16.7
-6.5,16
-6.4,15.7
-5.9,16
-5.9,16.4
-5.8,16
-5.7,15.1
-5.8,15.2
-5.8,15
-5.8,14.6
-5.9,15.5
-6,17.2
-6.3,15.5
-6.2,15
-6.3,14.9
-6.5,15.8
-6.5,16.8
-6.5,17.6
-6.4,17.7
-6.8,17.9
-6.5,18.2
-6.5,17.8
-6.5,17.2
-6.8,16.6
-6.2,16.2
-6.2,16.1
-6.3,15.1
-6,14.4
-6,16.5
-6.1,16.3
-6.1,15.5
-6.1,15.7
-6.1,17.2
-6.2,18.1
-6.2,18.7
-6.3,16.1
-6.6,15.7
-6.8,15.3
-6.5,15.4
-6.5,16.2
-6.5,16.8
-6.5,17.2
-6.5,17.8
-6.5,18.1
-6.8,18
-6.5,17.4
-6.5,17.1
-6.9,16.5
-6.1,15.6
-6.6,15
-6.1,14.6
-6.3,14.5
-6.3,15.2
-6.3,15.2
-6,15.1
-6.1,16
-6,16.8
-6,16.5
-6.3,16.3
-6.5,15.9
-6.6,15.7
-6.8,16.3
-6.8,16.8
-6.8,17.1
-6.8,17.2
-6.6,17.5
-6.6,18
-6.5,18.1
-6.8,18.5
-6.7,18
-6.7,17.3
-7,16.1
-6.7,15.8
-6.4,15.5
-6.7,15.7
-6.5,15.9
-6.7,15.6
-6.1,15.5
-6.3,15.6
-6.2,15.8
-6.3,16
-6,16.4
-6.5,16.2
-6.3,16.4
-6.6,16.5
-6.6,16.7
-6.5,17.1
-6.8,17.7
-6.4,18.4
-6.4,18.9
-6.9,18.7
-6.6,18.5
-6.5,18.9
-6.5,18.7
-6.7,18
-6.5,17
-6.3,16.4
-6.4,16.2
-7,16.2
-7,15.9
-7,15.7
-6.6,16
-6.7,16.1
-6.9,16.3
-6.7,16.1
-6.6,15.8
-6.4,15.7
-6.6,15.9
-6.9,15.9
-6.7,16
-6.6,16.5
-6.6,17.1
-6.7,17.8
-6.7,18.6
-6.8,19.1
-6.8,19.3
-7.1,19.6
-6.8,19.4
-6.9,19.4
-6.7,18.8
-6.8,18.3
-6.7,18
-6.7,17.5
-6.8,17.2
-6.7,16.9
-6.8,16.8
-6.5,16.6
-6.7,16.3
-6.7,16.1
-6.4,15.6
-6.7,15.7
-6.5,15.9
-6.6,16
-6.6,16.3
-6.6,16.6
-6.6,17.3
-6.6,18
-6.6,18.8
-6.6,19.3
-6.6,19.5
-6.7,19.4
-6.6,19.2
-6.7,19.4
-7,19.1
-6.4,18.7
-6.7,18.4
-6.7,18.1
-6.7,17.6
-6.5,16.9
-6.7,16.6
-6.3,16.2
-6.2,15.6
-6.1,15
-6.1,14.5
-6.1,14.4
-6.4,14.7
-6.8,14.9
-6.7,15.4
-6.6,15.8
-6.6,16.1
-6.7,17.1
-6.6,17.8
-6.6,18.4
-6.5,18.6
-6.5,18.5
-6.6,18.4
-6.6,17.7
-6.8,16.5
-6.2,15.7
-6.5,15.5
-6.5,15.2
-6.7,15.1
-6.6,14.6
-6.1,14
-6.2,14.6
-6.2,15.2
-6.2,14.9
-6.2,14.7
-6.2,14.8
-6.3,15.3
-6.6,15.2
-6.7,15.1
-6.9,15.7
-6.5,16.4
-6.5,17.2
-6.5,17.7
-6.6,18
-6.6,18.2
-6.6,18.3
-6.6,18.1
-6.5,17.6
-6.6,16.8
-6.3,16.2
-6.1,15.8
-6.5,15.5
-6.6,15.3
-6.6,15.6
-6.7,16.3
-4.5,12.7
-4.2,12.5
-4.1,12.3
-6.1,15.9
-6.1,15.6
-6.4,16.3
-6.7,15.8
-6.6,16.1
-6.6,16.5
-6.5,16
-6.4,16.6
-6.5,17.2
-6.6,17.9
-6.6,18.1
-6.5,18.3
-6.6,18
-6.6,17.3
-6.5,16.4
-6.5,15.8
-6.1,15.3
-6.6,14.8
-6.6,16.1
-6.6,16
-6.6,15.4
-6.4,15.2
-6.6,15.5
-6.3,15.7
-6.3,15.8
-6.7,15.9
-6.5,15.7
-6.7,14.9
-6.7,15.4
-6.8,15.3
-6.9,15.6
-6.7,16.6
-6.7,17.4
-6.6,17.9
-7,18.5
-6.7,18.5
-6.7,18.2
-6.7,17.3
-6.7,16.2
-6.4,15.4
-6.7,15.4
-6.3,14.9
-6.5,14.4
-6.6,15
-6.2,14.9
-6.8,16.1
-6.8,16
-6.3,16.1
-6.3,15.9
-6.2,16.1
-6.4,16.1
-6.7,15.6
-7.1,15
-6.7,15.1
-6.7,15.7
-6.8,16.6
-6.7,17.3
-6.7,18.2
-6.7,18.5
-6.9,18.8
-6.6,18.5
-6.5,18
-6.6,16.9
-6.5,16.2
-6.3,15.6
-6.6,15
-6.2,15.3
-6.4,15
-6.6,14.9
-6.2,14.6
-6.5,14.3
-6.3,14.4
-6.3,14.7
-6.4,15.2
-6.7,15.9
-6.7,15.3
-6.6,15.4
-6.6,15.4
-6.7,16
-6.9,16.9
-6.6,17.8
-6.7,18.5
-6.6,18.9
-6.6,19
-7,19
-6.6,18.5
-6.8,17.7
-6.8,17.4
-6.4,17
-6.7,16.4
-6.7,15.7
-6.3,15.2
-6.4,15.4
-6.7,15.6
-6.7,15.7
-6.4,15.6
-6.4,15.4
-6.4,15.4
-6.7,15.2
-6.9,15.3
-6.9,16.1
-7,16.8
-7,17.3
-7.2,18.1
-7.1,19.3
-7.1,19.8
-7,19.7
-7.1,19.8
-7,19.4
-7.1,19.1
-6.4,18.2
-3.9,16.3
-4.1,15.7
-4.3,16.2
-4.2,16.3
-3.9,15.6
-4.3,15.9
-4.3,15.7
-3.8,15.5
-4.2,14.8
-3.9,14.9
-4,14.6
-3.9,14.3
-4.1,14.6
-4.1,15.1
-4.2,15.7
-4.1,15.8
-4.2,16.3
-4.2,16.3
-4.3,16.3
-4.3,16.8
-4.2,16.9
-4.2,16.7
-4.1,15.5
-4.2,14.7
-4.2,14
-3.7,13.3
-4.3,13.8
-4.2,13.6
-4.2,13.9
-4,13.1
-4.2,13.8
-4.2,13.7
-4.1,13.6
-3.9,14
-4.2,13.6
-4.1,13.6
-4.1,13.2
-4.2,14
-4.2,13.9
-4.1,14
-4.3,14.9
-4.3,15.8
-4.4,16.3
-7.3,21.5
-4.3,16
-4.3,15.7
-4.3,15.3
-7.2,19.1
-5.9,16.6
-4.1,13.3
-4.1,13.3
-5.1,15.2
-4.8,15.2
-7.8,19.8
-7.2,19.3
-6.7,18.7
-4.5,14.8
-4.2,13.9
-4.1,13.9
17.9,11.8
75.3,5.37
9.68,14.2
-7.9,19.3
-7.3,17.6
-7.1,17.7
-7,17.8
-7.4,19
-7.7,19.9
-6.7,19.1
-4.4,16.3
-5.2,17
-4.9,14.5
31.7,10.4
76.3,4.85
70,5.89
62.4,7.6
70.3,6.21
75.2,5.25
74.5,5.44
66.6,6.32
74.5,5.33
74.6,5.26
74.6,5.15
74.9,5.17
50.1,9.25
8.73,12.5
38.3,9.17
44.9,8.76
26.5,13
75.2,6.89
75.1,7.26
75.3,7.28
59.9,8.22
-5.9,18.7
19.6,13.5
76.5,5.85
68.4,6.95
-4.2,12.3
-4.3,12.6
-4.2,12.6
-4.6,12.6
-4.2,12.6
-4.4,12.5
23.9,10.6
74.8,5.03
73.5,5.28
-3.9,16.2
-6.4,15.9
-6.3,15.3
-6.5,15.5
-6.6,15.8
-6.7,16.4
-6.8,17.1
-6.8,17.3
-6.9,17.5
-6.9,17.6
-7.3,17.4
-7,17.3
-4.2,14.2
-4.6,13.4
-4,12.7
-5.9,16.1
-4.4,12.6
-4.5,12.1
-4.7,12.6
-4.8,13
-4.6,12.9
8.32,13.2
53.9,8.85
71.2,5.82
14,13
-6.7,15.5
-6.7,15.6
-6.7,15.7
-6.6,15.8
-6.7,16.1
-6.8,16.7
-6.8,16.9
-6.8,16.9
-7.1,17.1
-6.8,17
-6.7,16.9
-6.7,16.7
-7,16.5
-6.9,17.7
-8.3,21.7
-5.9,15.3
-5.1,13.6
-4.9,13.6
-5.1,13.9
-4.9,14.2
-4.9,13.8
-4.9,13.6
-4.8,13.8
-3.9,14
-4.7,16.3
-4.3,14.1
-4.1,13.5
-4.3,14.4
-4.3,14.9
-4.3,14.8
-4.2,15.1
-4.3,15.5
-4.4,15.9
-4.2,15.3
-4.3,16
-4.3,15.7
-4.3,15
-4.2,14.7
-4.2,15.3
-4.4,15.4
-4.3,14.6
-4.5,15
-4.5,15
-4.4,14.6
-4.2,14.3
-4.1,14.2
-3.9,13.8
-4,13
-4,13.1
-4.2,13.4
-4.1,13.6
-4.2,14
-4.2,14.8
-4.2,15.5
-4.2,15.3
-4.2,16.1
-4.2,16.4
-4.5,16.2
-4.2,15.6
-4.2,15.4
-4.6,14.7
-4.3,14.7
-4.8,13.4
-4.3,13.2
-4.8,13.2
-4.5,12.9
-4.9,13.6
-4.7,13.6
-4.2,12.7
-4.1,13
-4,13.4
-3.8,13.5
-4,13.1
-3.9,13.5
-4,13.9
-3.9,13.6
-4,15
-4,15.6
-4,16
-4,15.9
-4,16.7
-4,16.8
-3.8,15.5
-3.9,15.5
-4.1,14.6
-4.1,13.9
-4,13.2
-4.9,15.4
-5.2,15.1
-4.4,14
-4.3,13.9
-4.5,13.8
-4.6,14.6
41.7,10
95.3,5.47
36.9,11.3
-6.8,16.3
-6.5,15.4
-6.7,15.6
-6.8,15.7
-6.8,15.9
-6.7,16.2
-6.8,16.5
-6.5,16.7
-4,14.4
-4,14.7
-4,14.3
-4.2,13.7
-3.9,12.3
-4,13.2
-4.7,14.1
-4.1,13.4
11.2,12
137,3.1
50.1,8.89
-6.8,16.8
-8.1,15.7
-7.6,16.7
-7.6,15.1
-7,16.8
-6.1,15.2
-6.2,15.5
-6.4,15.8
-6.4,16.1
-6.5,16.7
-6.5,17
-6.6,17.2
-6.6,17.3
-6.6,17.3
-6.6,17.1
-6.9,16.8
-6.4,16.4
-6.4,15.8
-6.8,15.6
-6.3,14.9
-6.7,15
-6.5,15.1
-6.7,15.2
-6.3,15.2
124,5.08
175,-0.00016
68.3,7.35
53.3,6.48
11.3,14.8
-6,15.1
-6.1,15.5
-6.1,15.7
-6.2,16
-6.3,16.2
-6.3,16.3
-6.3,16.5
-6.2,16.4
-6.1,16.4
-6.6,16.9
-6.2,16.7
-6.2,16.3
-6.5,15.7
-6.2,15.4
-6.7,15.6
-6.6,15.7
-7.2,17.3
-7,15.4
31.5,10.2
-3.3,14.5
19.2,11.3
-7.4,16.4
-6.3,15.1
-6.6,15
-6.6,15.2
-6.7,15.6
-6.8,15.7
-6.8,15.8
-6.8,16
-6.8,16.5
-6.7,16.8
-6.8,17.2
-6.8,17.3
-6.9,17.5
-7.3,17.7
-7.1,17.2
-6.8,16.8
-6.8,16.6
-6.6,16.6
-6.5,16.3
-6.7,16.2
-7.1,16.3
-7,16.3
-6.6,16.5
-6.9,16.7
-6.8,16.4
-6.6,16.1
-6.6,16.1
-7,16
-6.9,16.2
-7,16.5
-7.1,16.8
-7,16.8
-7.1,17
-7.6,17.5
-7.2,17.6
-7.1,17.7
-7,17.6
-7.1,17.7
-7.5,17.5
-7.1,17.1
-6.8,16.8
-7,16.7
-7,16.8
-7.1,16.5
-7.1,16.4
-7.2,16.4
-7.1,16.3
-7.2,16.2
-7,16
-6.9,15.9
-6.7,15.9
-7,15.8
-7,15.7
-7.2,16
-7.2,16.1
-7.2,16.8
-7.3,17.1
-7.3,17.4
-7.3,17.5
-7.3,17.4
-7.2,17.3
-7.4,17
-7.2,16.3
-7.1,15.9
-6.2,15.3
-4.7,12.6
-4.8,12.5
-5.2,13.1
-5.1,12.6
-4.8,12.5
-4.8,12.9
-4.6,14.5
-4.3,13.7
-4,13.6
-3.8,13.2
-4.1,13.8
-4.2,14.3
-4.1,13.9
-4.1,14
-4.2,15.1
-4.3,15.4
-4.3,15
-4.4,15.6
-4.4,15.5
-4.5,15.3
-4.2,14.8
-4.2,14.3
-4.7,13.8
-4.2,13.1
-4.3,13.4
-3.8,13.3
-4.2,13.3
773,1.21
1510,-12
1440,-16
1390,-14
683,-2.9
-5.9,15.5
-6.1,15.4
-6.3,14.9
-6.3,15.4
-6.3,16.1
-6.4,16
-6.4,16.6
-6.6,16.9
-6.7,17.5
-6.8,17.7
-6.8,17.7
-6.8,17.4
-6.9,17
-7.3,16.3
-7,15.9
-7,15.7
-6.7,15.4
706,-0.18
1390,-11
1200,-16
986,-18
763,-16
963,-18
978,-13
607,-9.9
-6.1,15.8
-6.4,15.8
-6.5,15.9
-6.5,16.5
-6.5,16.8
-6.6,17
-6.7,16.6
-6.7,16.9
-6.8,17
-6.8,17.1
-7,17.4
-7.1,17
-7,15.9
-7.5,17.1
-7.4,15.5
-5.9,14.8
-4.8,14.2
-4.6,14
-4.5,13.7
-4.8,14.1
-4.5,13.7
-4.9,15
-4.4,14.8
-4.3,14.8
-3.8,14.6
-3.7,13.4
-3.8,14.2
-3.8,14.8
-4.1,15.3
-3.8,14.7
-3.9,15.7
-3.9,16.3
-4.1,15.9
-4,16.6
-4.1,16.5
-4,16
-4.2,15
-4.4,15.4
-3.9,13.3
-4.9,13.4
-4.6,13.4
-4.6,13.4
-4.5,13.4
-4.7,13.2
-4.8,13
-4.6,12.8
-4.7,12.9
-4.5,12.4
-4.2,14
-3.7,13.4
-3.7,13.4
-3.8,14.1
-3.8,14.8
-3.7,14.5
-3.9,15.5
-3.9,16.2
-3.9,16.3
-4.2,16
-3.9,16.8
-3.8,16.6
-3.7,15.3
-4.1,15.3
-4.6,16.1
-4.5,14.2
-4.6,14.1
-4.5,13.8
-4.6,13.7
-4.6,13.3
-4.2,13.3
-4.2,13.2
-4.3,13.5
-4.3,14.4
-3.9,14.7
-4,14.5
-3.9,14.1
-4.1,15.1
-4,15.4
-4,15.7
-3.9,16
-4.1,16.9
-4,17.1
-4,16.7
-4.1,17.5
-7.3,22.8
-7.7,23.7
-4.1,16.9
-4,16.5
-4.1,16.3
-6.6,19.6
-8,21.6
-7.6,21.3
-7.8,21.2
-7.5,21.2
-7.6,20.9
-7.2,20.7
-7.4,20.7
-7.3,20.3
-6.7,19.8
-4.1,14.5
-4.2,14.4
-4,14.7
-3.9,15.1
-4.4,15.1
-4.3,16.4
-7.6,22.3
-7.4,22.3
-7.5,22.3
-7.5,22
-5.6,17.8
-4,14.4
-4.1,14.1
-4.3,14
-4.9,14.6
-7.6,19.2
-4.6,11.5
0.00183,0.000235
-8.5,13.1
-6.9,16.5
-8.1,21.3
-7.5,19.4
-7.1,18.7
-7.1,18.4
-7.4,18.8
-7.1,19.2
-7.1,19.8
-4.7,16.3
-4.2,15.4
-3.9,15.2
-3.9,15.9
-4,15.8
-6.6,19.2
-7.4,21.4
-7.2,20.6
-7.1,19.6
-7.3,18.9
-4.9,15.3
-3.7,12.8
-4.3,13.6
-0.029,0.114
-4,7.32
-7.6,17.4
-7.5,19.4
-7.5,19.5
-7.1,19.2
-7.2,18.9
-6.7,18.8
-3.8,13
-3.9,13.5
-4.1,14.2
-3.9,14.7
-3.8,14.8
-3.9,15.8
-4.9,17.3
-7.7,22.1
-7.2,21.9
-7.3,21.7
-4.3,15.8
-4,14
-3.7,13.2
-3.9,13.5
-4.1,13.9
-4.3,13.9
-4.2,13.6
-3.9,13.8
-4.3,13.8
-4,13.8
-7.9,19.8
-7.3,19.9
-5.9,17.9
-4.1,14.3
-4,14.2
-4,13.9
-4.1,14.7
-4.1,15
-4.1,14.9
-4.2,15.6
-4.6,15.9
-4.1,15.7
-4.1,15.3
-7.9,21.5
-7.6,20.9
-7.5,19.9
-5.6,16.7
-4.4,12.5
-4.8,12.6
-4.7,13
-4.4,12.9
-4.6,12.8
-4.6,12.7
-4.9,12.9
-4.2,14.3
-3.9,13.8
-4,13.7
-3.7,13.3
-3.7,13.5
-3.8,13.7
-3.8,14.2
-3.7,14.1
-3.9,15.2
-4.2,15.3
-3.8,15.3
-3.8,15
-3.9,15.5
-4.3,15.4
-3.7,14.2
-3.9,14.1
119,12.2
938,-12
89.1,8.88
281,-0.51
210,0.823
3.33,16.1
130,8.44
-0.22,16.6
25.7,13.5
7.72,14.8
-6.7,16.1
-6.3,15.2
-6.4,15.4
-6.5,15.8
-6.6,16.2
-6.4,16.3
-6.6,17
-6.6,17.4
-6.7,17.6
-6.7,17.8
-6.7,17.8
-6.5,17.8
-6.8,17.6
-6.8,17.1
-6.7,16.6
-7.1,16.4
-6.7,16.3
-7.1,16.5
-7,16.3
-7,16.4
-7,16.1
-6.6,15.9
-6.8,15.9
-6.5,15.9
-6.8,15.8
-6.7,15.9
-6.5,16
-6.5,16.2
-6.5,16.5
-6.6,16.9
-6.4,17.3
-6.5,17.6
-6.6,17.6
-6.5,17.6
-6.7,17.6
-6.9,17.5
-6.7,17.3
-6.5,17.2
-6.9,17
-6.6,16.9
-7,16.9
-6.9,16.8
-6.9,16.7
-6.9,16.4
-6.8,16.1
-6.6,16
-6.9,15.9
-6.6,15.7
-6.5,15.4
-6.8,14.9
-6.6,15.2
-6.6,15.6
-6.6,15.8
-6.4,16
-6.5,16.9
-6.6,17.5
-6.7,18.1
-6.9,18.3
-6.9,18.1
-7.1,17.9
-7.1,17.3
-7,16.4
-7,15.2
-6.8,15.4
-6.9,16.1
-7,16.1
-7,15.9
-6.9,16.1
-6.7,15.9
-6.8,15.8
-7.1,16.2
-6.7,16.3
-6.7,16.3
-6.6,15.6
-6.8,15.7
-6.8,15.4
-5.9,14.9
-4.1,14.1
-4,14.4
-4.1,15.2
-4.1,15.8
-4.2,16.1
-4.4,15.5
-4.3,16
-4.2,15.6
-4.1,14.4
-4.5,13.7
-4.2,13.4
-5.3,14.3
-5.6,15
-7.7,19.3
-7.5,19.1
-5.7,16.4
-3.7,12.9
-4.3,13.6
-4,13.6
-4,12.8
-3.9,12.6
-3.9,12.8
-4,13.1
-3.8,12.7
-4.3,13.6
-4.1,14.5
-4,14.2
-4.4,15.1
-4.2,15.4
-5.5,16.8
-6.9,20.2
-4.3,14.7
-3.9,14
-4,13.5
-4.5,13.1
75.8,5.85
68.6,6.35
75.2,5.41
76.2,5.59
76.4,5.94
57.2,7.81
232,2.22
162,5.52
118,8.71
-6.2,14.8
-6.3,14.9
-6.4,15.1
-6.5,15.4
-6.5,15.9
-6.6,16.3
-6.5,16.4
-6.6,16.5
-6.9,16.6
-6.9,16.7
-6.9,16.7
-7.5,16.7
-7.1,16.3
-4.2,13.5
75,10.6
740,-8.8
908,-13
806,-7.9
748,-6.6
912,-13
636,-7.7
884,-3.3
1230,-8.4
405,5.87
-6.5,16.2
-6.2,15.6
-6.2,15.5
-6.2,15.2
-6.4,15.4
-6.6,15.7
-6.6,16.1
-6.8,16.5
-6.9,16.5
-6.8,16.5
-6.8,16.5
-6.8,16
-6.5,15.4
-3.9,12.4
-4.4,12.6
-4,13
-4.3,13.3
-4.3,13.2
-5.5,15.7
5.72,15.5
6.95,13.6
19.3,12.6
-4.8,15.1
-4.2,14.1
-4.6,13.4
-4.3,13.8
-4.3,13.9
-4.2,13.4
-4.7,14.3
-4.6,14.5
-4.7,14.6
-4.5,14.7
-4.8,15.3
-4.5,15.3
-4.7,14.9
-4.5,15.4
-4.7,15.3
-4.4,14.7
-4.4,14.5
-4.2,14.6
-4.3,14.5
-4.3,13.9
-4,14.2
-4.2,14.3
-4.4,14.1
-4,14.1
-4.3,14.4
-4.1,14.3
-4.2,13.4
-4.4,14.2
-4.7,14.4
-4.3,14.2
-4.3,14.4
-4.4,15
-5.3,16.7
-8.1,22
-7.9,22.3
-7.9,22.5
-8,22.3
-8,22.3
-7.8,21.8
-4.6,15.8
-4.1,14.7
-4.2,14.5
-4.9,15.4
-4.7,15.1
-4.3,14.5
-3.9,13.7
-4.2,14.3
-4.3,14.2
-4,13.6
-4,13.6
-4.4,13.3
-4.4,13.5
-4.1,12.9
-4.4,13.4
-4.2,13.5
-4.4,13.5
-4.4,14.9
-4.7,15.3
-4.4,15.5
-4.5,14.9
-4.3,15.4
-4.8,15.3
-4.2,14.2
-4.2,14.1
-4.3,13.9
-4.4,14.1
185,5.73
645,-8.4
497,-6.2
559,3.86
998,-2.8
229,8.31
-7.2,16
-6.5,15.2
-6.6,15.2
-6.7,15
-6.7,15.2
-6.8,15.4
-6.8,15.6
-7,16.2
-7.1,16.6
-6.9,17
-6.9,17.1
-6.8,17.2
-6.8,17.3
-7,16.8
-6.7,16.5
-6.8,15.9
76.6,12.7
1210,-10
88.6,13.1
567,-5.9
891,-7.8
997,-11
830,-11
1100,-7.8
801,-8.4
22.5,14.3
-6.4,14.6
-6.5,14.9
-6.6,15.1
-6.6,15.4
-6.5,15.6
-6.7,16.2
-6.9,17
-7,17.1
-7.1,17.1
-7.1,16.7
-7.2,16.5
-7.2,16.1
-7.1,15.7
-7,14.8
-6.8,14.6
-6.9,14.3
-7,14.6
-6.6,14.8
-6.9,15.1
-6.8,15.3
-6.9,15.3
-6.9,15.5
-6.6,15.3
-6.7,14.9
-6.9,14.4
-7,14.6
-7.3,15
-4.2,13
-4.4,13.6
-4.8,14.2
-4.8,14
-4.8,14.7
-5,14.6
-4.9,14.1
-6.8,17.3
-8.6,19.9
-8.2,19.2
-8,18.5
-8.1,18.4
-6.7,17.5
-4.3,13.8
-4.3,13.2
-4.4,13.4
-4.2,13.4
-4.7,13.7
-4.3,12.9
-4.1,13.2
-3.9,12.7
,
,
,
,
,
,
,
,
,
,
,
,
,
,
,
,
,
-3.9,12.8
458,-1.2
978,-20
693,3.28
646,-4.1
157,10.5
-6.2,15.5
-6.5,15.7
-6.6,16
-6.7,16.3
-6.7,16.6
-6.9,17
-7,17.4
-7,18.1
-7,18.5
-7.1,18.7
-7.3,18.5
-7,18.4
-7.1,18.2
-7,17.5
-7.1,17.2
-6.9,16.6
-6.6,16.8
-7,17.2
-7,16.8
-7,16.6
-7,16.5
-6.9,16.6
-6.2,16.6
-4,14.7
-4.2,13.9
-4.5,14.1
-4.5,14.2
-4.4,13.8
-4.4,14.4
-4.4,14.7
-4.7,14.8
-4.3,14.9
-4.4,15.3
-4.4,15.3
-4.3,14.6
-4.6,15
-4.6,14.9
-4.4,14.4
-4.3,13.7
-7.2,18.8
-7.7,20.7
-7.5,20.8
-7.7,21.3
-7.8,21.6
-7.3,21.3
-4.4,14.9
-4.3,15.1
-4.2,14.7
-4,14
-4.2,13.1
-4.3,13.5
-4.6,13.5
-4.2,13.2
-4.3,14
-4.6,14.4
-4.3,14.8
-4.5,14.7
-4.5,15.4
-7.8,20.4
-7.2,20.4
-4.7,15.2
-4.3,14.3
-4.6,14.1
-4.2,14
-4.3,13.5
273,1.44
-6,17.3
-6.4,15.7
-6.8,15.6
-6.6,15.4
-7.5,16.7
-7.3,16.2
-6.6,15.2
-6.8,14.8
-6.9,15.1
-7,15.4
-7.1,15.4
-7,15.6
-7.1,16
-7,16.6
-7,17.2
-7,17.4
-7,17.5
-7.4,17.6
-7,17.1
-7.3,16.7
-6.9,16
-7,15.8
-6.6,15.4
508,-5.7
346,0.919
-6.4,15.7
3.09,14.9
742,-9
738,-13
252,3.34
-6.3,15.2
-6.5,15
-6.6,15.2
-6.6,15.5
-6.7,15.7
-6.8,16.1
-6.9,16.6
-7,17.1
-6.9,17.3
-7,17.8
-7.1,17.8
-7,17.3
-7,16.9
-7.2,16.5
-7.3,15.8
-6.9,14.8
-6.6,14.7
-7,14.9
-6.7,15
-7.1,15.1
-7,15.4
-7,15.3
-6.4,15.5
-3.9,13
-4.3,13
-4.3,13
-4.4,13.2
-4.2,13.2
-4.5,14.1
-4.5,14.5
-7.8,19.9
-7.9,21.7
-8.2,21.5
-8,21.4
-8.2,21.4
-6.2,18.7
-4.6,14.7
-5,15.1
-4.4,14.7
-4.6,14.5
-5.6,16.7
-7.5,20.5
-7.8,20.9
-5.2,16.5
-4.3,15.3
-4.2,14.8
-4.2,15.3
-4.1,15.3
-4.3,14.4
-4.4,14.6
-4.4,14.8
-6.5,18.6
-8,20.6
-5.1,16.6
-4.3,15
-4.5,15.6
-4.4,16.1
-4.9,16.5
-4.2,15.7
-8.2,22.6
-7,20.9
-4.3,15.8
-4.5,14.9
-4.2,15.6
-4.4,15.5
-4.3,15.2
-4.4,15.6
-4.5,15.6
-4.4,15.4
-4.3,14.8
-4.1,15.3
-4.1,15.3
-4.1,14.4
-4.3,14.5
-4.4,14.8
-4.6,14.9
-4.2,14.4
-4.3,15.3
-4.6,15.7
-4.3,15.5
-4.5,16.4
-5.5,18
-8.4,22.6
-4.6,16.9
-4.5,16.6
-4.4,15.9
-4.4,15.5
-4.2,15.6
-7.6,21
-7.9,21.9
-7.7,21.8
-7.8,21.9
-7.3,21.7
-5.4,17.9
-3.8,15
-3.9,15.6
-4.3,15.5
-4.4,15
-4.3,14.6
-4.5,15.3
-4.5,15.4
-4.4,15
-4.6,15.7
-5.5,17.3
-8,22.1
-8,22
-8.1,21.6
-7.6,21.5
-4.3,15.1
-4.6,15
-4.6,15.1
-3.8,14.5
-4.3,15.4
-4.5,15.7
-4.5,15.3
-4.9,15.4
-4.3,15.3
-4.3,15.3
-4,14.6
-4.1,15
-4.1,14.8
-4.2,13.7
-4.6,14
-4.2,14.2
-4.3,14.4
-4.5,14.2
-4.4,15.3
-4.4,15.8
-4.6,15.7
-4.5,16.3
-4.4,16.5
-4.4,16
-6.8,19
-5.7,17.6
-4.5,14
-4.4,14.1
-4.1,13.8
-4.2,13.3
-4.2,13.7
-4.3,13.7
-4.1,13.6
-3.9,13.3
-4.4,13.9
-4.1,13.8
-4.1,13.2
-4.3,13.5
-4.3,13.8
-4.3,13.9
-4.4,14
-4.5,14.9
-4.6,15.5
-4.4,15.4
-4.8,16.4
-4.4,16.1
-4.5,16.2
-4.3,15.8
-4.6,16.1
-4.5,15.4
-4.5,14
-4.9,15
-6.1,16.7
-4.7,13.6
-4.6,13.3
-4.7,13.4
-4.7,13.1
-7.5,19
-7.7,19.8
-4.9,14.3
-4.4,13.6
-4.2,13
-4.6,13.7
-4.4,14.1
-4.5,14.2
-4.4,13.8
-4.6,14.6
-4.5,15.3
-4.8,15
-4.5,15.9
-4.8,16.3
-4.4,16.5
-4.6,15.6
-4.5,15.7
-4.5,14.7
-4.4,13.5
-4.2,14
-4.4,14.2
-4.5,14.1
-4.2,13.2
-4.4,13.6
-4.2,13.4
-4,13.1
-4.3,13.4
-4.3,13.5
-4.4,13.1
-4.2,13
-4.4,13.9
-4.6,14.1
-4.2,13.4
-4.4,14.4
-4.4,14.9
-4.4,15.3
-4.6,15
-4.4,15.6
-4.4,15.7
-4.4,15
-4.6,15.1
-4.5,14.6
-4.2,14.1
-4.4,13.4
-4.3,14
-4.5,14.1
-4.1,13.4
-4.3,13.6
-4.5,13.6
-4.4,13.4
-3.9,12.9
-4.2,13.4
-4.4,13.2
-4.3,12.9
-4.4,13.8
-4.4,14
-4.5,14.5
-4.3,14.2
-4.9,15.4
-4.4,15.5
-4.2,14.9
-4.5,15.3
-4.7,15.6
-4.6,15.5
-4.4,14.4
-4.5,14.1
-4.2,13.9
-4.1,13.5
-4.4,14.2
-4.4,14.4
-4.5,14.3
-4.2,13.7
-4.5,14.1
-4.3,14
-3.9,13.4
-4.1,14
-4.4,14
-4.4,14.1
-4.3,13.6
-7.7,19.6
-7.9,20
-7.8,20.5
-5.5,16.9
-4.3,14.2
-4.4,14.9
-4.8,15
-4.4,14.4
-4.4,14.6
-4.4,14.8
-4.7,14.2
-4.8,15.2
-8,20.6
-7.9,20.8
-6,17.4
-4.3,14.4
-4.8,14.8
-4.4,14.5
-4.4,14
-4.4,14.2
-4.3,13.7
-4.3,12.6
-4.4,13.4
-4.8,13.8
-4.4,14
-4.3,13.7
-4.5,14.7
-4.8,14.8
-4.4,14.8
-4.6,15.3
-4.8,15.3
-4.4,14.9
-4.4,14.6
-4.9,15.1
-4.5,14.7
-4.4,14.2
-4.1,14.5
-4.4,14.4
-4.2,14.6
-4.3,13.8
-4.2,14.2
-4.3,14.2
-4.2,13.7
-5.5,16.6
-7.9,19.3
-7.8,18.4
-7.7,18.4
-7.6,18.5
-7.6,18.6
-7.8,19.3
-7.8,20.3
-8.3,20.9
-7.7,20.7
-8.3,20.9
-8.3,21.2
-8.1,21.1
-8.4,21
-8.6,20.3
-8,19.3
-8.5,18.9
-8,18.2
-7.9,18.6
-7.8,18.9
-7.9,18.8
-7.4,19
-7.5,19.1
-7.1,19
-6.9,18.4
-4.1,13.1
-4.6,13
-4.4,13.4
-4.7,13.8
-4.5,14
-7.4,19.5
-8.1,21.1
-7,20.2
-4.7,16.2
-4.1,15.4
-4.6,16.1
-6.9,20.7
-7.7,21.9
-7.6,21.3
-6,17
-4.1,13.9
-4,14
-3.9,13.8
-5.5,16.2
-7.7,20
-5.5,16.8
-4.3,14.2
-4.5,14.6
-4,14
-5.8,16
-7.7,18.6
-7.5,18.7
-4.5,13.6
-4.3,13.8
-4.3,14.3
-4.4,14.4
-6.1,17.6
-7.9,21.2
-5.9,17.8
-4.3,15.6
-4.3,15.8
-4.7,15.7
-4.2,14.4
-7.8,19.7
-8,19.5
-7.3,19.5
-7.4,19.6
-4,13.8
-4.2,14
-4.4,14
383,-2.9
713,-15
375,0.0482
-6.4,15.6
-6.7,15.4
-6.8,15.6
-6.9,15.6
-7,15.7
-7.1,16.2
-7,16.4
-6.9,16.5
-7.4,17
-7.1,17
-7.2,17.5
-7.5,17.5
-7.4,17.4
-7.2,16.7
-7.1,16
-6.9,15.6
-7.2,15.7
-6.9,16.3
-5.2,14.3
-4.9,13.3
-4.2,14.2
-4,13.9
-4.3,13.8
-4,13.4
-4.1,13.2
-4.4,13.7
-4.4,14.2
-4.3,13.7
-4.5,14.4
-4.6,14.8
-5.2,16.5
-8.1,22.3
-6.8,20.4
-4.4,15.3
-4.7,15.1
-5.8,17.6
-8.2,20.8
-7.8,20
-8,19.3
-7.8,19
-7.3,18.7
-7.6,18.5
-7.2,18.7
-5.2,15.5
-4.1,13.2
-3.9,13.6
-4.3,13.5
-6.6,16.6
-8.1,18.3
-8.1,19.8
-6.9,18.4
-4.9,14.1
-7.2,16.8
-8.5,18.9
-8,19.1
-8.5,19.2
-8.5,19.6
-8.1,19.8
-8.4,20
-8.7,19.9
-8.2,19.7
-8.2,19.2
-7.8,18
-4.5,13.3
-4.2,12.6
-7.2,18.1
-7.8,19.2
-7.7,19.4
-6.7,18
-4.5,14.1
-4.2,13.4
-6.1,16.7
-7.4,19.1
-7.5,18.3
-7.8,19.1
-7.5,19.2
-5.2,15.6
-4.7,13.7
-4.6,14.3
-4.4,14.6
-4.8,15.4
-7.1,19.4
-7.9,21.3
-5.3,16.5
-4.4,15.2
-4.1,14.5
-4.3,14.8
-4.4,14.4
-7.2,19.5
-7.7,20.2
-5.1,15.9
-4.4,14.5
-4.4,14.3
-4.3,14.8
-4.2,15
-4.1,14.1
-4.2,14.3
-4.3,13.5
-4.3,13.5
-4.3,13.5
-4.5,14.3
-4.4,14.6
-4.3,14.5
-4.5,15.7
-5.3,17.2
-8.2,22.3
-8,22
-6.4,18.8
-4.4,15.4
-4.4,14.7
-4.2,13
-4.5,13.3
-6.9,17.7
-7.6,19.4
-7.4,19.1
-7.5,19.6
-4.4,14.1
-4.4,14.2
-4.3,14.1
-4,14.1
-4.3,13
-4.4,13.4
-4.4,13.8
-4.3,13.9
-4.4,13.9
-4.4,14.5
-4.5,15.1
-4.7,15.1
-4.5,15.8
-4.5,16.2
-4.5,15.7
-6.1,18.4
-8,21.8
-8,20.8
-5.9,17.1
-4.1,13.6
-4.4,13.7
-4.8,13.5
-4.7,13.4
-4.6,13.9
-4.4,13.9
-4.2,13
-4.9,14.9
-3.9,13.6
-4.1,13.6
-4.3,13
-4.4,13.5
-4.4,13.9
-4.3,13.6
-4.4,14.5
-4.4,14.8
-4.4,15
-4.3,14.9
-4.6,15.6
-4.7,15.7
-4.5,15.1
-7.9,21.2
-7.6,20.4
-7.5,19.8
-6.3,17.3
963,-9.8
196,12.9
-6.5,15.3
-6.5,15.7
-6.7,16.1
-6.9,16
-7,16
-7.3,15.8
-5.2,13.7
-4.2,11.9
-4.4,13.3
-4.4,13.7
-4.3,13.4
-4.3,13.6
-4.4,13.7
-4.7,14.6
-4.5,14.6
-6.6,17.5
-7.9,20.6
-8.3,20.4
-7.9,20.3
-8,19.8
-4.4,13.6
-4.4,13.2
252,6.72
-6.6,15.5
-6.7,15.4
-6.8,15.4
-6.5,15.5
-6.9,15.5
-6.5,15.4
-6.9,15.3
-6.7,14.7
-7,15
-7.1,15.1
-6.6,15.2
-4.3,13.3
-4.3,13.2
-4.3,13.7
-4.3,13.9
-4.2,13.8
-4.8,14.4
-4.4,14.1
-4.7,13.8
-5.7,16.3
-8,19
-7.4,18.4
-7.5,18.6
405,-3.2
734,-13
527,-6.1
1000,-12
1010,-6.6
1120,-12
1180,-11
712,0.689
-6.2,15
-6.5,14.6
-6.6,14.9
-6.7,14.6
-6.8,14.6
-6.9,15
-7.1,15.1
-7.6,15.4
-7.4,15.9
-7.4,15.9
-5.5,14.3
-4.9,13.9
-5.8,14.6
-5.2,14
-5.6,13.1
-7.1,15.6
-7.7,18.6
-8,18.9
-7.5,19
-7,18.6
-4.4,14
-4.4,13.5
-4.3,14
-4.3,13.8
-4.1,12.9
-4.2,12.6
-4.2,12.6
-4.2,12.7
-4.1,12.2
-7.9,18.2
-7.5,18.9
-6.7,17.6
-4.3,14.2
-4.5,14.2
-4.3,15
-4.2,15
-5.7,16.2
-8.2,20.1
-7.9,19.8
-6.6,18.3
-4.3,14.3
-4.3,14.2
-4.4,14.8
-4.3,14.8
-4.2,14.2
-4.2,14.4
-4,14.6
-4,14.3
-6.6,17.7
-6.1,16.3
-4.3,13.2
-4.4,13.2
-4.5,12.8
-4.4,13.5
-7.5,18.7
-6.7,18.6
-4.6,14.8
-4.2,14.5
-4.3,15
-4.4,15
-5.1,15.3
-8,20.4
-7.7,19.3
-7.4,18.5
-6.5,16.8
-5.6,17.6
-4.3,13.6
-4.4,13.8
518,1.43
873,-14
768,-11
245,0.413
-6.5,15.8
-6.4,14.8
-6.5,15.3
-6.7,15.3
-6.8,15.1
-6.9,15.7
-6.9,16.1
-7,16.8
-7,16.9
-7.3,16.9
-7.1,16.9
-7.3,16.9
-7.1,16.7
-7.2,16.5
-7.5,15.9
65,11.6
555,-12
338,-3.9
-6.8,17.9
-6.2,15.6
-6.3,15.6
142,10.7
1100,-12
331,3.94
-6.3,15.5
-6.4,15.2
-6.6,15.3
-6.8,15.5
-6.8,15.9
-6.9,16.3
-7,16.9
-7,17.2
-7,17.3
-7.3,17.4
-7,17.5
-7.2,17.5
-7.2,17.4
-7.2,16.8
-7.4,15.9
-7,15.3
-6.7,15.6
-7.1,15.7
-7.2,16
-7.1,15.9
78.5,11.4
689,-4.4
1230,-11
378,5.76
-6.2,15.6
-6.7,15.6
-6.6,15.7
-6.6,15.8
-6.7,15.9
-6.7,15.9
-6.8,16.6
-6.9,17.1
-7,17.4
-7,17.6
-7.1,17.6
-7.2,17.5
-7.3,17.5
-7.1,17.1
-7.2,16.7
-7.3,16.1
527,5.02
980,-11
89,8.91
191,2.02
-6.1,15.9
-6.1,15.5
-6.2,15.3
-6.3,15.4
-6.6,15.1
-6.7,14.7
-6.8,15.5
-6.8,15.8
-7,16
-7.1,16.4
-7.2,16.7
-7.5,16.9
-7.2,17.4
-7.1,17.9
-7.5,18.1
-7.2,18.2
-7.3,18
-4.5,15.8
-4.5,15.5
-4.3,15.4
-4,14.7
-4.4,15.2
-4.1,15.1
-4,14.4
-4,14.8
-4.1,14.8
-4.2,14.7
-3.7,13.6
-4.3,13.9
-4.3,13.6
-4.3,13.7
-4.7,15.1
-7.9,20.4
-8.1,20.6
-7.7,20.6
-7.7,20.7
-6.4,18.2
-4.4,15.4
-4.9,15.6
-4.3,14.9
-4.4,15.3
-4.8,15.2
-4.5,15.1
-6,17.4
-7.9,21.2
-7.9,21.7
-7,20.9
-4.5,16.1
-4.4,15.7
-4.4,16.1
-4.1,16.2
-4.3,15.4
-4.2,15.3
-4.4,14.5
-4.5,14.5
-4.4,14.3
-5.8,16.7
-7.8,20.3
-7.7,20.5
-7.7,20.8
-5.8,17.9
-4.5,15.8
-4.4,15.6
-4.7,15
-4.4,14.8
-4.7,14.7
-5.8,16.6
-7.6,20.1
-5.8,17
-4.4,15.1
-4.3,15.1
-4.6,15
-4.9,15.4
-7.7,20.4
-7.3,20.2
-5.3,16.6
-4.2,13.4
-4.5,13.3
-4.4,13.4
-6.9,17.3
-7.9,19.9
-5.6,16.1
-4.3,13.6
-5.2,15.2
-7.9,20.1
-8.1,20.6
-7.9,20.4
-8.4,20.6
-7.8,20.1
-8.2,19.7
-8.1,19.3
-7.7,18.8
-7.6,18.8
-7.2,18.7
-7.6,18.9
-7.5,18.8
-7.3,18.6
-5,15
-4.1,13.5
-3.9,12.8
-4.2,13
-4.6,13.1
-4.1,13.5
-7.4,19.7
-7.8,19.7
-7.6,20
-7.6,20.3
-4.7,15.4
-4.7,15.3
-4.5,15.5
-4.6,14.9
-5.1,16.8
-8,21.1
-8,20.2
-8.3,19.3
-7.5,18.7
-7.8,18.7
-7.5,19
-7.6,19.3
-7.3,19.6
-7.6,19.6
-7.3,20.3
-7.6,20.4
-7.2,19.8
-7.4,19.3
-7.8,18.3
-7.5,18.3
-8.2,18.9
-4.9,13.7
-4.7,13.9
-5.1,14
-6.1,15.6
-8.3,20.3
-8.7,20.4
-8.9,20.5
-8.7,20.5
-9,20.3
-8.9,20.2
-8.8,20
-8.8,19.8
-8,20.1
-8.1,20.1
-7.7,19.9
-7.6,19.9
-7.6,20.3
-7.5,20.3
-7.2,20
-7,19.8
-4,13.5
-4.9,13.5
-4.5,14
-4.9,14.2
-6.2,16.5
-8.4,19.9
-8.3,20.3
-8.4,20.3
-6.9,18.5
-5.1,14.7
-4.7,14
-6.7,18
-8.2,20
-7.9,19.3
-7.7,18.7
-7.8,18.8
-6,16.8
418,8.8
-6.1,16.1
-3.5,14.9
-3.5,15.1
-3.4,14.1
-3.3,14.5
,
,
,
,
,
,
,
,
,
,
,
,
,
,
,
,
,
,
,
,
,
,
,
,
,
,
,
,
,
,
,
,
,
